-- Szerintem ez most nem sikerült annyira jól. Nekem nem igazán tetszik.
-- A törölt felhasználói állapot része okoz némi fejtörést számomra:
--
-- Ha törölt, akkor törölhetnénk a user_personal_informations (röviden: UPI) táblában lévő adatát.
-- Viszont a jelszavára és a régi jelszavára és még egy-két tábla adataira sem lenne már szükség
-- ezért azok mutathatnának az UPI táblára, hogy törléskor automatikusan törlődjenek
-- de így olyan furcsán nézne ki az összkép.
--
-- Egy másik dolog még: a created_at & updated_at oszlopok >
-- Ha sokféle oszlop van, akkor nem tudom mennyi hasznot hordoz.
-- Ha netán mindent külön számontartok (email, admin, mod, telephone..),
-- az pedig túlzásnak tűnik (pl. nem akarom, hogy óránként nevet változtasson vagy azt máshol kellene megvalósítani?).
--
-- Minden táblába rakni egy darab created_at, updated_at oszlopot pedig nem tudom mennyire jó ötlet,
-- bár a sequelize* épp alapból ilyesmit csinál, de az valószínűleg más célt szolgál
-- * https://sequelize.org/docs/v6/core-concepts/model-basics/#timestamps


DROP DATABASE IF EXISTS bsze3_blog;


CREATE DATABASE bsze3_blog
    CHARACTER SET = 'utf8mb4'
    COLLATE = 'utf8mb4_hungarian_ci';


USE bsze3_blog;


CREATE TABLE users (
    id INT UNSIGNED NOT NULL AUTO_INCREMENT PRIMARY KEY,
    user_status ENUM('Active', 'Inactive', 'Deleted') NOT NULL
        DEFAULT 'Inactive' COMMENT 'A felhasználó jelenlegi állapota',
    created_at TIMESTAMP
        DEFAULT CURRENT_TIMESTAMP COMMENT 'A felhasználó létrehozásának időpontja',
    updated_at TIMESTAMP
        DEFAULT CURRENT_TIMESTAMP
        ON UPDATE CURRENT_TIMESTAMP
) COMMENT = 'Felhasználói fiókok & aktivitási állapota';


CREATE TABLE user_personal_informations (
    user_id INT UNSIGNED NOT NULL PRIMARY KEY,
    display_name VARCHAR(70) NOT NULL COMMENT 'A felhasználó neve, amit mások is láthatnak',
    email VARCHAR(40) NOT NULL UNIQUE COMMENT 'A felhasználó emailcíme',
    telephone_number CHAR(14) NULL COMMENT 'A felhasználó telefonszáma 00-00-000-0000 formátumban',
    created_at TIMESTAMP
        DEFAULT CURRENT_TIMESTAMP
        COMMENT 'A felhasználó személyes adatainak a létrehozásának időpontja',
    updated_at TIMESTAMP
        DEFAULT CURRENT_TIMESTAMP
        ON UPDATE CURRENT_TIMESTAMP,
    CONSTRAINT chk_telephone_number_format
        CHECK (telephone_number REGEXP '\\d\\d-\\d\\d-\\d\\d\\d-\\d\\d\\d\\d'),
    CONSTRAINT fk_user_personal_informations__users
        FOREIGN KEY (user_id)
        REFERENCES users (id)
        ON DELETE CASCADE
        ON UPDATE CASCADE
) COMMENT = 'A felhasználók személyes adatai';


CREATE TABLE permissions (
    user_id INT UNSIGNED NOT NULL PRIMARY KEY,
    can_create_blog BOOLEAN NOT NULL
        DEFAULT FALSE COMMENT 'A felhasználónak van-e jogosultsága létrehozni egy blogot',
    can_delete_blog BOOLEAN NOT NULL
        DEFAULT FALSE COMMENT 'A felhasználónak van-e jogosultsága törölni egy blogot',
    can_edit_blog BOOLEAN NOT NULL
        DEFAULT FALSE COMMENT 'A felhasználónak van-e jogosultsága szerkeszteni egy blogot',
    CONSTRAINT fk_permissions__users
        FOREIGN KEY (user_id)
        REFERENCES users (id)
        ON DELETE CASCADE
        ON UPDATE CASCADE
) COMMENT = 'A felhasználók jogosultságai';


CREATE TABLE roles (
    user_id INT UNSIGNED NOT NULL PRIMARY KEY,
    is_administrator BOOLEAN NOT NULL DEFAULT FALSE COMMENT 'Adminisztrátor-e a felhasználó',
    is_moderator BOOLEAN NOT NULL DEFAULT FALSE COMMENT 'Moderátor-e a felhasználó',
    CONSTRAINT fk_roles__users
        FOREIGN KEY (user_id)
        REFERENCES users (id)
        ON DELETE CASCADE
        ON UPDATE CASCADE
) COMMENT = 'A felhasználók jogosultsági szerepkörei';


CREATE TABLE passwords (
    user_id INT UNSIGNED NOT NULL PRIMARY KEY,
    password_hash VARCHAR(84) NOT NULL COMMENT 'A felhasználó hashelt jelszava',
    expire_at TIMESTAMP NOT NULL
        DEFAULT TIMESTAMPADD(YEAR, 3, CURRENT_TIMESTAMP)
        COMMENT 'A jelszó lejárati dátuma, ami után már nem érvényes',
    CONSTRAINT fk_passwords__users
        FOREIGN KEY (user_id)
        REFERENCES users (id)
        ON DELETE CASCADE
        ON UPDATE CASCADE
) COMMENT = 'A felhasználók jelenlegi jelszavai';


CREATE TABLE old_passwords (
    id INT UNSIGNED NOT NULL AUTO_INCREMENT PRIMARY KEY,
    password_hash VARCHAR(84) NOT NULL COMMENT 'A felhasználó hashelt jelszava',
    expired_at TIMESTAMP NOT NULL COMMENT 'A jelszó lejárati dátuma, ami után már nem érvényes',
    user_id INT UNSIGNED NOT NULL,
    CONSTRAINT fk_old_passwords__users
        FOREIGN KEY (user_id)
        REFERENCES users (id)
        ON DELETE CASCADE
        ON UPDATE CASCADE
) COMMENT = 'A felhasználók lejárt, érvényét vesztett jelszavai';


CREATE TABLE last_logins (
    user_id INT UNSIGNED NOT NULL PRIMARY KEY,
    last_login_at TIMESTAMP NOT NULL
        DEFAULT CURRENT_TIMESTAMP COMMENT 'Az utolsó bejelentkezés időpontja',
    CONSTRAINT fk_last_logins__users
        FOREIGN KEY (user_id)
        REFERENCES users (id)
        ON DELETE CASCADE
        ON UPDATE CASCADE
) COMMENT = 'Az utolsó sikeres bejelentkezések időpontjai a felhasználói fiókokba';


CREATE TABLE failed_login_attempts (
    id INT UNSIGNED NOT NULL AUTO_INCREMENT PRIMARY KEY,
    user_id INT UNSIGNED NOT NULL,
    attempt_at TIMESTAMP NOT NULL
        DEFAULT CURRENT_TIMESTAMP COMMENT 'A bejelentkezési kísérlet időpontja',
    CONSTRAINT fk_failed_login_attempts__users
        FOREIGN KEY (user_id)
        REFERENCES users (id)
        ON DELETE CASCADE
        ON UPDATE CASCADE
) COMMENT = 'Sikertelen bejelentkezési kísérletek időpontjai a felhasználói fiókokba';


CREATE TABLE blog_entries (
    id INT UNSIGNED NOT NULL AUTO_INCREMENT PRIMARY KEY,
    title VARCHAR(70) NOT NULL COMMENT 'A blog címe',
    content TEXT NOT NULL COMMENT 'A blog tartalma',
    author INT UNSIGNED NOT NULL COMMENT 'A blogot létrehozó felhasználó (FK ID)',
    number_of_views INT UNSIGNED NOT NULL
        DEFAULT 0 COMMENT 'Hányszor tekintették meg a blogot a felhasználók',
    created_at TIMESTAMP
        DEFAULT CURRENT_TIMESTAMP COMMENT 'A blog létehozásának időpontja',
    deleted_at TIMESTAMP NULL COMMENT 'A blog "törlési" időpontja',
    CONSTRAINT fk_blog_entries__user_personal_informations
        FOREIGN KEY (author)
        REFERENCES user_personal_informations (user_id)
        ON DELETE CASCADE
        ON UPDATE CASCADE
) COMMENT = 'Blog bejegyzések & alap adatai';


CREATE TABLE blog_views (
    id INT UNSIGNED NOT NULL AUTO_INCREMENT PRIMARY KEY,
    blog_entry_id INT UNSIGNED NOT NULL,
    viewed_by INT UNSIGNED NULL COMMENT 'A felhasználó, aki megtekintette a blogot (FK ID)',
    viewed_at TIMESTAMP NOT NULL
        DEFAULT CURRENT_TIMESTAMP COMMENT 'Az időpont, amikor a felhasználó megtekintette a blogot',
    CONSTRAINT fk_blog_views__blog_entries
        FOREIGN KEY (blog_entry_id)
        REFERENCES blog_entries (id)
        ON DELETE CASCADE
        ON UPDATE CASCADE,
    CONSTRAINT fk_blog_views__users
        FOREIGN KEY (viewed_by)
        REFERENCES users (id)
        ON DELETE SET NULL
        ON UPDATE CASCADE
) COMMENT = 'A blogok megtekintés és látogatási adatai, időpontjai';


CREATE TABLE blog_edit_logs (
    id INT UNSIGNED NOT NULL AUTO_INCREMENT PRIMARY KEY,
    blog_entry_id INT UNSIGNED NOT NULL,
    edited_by INT UNSIGNED NULL COMMENT 'A felhasználó, aki szerkesztette a blogot (FK ID)',
    edited_at TIMESTAMP NOT NULL
        DEFAULT CURRENT_TIMESTAMP COMMENT 'A blog szerkesztésének, módosításának időpontja',
    CONSTRAINT fk_blog_edit_logs__blog_entries
        FOREIGN KEY (blog_entry_id)
        REFERENCES blog_entries (id)
        ON DELETE CASCADE
        ON UPDATE CASCADE,
    CONSTRAINT fk_blog_edit_logs__users
        FOREIGN KEY (edited_by)
        REFERENCES users (id)
        ON DELETE SET NULL
        ON UPDATE CASCADE
) COMMENT = 'A blogok szerkesztési naplója';


DELIMITER //


CREATE PROCEDURE uspPreserveOldPasswordHash (
    password_hash VARCHAR(84),
    expired_at TIMESTAMP,
    user_id INT UNSIGNED
)
    MODIFIES SQL DATA
    COMMENT 'A felhasználó jelszavát beszúrja az old_passwords táblába'
BEGIN
    INSERT INTO old_passwords (password_hash, expired_at, user_id)
        VALUES (password_hash, expired_at, user_id);
END;//


CREATE PROCEDURE uspMarkUserAsActive (
    last_login_at TIMESTAMP,
    user_id INT UNSIGNED
)
    MODIFIES SQL DATA
    COMMENT 'Ha a felhasználó belépett az elmúlt két évben, akkor aktívnak számít'
BEGIN
    IF TIMESTAMPDIFF(YEAR, last_login_at, CURRENT_TIMESTAMP()) >= 2 THEN
        UPDATE users
            SET users.user_status = 'Inactive'
            WHERE users.id = user_id
                AND users.user_status != 'Deleted';
    ELSE
        UPDATE users
            SET users.user_status = 'Active'
            WHERE users.id = user_id
                AND users.user_status != 'Deleted';
    END IF;
END;//


CREATE TRIGGER TR_preserve_old_password_hash_BU
    BEFORE UPDATE
    ON passwords FOR EACH ROW
BEGIN
    IF NEW.password_hash <> OLD.password_hash THEN
        IF OLD.expire_at > CURRENT_TIMESTAMP() THEN
            -- Ha a lejárati idő előtt jelszót változtattunk,
            -- akkor a lejárati idő a mai dátum lesz
            CALL uspPreserveOldPasswordHash(OLD.password_hash, CURRENT_TIMESTAMP(), NEW.user_id);
        ELSE
            CALL uspPreserveOldPasswordHash(OLD.password_hash, OLD.expire_at, NEW.user_id);
        END IF;

        SET NEW.expire_at = TIMESTAMPADD(YEAR, 3, CURRENT_TIMESTAMP);
    END IF;
END;//


CREATE TRIGGER TR_preserve_old_password_hash_BD
    BEFORE DELETE
    ON passwords FOR EACH ROW
BEGIN
    IF OLD.expire_at > CURRENT_TIMESTAMP() THEN
        -- Ha a lejárati idő előtt jelszót törlünk,
        -- akkor a lejárati idő a mai dátum lesz
        CALL uspPreserveOldPasswordHash(OLD.password_hash, CURRENT_TIMESTAMP(), OLD.user_id);
    ELSE
        CALL uspPreserveOldPasswordHash(OLD.password_hash, OLD.expire_at, OLD.user_id);
    END IF;
END;//


CREATE TRIGGER TR_mark_user_as_active_BI
    BEFORE INSERT
    ON last_logins FOR EACH ROW
BEGIN
    CALL uspMarkUserAsActive(NEW.last_login_at, NEW.user_id);
END;//


CREATE TRIGGER TR_mark_user_as_active_BU
    BEFORE UPDATE
    ON last_logins FOR EACH ROW
BEGIN
    CALL uspMarkUserAsActive(NEW.last_login_at, NEW.user_id);
END;//


-- https://mariadb.com/docs/server/ref/mdb/system-variables/event_scheduler/
-- "its value will be reset the next time"
SET GLOBAL event_scheduler = ON;//


CREATE EVENT E_mark_user_as_inactive
    ON SCHEDULE
        EVERY 2 YEAR
    ON COMPLETION PRESERVE
    ENABLE
    COMMENT 'A felh. inaktív, ha nem lépett be legalább két éve'
DO
BEGIN
    UPDATE users
        LEFT JOIN last_logins
            ON last_logins.user_id = users.id
        SET users.user_status = 'Inactive'
        WHERE
            (TIMESTAMPDIFF(YEAR, last_logins.last_login_at, CURRENT_TIMESTAMP()) >= 2
            OR last_logins.last_login_at IS NULL)
            AND users.user_status != 'Deleted';
END;//


DELIMITER ;


-- Generált adatok + egy kicsit kézzel megpiszkálva, hogy egy-egy lekérdezésre legyen eredmény
INSERT INTO bsze3_blog.users (id,user_status,created_at,updated_at) VALUES
    (1,'Inactive','2016-12-28 23:57:50','2022-01-16 23:14:39'),
    (2,'Inactive','2017-10-06 00:27:14','2018-07-29 11:40:53'),
    (3,'Inactive','2010-04-17 10:50:34','2014-01-07 12:48:33'),
    (4,'Inactive','2013-03-28 22:54:28','2014-11-20 15:53:42'),
    (5,'Active','2018-04-12 06:26:12','2024-04-11 21:13:14'),
    (6,'Deleted','2023-04-14 06:09:04','2024-04-11 21:13:24'),
    (7,'Inactive','2016-05-06 09:22:49','2017-04-17 07:17:43'),
    (8,'Active','2019-04-01 16:43:52','2024-04-11 21:13:14'),
    (9,'Inactive','2014-09-16 19:10:15','2015-12-24 06:09:50'),
    (10,'Active','2022-08-02 06:51:58','2024-04-11 21:13:14'),
    (11,'Active','2012-10-24 20:58:04','2024-04-11 21:13:14'),
    (12,'Inactive','2016-10-27 07:05:18','2023-01-26 15:46:09'),
    (13,'Deleted','2019-08-14 02:02:29','2024-04-11 21:13:24'),
    (14,'Deleted','2022-05-19 09:10:35','2024-04-11 21:13:24'),
    (15,'Inactive','2015-08-11 16:25:28','2019-12-27 11:36:07'),
    (16,'Inactive','2011-10-30 16:59:40','2017-12-02 22:38:15'),
    (17,'Inactive','2015-07-31 06:20:08','2015-10-02 17:39:10'),
    (18,'Active','2022-06-20 02:05:33','2024-04-11 21:13:14'),
    (19,'Inactive','2010-07-17 12:26:52','2018-03-05 19:44:15'),
    (20,'Inactive','2011-06-01 13:19:05','2022-01-27 23:36:03'),
    (21,'Inactive','2014-03-29 10:19:27','2019-09-07 21:48:57'),
    (22,'Inactive','2019-01-18 01:49:22','2020-11-23 09:42:20'),
    (23,'Active','2021-02-14 23:10:44','2024-04-11 21:13:15'),
    (24,'Active','2021-10-07 14:49:17','2024-04-11 21:13:15'),
    (25,'Inactive','2010-05-26 07:38:07','2013-12-10 18:13:22'),
    (26,'Active','2014-12-14 02:09:44','2024-04-11 21:13:15'),
    (27,'Inactive','2014-09-30 03:13:27','2019-10-13 09:46:41'),
    (28,'Deleted','2023-04-03 17:00:23','2024-04-11 21:13:24'),
    (29,'Active','2022-03-22 10:07:36','2024-04-11 21:13:15'),
    (30,'Inactive','2016-02-26 02:25:01','2023-08-29 02:37:41'),
    (31,'Active','2015-11-28 07:58:47','2024-04-11 21:13:15'),
    (32,'Inactive','2011-12-08 04:59:27','2012-05-02 19:15:09'),
    (33,'Active','2022-01-10 12:57:33','2024-04-11 21:13:15'),
    (34,'Deleted','2017-06-24 21:06:20','2024-04-11 21:13:24'),
    (35,'Active','2024-03-14 15:26:08','2024-04-11 21:13:15'),
    (36,'Active','2023-07-28 05:07:12','2024-04-11 21:13:15'),
    (37,'Active','2013-10-09 12:25:09','2024-04-11 21:13:15'),
    (38,'Inactive','2015-11-19 23:58:23','2017-04-01 17:50:29'),
    (39,'Deleted','2013-02-02 00:02:47','2024-04-11 21:13:24'),
    (40,'Inactive','2016-09-20 07:13:04','2024-03-27 21:32:38'),
    (41,'Deleted','2015-04-12 23:13:10','2024-04-11 21:13:24'),
    (42,'Active','2014-03-15 18:22:37','2024-04-11 21:13:15'),
    (43,'Inactive','2017-12-05 17:36:56','2022-05-09 04:30:32'),
    (44,'Inactive','2012-10-25 07:45:58','2012-11-09 14:38:46'),
    (45,'Inactive','2014-06-03 13:40:03','2021-01-10 16:10:10'),
    (46,'Inactive','2010-01-29 02:49:53','2021-03-22 08:07:34'),
    (47,'Inactive','2011-02-26 12:16:16','2023-08-23 19:41:44'),
    (48,'Active','2021-08-18 03:37:09','2024-04-11 21:13:15'),
    (49,'Deleted','2011-04-03 02:13:39','2024-04-11 21:13:24'),
    (50,'Active','2023-10-28 03:51:15','2024-04-11 21:13:15'),
    (51,'Inactive','2013-10-23 08:44:53','2023-10-19 23:41:54'),
    (52,'Inactive','2017-11-25 19:23:46','2022-06-08 04:45:01'),
    (53,'Deleted','2022-02-21 21:12:41','2024-04-11 21:13:24'),
    (54,'Deleted','2014-09-21 10:02:42','2024-04-11 21:13:24'),
    (55,'Active','2023-06-20 01:25:45','2024-04-11 21:13:16'),
    (56,'Active','2013-02-06 23:39:58','2024-04-11 21:13:16'),
    (57,'Active','2022-11-08 06:08:55','2024-04-11 21:13:16'),
    (58,'Deleted','2015-08-24 05:17:32','2024-04-11 21:13:24'),
    (59,'Active','2017-01-02 04:35:34','2024-04-11 21:13:16'),
    (60,'Inactive','2015-10-01 06:20:53','2021-08-07 17:18:48'),
    (61,'Inactive','2016-07-04 10:04:59','2018-11-07 02:13:50'),
    (62,'Inactive','2020-12-16 02:54:38','2023-01-12 00:05:59'),
    (63,'Active','2024-03-20 09:11:36','2024-04-11 21:13:16'),
    (64,'Deleted','2014-08-05 21:42:18','2024-04-11 21:13:24'),
    (65,'Inactive','2013-02-14 03:25:27','2015-06-13 04:17:23'),
    (66,'Deleted','2023-10-30 02:11:59','2024-04-11 21:13:24'),
    (67,'Inactive','2014-05-09 01:37:08','2016-02-14 13:48:01'),
    (68,'Active','2019-01-16 20:47:29','2024-04-11 21:13:16'),
    (69,'Active','2021-04-10 23:25:57','2024-04-11 21:13:16'),
    (70,'Inactive','2016-04-25 20:32:47','2024-02-20 22:23:50'),
    (71,'Inactive','2017-07-09 16:33:17','2022-10-06 07:23:55'),
    (72,'Active','2023-11-30 19:14:22','2024-04-11 21:13:16'),
    (73,'Deleted','2020-08-03 17:21:02','2024-04-11 21:13:24'),
    (74,'Inactive','2011-04-26 07:17:03','2012-09-21 04:40:32'),
    (75,'Deleted','2010-12-30 06:20:54','2024-04-11 21:13:24'),
    (76,'Inactive','2013-06-05 11:51:17','2022-03-12 18:48:19'),
    (77,'Inactive','2015-07-29 03:08:12','2020-06-25 18:51:29'),
    (78,'Active','2021-08-04 17:49:07','2024-04-11 21:13:17'),
    (79,'Deleted','2010-03-11 16:44:22','2024-04-11 21:13:24'),
    (80,'Deleted','2010-02-26 00:09:02','2024-04-11 21:13:24'),
    (81,'Inactive','2015-09-30 03:08:44','2020-07-02 10:23:10'),
    (82,'Deleted','2010-07-11 07:56:14','2024-04-11 21:13:24'),
    (83,'Active','2015-01-01 21:08:42','2024-04-11 21:13:17'),
    (84,'Active','2018-12-19 19:11:31','2024-04-11 21:13:17'),
    (85,'Active','2021-11-28 10:14:21','2024-04-11 21:13:17'),
    (86,'Active','2019-08-09 22:41:26','2024-04-11 21:13:17'),
    (87,'Inactive','2016-11-24 18:42:15','2021-05-22 21:23:48'),
    (88,'Inactive','2014-08-21 00:31:24','2023-01-14 11:29:16'),
    (89,'Active','2024-02-18 15:06:38','2024-04-11 21:13:17'),
    (90,'Active','2022-11-27 05:45:13','2024-04-11 21:13:17'),
    (91,'Inactive','2021-10-17 19:06:15','2023-05-25 04:14:04'),
    (92,'Deleted','2016-12-04 07:36:58','2024-04-11 21:13:24'),
    (93,'Active','2020-12-18 14:34:36','2024-04-11 21:13:17'),
    (94,'Inactive','2012-02-20 10:20:13','2019-10-14 14:04:28'),
    (95,'Active','2012-11-15 07:39:56','2024-04-11 21:13:17'),
    (96,'Deleted','2015-02-17 11:18:38','2024-04-11 21:13:24'),
    (97,'Active','2011-01-26 21:07:46','2024-04-11 21:13:17'),
    (98,'Active','2022-01-17 07:12:06','2024-04-11 21:13:17'),
    (99,'Active','2011-09-20 18:31:19','2024-04-11 21:13:17'),
    (100,'Deleted','2023-11-27 10:26:02','2024-04-11 21:13:24'),
    (101,'Deleted','2021-01-29 13:57:19','2024-04-11 21:13:24'),
    (102,'Deleted','2014-04-05 18:33:23','2024-04-11 21:13:24'),
    (103,'Deleted','2017-12-09 02:56:25','2024-04-11 21:13:24'),
    (104,'Inactive','2016-12-10 02:52:16','2019-05-07 19:11:47'),
    (105,'Active','2019-10-22 05:34:59','2024-04-11 21:13:17'),
    (106,'Inactive','2014-06-08 13:52:24','2017-07-21 07:11:10'),
    (107,'Deleted','2019-03-09 04:11:50','2024-04-11 21:13:24'),
    (108,'Active','2023-12-17 04:39:31','2024-04-11 21:13:17'),
    (109,'Inactive','2011-11-07 03:37:56','2014-11-06 14:57:55'),
    (110,'Inactive','2020-01-21 19:16:11','2023-08-11 18:44:25'),
    (111,'Inactive','2019-10-26 23:53:38','2023-09-26 10:55:46'),
    (112,'Inactive','2018-12-07 07:47:00','2020-04-22 09:13:22'),
    (113,'Inactive','2016-05-21 08:54:28','2017-09-02 03:31:43'),
    (114,'Active','2023-04-15 07:10:45','2024-04-11 21:13:18'),
    (115,'Active','2016-08-05 02:20:47','2024-04-11 21:13:18'),
    (116,'Active','2019-03-08 08:57:36','2024-04-11 21:13:18'),
    (117,'Deleted','2018-06-03 06:09:24','2024-04-11 21:13:24'),
    (118,'Deleted','2019-12-19 23:15:41','2024-04-11 21:13:24'),
    (119,'Deleted','2017-03-10 05:05:34','2024-04-11 21:13:24'),
    (120,'Deleted','2015-07-31 17:50:39','2024-04-11 21:13:24'),
    (121,'Active','2018-08-06 20:13:29','2024-04-11 21:13:18'),
    (122,'Deleted','2012-06-25 08:52:40','2024-04-11 21:13:24'),
    (123,'Inactive','2014-07-18 19:42:17','2021-08-16 03:14:12'),
    (124,'Deleted','2012-10-20 08:15:06','2024-04-11 21:13:24'),
    (125,'Deleted','2016-08-15 01:54:09','2024-04-11 21:13:24'),
    (126,'Inactive','2011-06-24 23:59:49','2015-05-19 13:14:34'),
    (127,'Inactive','2010-02-11 21:27:21','2015-09-26 20:29:28'),
    (128,'Deleted','2019-07-02 22:32:38','2024-04-11 21:13:24'),
    (129,'Active','2010-04-21 16:50:34','2024-04-11 21:13:18'),
    (130,'Inactive','2016-02-04 07:15:04','2023-08-07 14:27:17'),
    (131,'Active','2022-05-08 20:02:49','2024-04-11 21:13:18'),
    (132,'Active','2023-07-04 17:06:00','2024-04-11 21:13:18'),
    (133,'Deleted','2022-02-02 11:11:06','2024-04-11 21:13:24'),
    (134,'Inactive','2015-02-04 08:27:02','2015-06-04 00:38:05'),
    (135,'Inactive','2013-01-22 03:32:22','2018-01-29 11:18:50'),
    (136,'Deleted','2012-08-16 05:27:58','2024-04-11 21:13:24'),
    (137,'Inactive','2017-11-24 16:33:20','2020-11-01 21:08:08'),
    (138,'Inactive','2018-07-19 00:14:04','2019-06-01 21:58:24'),
    (139,'Inactive','2012-05-16 01:17:42','2014-12-27 10:30:54'),
    (140,'Active','2018-11-14 05:18:34','2024-04-11 21:13:18'),
    (141,'Deleted','2012-06-02 14:21:35','2024-04-11 21:13:24'),
    (142,'Deleted','2021-01-06 09:53:41','2024-04-11 21:13:24'),
    (143,'Active','2020-12-07 20:51:44','2024-04-11 21:13:18'),
    (144,'Inactive','2012-06-17 10:35:37','2013-01-05 00:05:40'),
    (145,'Active','2023-08-31 01:03:06','2024-04-11 21:13:18'),
    (146,'Inactive','2014-06-21 16:05:10','2021-08-16 09:14:36'),
    (147,'Active','2011-12-03 14:05:32','2024-04-11 21:13:19'),
    (148,'Active','2022-07-18 22:47:48','2024-04-11 21:13:19'),
    (149,'Inactive','2012-12-28 06:37:21','2015-01-05 15:28:59'),
    (150,'Inactive','2016-02-06 12:43:16','2018-11-27 19:26:38');


INSERT INTO bsze3_blog.user_personal_informations (user_id,display_name,email,telephone_number,created_at,updated_at) VALUES
    (1,'Lula VonRueden','Lula60@gmail.com','06-30-845-7385','2016-12-28 23:57:50','2023-07-21 07:42:54'),
    (2,'Arnold Legros','Arnold27@yahoo.com','06-70-344-3155','2017-10-06 00:27:14','2020-01-12 23:31:41'),
    (3,'Martin Feil','Martin_Feil@yahoo.com','06-20-089-2122','2010-04-17 10:50:34','2018-10-18 07:45:28'),
    (4,'Roxanne Rau','Roxanne61@hotmail.com','06-70-584-3622','2013-03-28 22:54:28','2023-10-14 20:53:19'),
    (5,'Kelvin Breitenberg','Kelvin_Breitenberg58@yahoo.com','06-20-901-2053','2018-04-12 06:26:12','2020-09-20 11:51:05'),
    (6,'Stephen Hermiston','Stephen83@yahoo.com','06-20-111-8150','2023-04-14 06:09:04','2023-06-11 11:07:49'),
    (7,'Christie Runolfsdottir','Christie_Runolfsdottir76@hotmail.com','06-30-065-7709','2016-05-06 09:22:49','2017-05-21 10:04:28'),
    (8,'Clayton Lesch','Clayton80@yahoo.com','06-70-151-2138','2019-04-01 16:43:52','2022-09-09 04:00:02'),
    (9,'Lillie Pollich','Lillie_Pollich@gmail.com','06-20-613-5499','2014-09-16 19:10:15','2022-10-09 13:49:33'),
    (10,'Shawna Miller','Shawna92@hotmail.com','06-30-018-7079','2022-08-02 06:51:58','2023-09-02 19:24:26'),
    (11,'Charlene Hilll','Charlene.Hilll42@hotmail.com','06-20-291-2645','2012-10-24 20:58:04','2022-01-08 01:53:46'),
    (12,'Eddie Jakubowski','Eddie86@hotmail.com','06-70-516-3574','2016-10-27 07:05:18','2021-06-29 15:59:47'),
    (13,'Sherman Schultz','Sherman82@gmail.com','06-20-072-8690','2019-08-14 02:02:29','2020-10-18 22:00:59'),
    (14,'Alexander Windler','Alexander23@hotmail.com','06-30-529-6035','2022-05-19 09:10:35','2022-07-13 06:07:37'),
    (15,'Domingo Hoppe','Domingo.Hoppe@gmail.com','06-30-651-5051','2015-08-11 16:25:28','2022-07-24 03:08:41'),
    (16,'Samuel Orn','Samuel54@yahoo.com','06-30-702-8055','2011-10-30 16:59:40','2013-04-06 11:50:57'),
    (17,'Luther Kerluke','Luther_Kerluke5@hotmail.com','06-70-899-5145','2015-07-31 06:20:08','2023-01-25 10:24:33'),
    (18,'Alton Wehner','Alton_Wehner80@gmail.com','06-20-764-0842','2022-06-20 02:05:33','2023-07-25 01:42:23'),
    (19,'Guadalupe Shields','Guadalupe_Shields@yahoo.com','06-30-538-6142','2010-07-17 12:26:52','2014-12-10 23:34:43'),
    (20,'Marcia Koch','Marcia_Koch6@hotmail.com','06-30-629-0597','2011-06-01 13:19:05','2017-09-26 15:07:41'),
    (21,'Lena O''Keefe','Lena.OKeefe@hotmail.com','06-30-420-0567','2014-03-29 10:19:27','2014-12-05 20:05:03'),
    (22,'Rochelle Purdy','Rochelle.Purdy@yahoo.com','06-70-620-1715','2019-01-18 01:49:22','2023-09-04 23:18:09'),
    (23,'Floyd Cronin','Floyd_Cronin24@yahoo.com','06-30-912-3876','2021-02-14 23:10:44','2023-05-13 05:34:59'),
    (24,'Darren Nolan','Darren97@gmail.com','06-70-350-8981','2021-10-07 14:49:17','2023-02-08 19:35:46'),
    (25,'Bob Nolan','Bob_Nolan5@gmail.com','06-20-497-5182','2010-05-26 07:38:07','2014-10-31 17:51:40'),
    (26,'Timothy Krajcik','Timothy_Krajcik@hotmail.com','06-70-386-2015','2014-12-14 02:09:44','2023-11-25 12:27:01'),
    (27,'Jorge Bins','Jorge_Bins22@hotmail.com','06-30-121-4227','2014-09-30 03:13:27','2021-10-21 15:05:35'),
    (28,'Jessica Schaefer','Jessica63@gmail.com','06-70-881-7487','2023-04-03 17:00:23','2024-03-13 03:01:25'),
    (29,'Emma Denesik','Emma.Denesik@yahoo.com','06-20-641-9386','2022-03-22 10:07:36','2023-02-08 10:58:25'),
    (30,'Debbie Berge','Debbie_Berge@yahoo.com','06-20-915-4332','2016-02-26 02:25:01','2019-09-29 14:19:52'),
    (31,'David Shields','David.Shields@gmail.com','06-20-207-6654','2015-11-28 07:58:47','2021-04-19 05:11:56'),
    (32,'Tracey Luettgen','Tracey.Luettgen22@yahoo.com','06-70-128-9361','2011-12-08 04:59:27','2020-07-27 10:56:38'),
    (33,'Cecil Kulas','Cecil_Kulas26@gmail.com','06-20-679-5029','2022-01-10 12:57:33','2022-02-10 08:37:10'),
    (34,'Noah Lueilwitz','Noah.Lueilwitz60@yahoo.com','06-20-905-8909','2017-06-24 21:06:20','2022-04-06 05:56:41'),
    (35,'Archie Abshire','Archie.Abshire@yahoo.com','06-20-560-4092','2024-03-14 15:26:08','2024-03-15 02:02:28'),
    (36,'Shawn Larkin','Shawn.Larkin38@hotmail.com','06-20-535-4614','2023-07-28 05:07:12','2023-10-05 05:15:17'),
    (37,'Darrin Simonis','Darrin.Simonis@yahoo.com','06-70-354-3920','2013-10-09 12:25:09','2022-05-14 14:30:24'),
    (38,'Bessie Fisher','Bessie9@hotmail.com','06-20-786-9665','2015-11-19 23:58:23','2023-08-13 22:12:34'),
    (39,'Elizabeth Zulauf','Elizabeth49@hotmail.com','06-30-771-0341','2013-02-02 00:02:47','2014-06-13 06:43:14'),
    (40,'Beth Parker','Beth45@yahoo.com','06-30-635-0647','2016-09-20 07:13:04','2016-10-26 12:52:20'),
    (41,'Alexandra Herman','Alexandra_Herman12@hotmail.com','06-30-711-2866','2015-04-12 23:13:10','2018-01-07 17:11:34'),
    (42,'Sarah McLaughlin','Sarah81@yahoo.com','06-30-987-7530','2014-03-15 18:22:37','2016-09-20 12:04:51'),
    (43,'Ray Rempel','Ray.Rempel@hotmail.com','06-30-939-9296','2017-12-05 17:36:56','2024-02-07 01:36:47'),
    (44,'Manuel Thiel','Manuel.Thiel44@hotmail.com','06-70-657-1538','2012-10-25 07:45:58','2020-05-24 00:54:48'),
    (45,'Sam Abernathy','Sam45@hotmail.com','06-20-112-5614','2014-06-03 13:40:03','2022-04-22 03:42:50'),
    (46,'Louise Beer','Louise10@yahoo.com','06-70-097-1897','2010-01-29 02:49:53','2016-11-23 09:58:25'),
    (47,'Kimberly Kessler','Kimberly.Kessler72@gmail.com','06-70-550-3068','2011-02-26 12:16:16','2022-07-29 19:32:41'),
    (48,'Matthew Stoltenberg','Matthew.Stoltenberg@gmail.com','06-70-904-5989','2021-08-18 03:37:09','2021-11-01 22:46:10'),
    (49,'Ronald Powlowski','Ronald_Powlowski@gmail.com','06-20-170-9239','2011-04-03 02:13:39','2014-02-15 10:16:43'),
    (50,'Christine Champlin','Christine.Champlin@yahoo.com','06-30-201-6944','2023-10-28 03:51:15','2024-03-10 12:10:35'),
    (51,'Guadalupe Yost','Guadalupe32@hotmail.com','06-30-890-1881','2013-10-23 08:44:53','2022-07-16 20:31:21'),
    (52,'Kristen Schiller','Kristen24@hotmail.com','06-70-672-6652','2017-11-25 19:23:46','2023-02-03 08:05:53'),
    (53,'Miranda Mertz','Miranda.Mertz81@yahoo.com','06-70-387-7551','2022-02-21 21:12:41','2022-05-10 14:37:52'),
    (54,'Alonzo Heathcote','Alonzo_Heathcote@yahoo.com','06-30-423-9201','2014-09-21 10:02:42','2017-01-23 19:03:12'),
    (55,'Jody MacGyver','Jody.MacGyver@gmail.com','06-20-371-7757','2023-06-20 01:25:45','2023-09-14 00:38:38'),
    (56,'Johanna Wyman','Johanna_Wyman5@yahoo.com','06-30-622-0248','2013-02-06 23:39:58','2018-01-17 16:11:26'),
    (57,'Kim Reinger','Kim8@gmail.com','06-20-061-1859','2022-11-08 06:08:55','2023-09-26 16:34:53'),
    (58,'Robyn Huels','Robyn_Huels68@yahoo.com','06-70-120-2452','2015-08-24 05:17:32','2018-11-17 17:18:58'),
    (59,'Daryl Bernhard','Daryl6@yahoo.com','06-70-827-8497','2017-01-02 04:35:34','2019-03-04 15:43:37'),
    (60,'Ted Romaguera','Ted.Romaguera51@gmail.com','06-20-074-9012','2015-10-01 06:20:53','2016-01-08 13:14:49'),
    (61,'Jon Hermiston','Jon.Hermiston32@yahoo.com','06-20-271-2175','2016-07-04 10:04:59','2016-07-26 10:28:09'),
    (62,'Pat Jacobi','Pat13@yahoo.com','06-30-721-1233','2020-12-16 02:54:38','2022-05-12 14:21:09'),
    (63,'Maxine Koss','Maxine_Koss4@yahoo.com','06-30-093-3691','2024-03-20 09:11:36','2024-03-24 19:00:36'),
    (64,'Michele Hilpert','Michele_Hilpert@yahoo.com','06-70-585-6465','2014-08-05 21:42:18','2015-08-28 02:29:18'),
    (65,'Glen Schinner','Glen0@yahoo.com','06-20-456-8666','2013-02-14 03:25:27','2020-02-05 18:51:37'),
    (66,'Kenny Mann','Kenny81@hotmail.com','06-20-578-5993','2023-10-30 02:11:59','2023-10-30 10:22:03'),
    (67,'Anna Mueller','Anna.Mueller88@yahoo.com','06-70-938-9764','2014-05-09 01:37:08','2019-12-15 07:48:41'),
    (68,'Ellen Kertzmann','Ellen36@yahoo.com','06-20-455-8385','2019-01-16 20:47:29','2023-01-17 22:46:26'),
    (69,'Guillermo Kautzer','Guillermo.Kautzer90@gmail.com','06-70-721-7854','2021-04-10 23:25:57','2024-02-15 22:00:09'),
    (70,'Grant McClure','Grant.McClure@yahoo.com','06-20-203-0818','2016-04-25 20:32:47','2019-09-12 16:44:28'),
    (71,'Lindsay Price','Lindsay_Price20@yahoo.com','06-70-842-1526','2017-07-09 16:33:17','2020-06-20 10:31:37'),
    (72,'Moses Altenwerth','Moses85@yahoo.com','06-30-793-8377','2023-11-30 19:14:22','2023-12-24 13:01:05'),
    (73,'Dominick Fay','Dominick_Fay@gmail.com','06-20-535-7164','2020-08-03 17:21:02','2021-11-25 10:30:45'),
    (74,'Susie Haley','Susie15@hotmail.com','06-30-896-3831','2011-04-26 07:17:03','2011-08-04 06:21:22'),
    (75,'Anna Hermiston','Anna13@yahoo.com','06-30-438-6295','2010-12-30 06:20:54','2017-11-28 14:50:03'),
    (76,'Lindsay Ruecker','Lindsay.Ruecker@yahoo.com','06-30-587-1681','2013-06-05 11:51:17','2015-07-07 08:34:57'),
    (77,'Ann Conroy','Ann_Conroy68@gmail.com','06-20-425-2929','2015-07-29 03:08:12','2018-08-05 17:28:44'),
    (78,'Cameron Moore','Cameron90@yahoo.com','06-70-085-1580','2021-08-04 17:49:07','2024-02-04 23:43:42'),
    (79,'Sonya Medhurst','Sonya_Medhurst@hotmail.com','06-70-167-7308','2010-03-11 16:44:22','2017-12-18 09:54:38'),
    (80,'Billy Kulas','Billy87@hotmail.com','06-20-771-2555','2010-02-26 00:09:02','2012-01-03 14:33:16'),
    (81,'Patti Champlin','Patti42@yahoo.com','06-30-089-3464','2015-09-30 03:08:44','2020-04-11 15:25:06'),
    (82,'Emilio Christiansen','Emilio74@gmail.com','06-20-502-2297','2010-07-11 07:56:14','2020-03-04 10:59:02'),
    (83,'Armando McKenzie','Armando.McKenzie@yahoo.com','06-30-043-9273','2015-01-01 21:08:42','2022-12-13 07:25:30'),
    (84,'Phyllis Lockman','Phyllis_Lockman@gmail.com','06-20-148-2877','2018-12-19 19:11:31','2023-04-10 15:12:58'),
    (85,'Shannon Toy','Shannon_Toy@gmail.com','06-70-636-2337','2021-11-28 10:14:21','2024-01-06 08:43:17'),
    (86,'Alfredo Spinka','Alfredo_Spinka@gmail.com','06-20-022-4520','2019-08-09 22:41:26','2019-10-16 04:32:11'),
    (87,'Woodrow Schultz','Woodrow_Schultz@hotmail.com','06-30-610-2371','2016-11-24 18:42:15','2022-06-16 08:17:48'),
    (88,'Jon Deckow','Jon.Deckow13@gmail.com','06-70-830-6580','2014-08-21 00:31:24','2021-02-22 16:23:04'),
    (89,'Felipe O''Kon','Felipe_OKon@yahoo.com','06-30-162-5911','2024-02-18 15:06:38','2024-03-11 10:35:12'),
    (90,'Erik Stoltenberg','Erik.Stoltenberg63@gmail.com','06-30-142-0399','2022-11-27 05:45:13','2023-07-24 14:59:22'),
    (91,'Faith Kling','Faith.Kling93@hotmail.com','06-30-497-8376','2021-10-17 19:06:15','2024-03-14 04:03:52'),
    (92,'Georgia Grimes','Georgia.Grimes@yahoo.com','06-70-623-2895','2016-12-04 07:36:58','2021-11-13 23:11:22'),
    (93,'Ernestine Hackett','Ernestine.Hackett40@yahoo.com','06-70-025-5738','2020-12-18 14:34:36','2022-06-23 10:17:15'),
    (94,'Daisy Mosciski','Daisy_Mosciski40@hotmail.com','06-20-702-0722','2012-02-20 10:20:13','2013-03-18 09:28:40'),
    (95,'Sheryl Bernhard','Sheryl.Bernhard36@hotmail.com','06-70-783-4044','2012-11-15 07:39:56','2022-05-27 15:49:34'),
    (96,'Luis O''Conner','Luis.OConner79@gmail.com','06-70-260-1730','2015-02-17 11:18:38','2018-03-28 09:13:28'),
    (97,'Lisa Trantow','Lisa91@yahoo.com','06-20-664-3791','2011-01-26 21:07:46','2013-07-12 22:09:59'),
    (98,'Ian Marks','Ian75@yahoo.com','06-20-843-2756','2022-01-17 07:12:06','2023-06-22 05:50:06'),
    (99,'Mathew Nienow','Mathew.Nienow37@gmail.com','06-70-557-9828','2011-09-20 18:31:19','2019-03-01 17:28:36'),
    (100,'Evelyn Wolff','Evelyn39@hotmail.com','06-20-934-4642','2023-11-27 10:26:02','2024-01-19 14:44:06'),
    (101,'Glenn Rau','Glenn.Rau@hotmail.com','06-30-272-0929','2021-01-29 13:57:19','2024-02-22 14:05:18'),
    (102,'Raquel Flatley','Raquel.Flatley@hotmail.com','06-30-977-6016','2014-04-05 18:33:23','2016-12-05 13:04:52'),
    (103,'Shawna West','Shawna.West@yahoo.com','06-20-630-0698','2017-12-09 02:56:25','2019-08-12 09:57:44'),
    (104,'Donnie Kozey','Donnie37@yahoo.com','06-20-784-3404','2016-12-10 02:52:16','2020-02-13 02:36:14'),
    (105,'Norma Rutherford','Norma_Rutherford@yahoo.com','06-30-405-8184','2019-10-22 05:34:59','2022-10-05 22:55:51'),
    (106,'Alberta Graham','Alberta.Graham22@gmail.com','06-20-989-3241','2014-06-08 13:52:24','2018-12-20 22:28:22'),
    (107,'Bobby Corwin','Bobby_Corwin@hotmail.com','06-20-035-3796','2019-03-09 04:11:50','2024-03-02 19:59:58'),
    (108,'Orlando Crona','Orlando85@hotmail.com','06-20-338-4085','2023-12-17 04:39:31','2024-02-07 15:46:07'),
    (109,'Dominick Bahringer','Dominick_Bahringer@yahoo.com','06-70-714-4676','2011-11-07 03:37:56','2022-10-25 12:12:26'),
    (110,'Jasmine Kirlin','Jasmine_Kirlin5@yahoo.com','06-30-799-5243','2020-01-21 19:16:11','2021-12-10 22:43:11'),
    (111,'Edwin Dicki','Edwin94@hotmail.com','06-70-064-9319','2019-10-26 23:53:38','2021-09-07 02:52:46'),
    (112,'Randal Lesch','Randal.Lesch@yahoo.com','06-70-369-9073','2018-12-07 07:47:00','2020-04-05 15:29:53'),
    (113,'Clyde Watsica','Clyde_Watsica43@yahoo.com','06-30-796-4548','2016-05-21 08:54:28','2017-06-28 19:17:38'),
    (114,'Sonya Hammes','Sonya62@gmail.com','06-30-801-1860','2023-04-15 07:10:45','2023-05-02 12:53:20'),
    (115,'Blanca Considine','Blanca.Considine6@hotmail.com','06-20-430-0101','2016-08-05 02:20:47','2020-07-29 03:55:44'),
    (116,'Hugh Muller','Hugh_Muller@hotmail.com','06-70-713-5873','2019-03-08 08:57:36','2019-10-10 13:59:16'),
    (117,'Peter Von','Peter6@gmail.com','06-20-585-9546','2018-06-03 06:09:24','2020-12-17 09:41:55'),
    (118,'Courtney Halvorson','Courtney_Halvorson99@hotmail.com','06-20-140-5841','2019-12-19 23:15:41','2023-05-06 05:46:22'),
    (119,'Herman Schoen','Herman_Schoen33@gmail.com','06-20-360-7608','2017-03-10 05:05:34','2023-04-05 06:59:20'),
    (120,'Travis Batz','Travis_Batz20@yahoo.com','06-30-060-9011','2015-07-31 17:50:39','2022-07-19 14:54:52'),
    (121,'Colleen Brakus','Colleen95@hotmail.com','06-20-646-0707','2018-08-06 20:13:29','2024-01-18 07:49:07'),
    (122,'Mario Carter','Mario4@hotmail.com','06-20-820-2739','2012-06-25 08:52:40','2019-02-22 15:07:13'),
    (123,'Jeremy Langosh','Jeremy.Langosh@gmail.com','06-20-437-5787','2014-07-18 19:42:17','2018-02-02 22:41:38'),
    (124,'Orville Prosacco','Orville26@hotmail.com','06-20-898-0989','2012-10-20 08:15:06','2017-05-08 12:30:26'),
    (125,'Alfred Morar','Alfred.Morar8@gmail.com','06-30-229-4706','2016-08-15 01:54:09','2019-08-12 13:50:01'),
    (126,'Delbert Skiles','Delbert.Skiles@hotmail.com','06-30-019-9535','2011-06-24 23:59:49','2018-06-16 21:52:19'),
    (127,'Sonja D''Amore','Sonja11@yahoo.com','06-30-747-0686','2010-02-11 21:27:21','2020-07-09 16:08:15'),
    (128,'Rickey Leuschke','Rickey_Leuschke1@gmail.com','06-20-287-9229','2019-07-02 22:32:38','2021-12-10 02:55:43'),
    (129,'Mabel Senger','Mabel19@hotmail.com','06-20-836-8814','2010-04-21 16:50:34','2012-10-24 20:53:38'),
    (130,'Gregory Runolfsdottir','Gregory.Runolfsdottir24@yahoo.com','06-30-080-6523','2016-02-04 07:15:04','2016-12-08 06:08:45'),
    (131,'Willie Schmidt','Willie_Schmidt@gmail.com','06-20-907-6944','2022-05-08 20:02:49','2022-12-26 22:32:50'),
    (132,'Bill Kuhn','Bill_Kuhn@gmail.com','06-30-427-6458','2023-07-04 17:06:00','2023-07-12 14:39:26'),
    (133,'Mark Ullrich','Mark.Ullrich@gmail.com','06-30-447-8102','2022-02-02 11:11:06','2022-08-24 03:10:06'),
    (134,'Cora Mante','Cora55@hotmail.com','06-30-376-5608','2015-02-04 08:27:02','2023-09-10 07:31:27'),
    (135,'Rosa Spencer','Rosa12@yahoo.com','06-30-567-8997','2013-01-22 03:32:22','2021-10-29 02:16:59'),
    (136,'Faith Nader','Faith.Nader17@hotmail.com','06-30-783-2942','2012-08-16 05:27:58','2014-09-12 07:10:18'),
    (137,'Judith Graham','Judith_Graham21@hotmail.com','06-20-833-2429','2017-11-24 16:33:20','2022-06-12 06:59:53'),
    (138,'Wilbur Turcotte','Wilbur_Turcotte88@gmail.com','06-20-108-1012','2018-07-19 00:14:04','2019-06-26 04:31:40'),
    (139,'Abel Bayer','Abel_Bayer@yahoo.com','06-30-678-9797','2012-05-16 01:17:42','2014-08-05 03:15:58'),
    (140,'Robin Metz','Robin93@gmail.com','06-70-772-2962','2018-11-14 05:18:34','2019-03-05 11:05:09'),
    (141,'Richard Yundt','Richard_Yundt@gmail.com','06-20-305-3037','2012-06-02 14:21:35','2019-06-16 01:23:32'),
    (142,'Vicki Daniel','Vicki16@gmail.com','06-30-640-0897','2021-01-06 09:53:41','2021-11-11 19:42:01'),
    (143,'Cristina Kovacek','Cristina_Kovacek34@yahoo.com','06-20-054-6818','2020-12-07 20:51:44','2023-10-02 01:09:19'),
    (144,'Lee Reynolds','Lee1@yahoo.com','06-30-213-9053','2012-06-17 10:35:37','2018-06-24 17:21:35'),
    (145,'Marilyn Kris','Marilyn_Kris45@yahoo.com','06-30-148-4111','2023-08-31 01:03:06','2023-10-04 22:07:11'),
    (146,'Jana Rippin','Jana_Rippin@yahoo.com','06-70-086-9694','2014-06-21 16:05:10','2020-08-24 11:21:20'),
    (147,'Andrea Keebler','Andrea_Keebler@hotmail.com','06-70-648-5539','2011-12-03 14:05:32','2015-05-26 19:17:14'),
    (148,'Sandra Raynor','Sandra.Raynor@gmail.com','06-30-880-7957','2022-07-18 22:47:48','2023-10-10 03:06:22'),
    (149,'Francis Harber','Francis31@gmail.com','06-70-581-6853','2012-12-28 06:37:21','2024-01-25 04:55:37'),
    (150,'Jeffrey Grady','Jeffrey.Grady@yahoo.com','06-70-776-6679','2016-02-06 12:43:16','2019-09-29 22:14:09');


INSERT INTO bsze3_blog.roles (user_id,is_administrator,is_moderator) VALUES
    (1,0,0),
    (2,0,0),
    (3,0,0),
    (4,0,1),
    (5,0,0),
    (6,0,1),
    (7,0,0),
    (8,0,0),
    (9,0,0),
    (10,0,0),
    (11,0,1),
    (12,0,0),
    (13,0,0),
    (14,1,1),
    (15,0,0),
    (16,0,0),
    (17,0,0),
    (18,0,0),
    (19,0,0),
    (20,0,0),
    (21,0,1),
    (22,0,0),
    (23,0,0),
    (24,1,1),
    (25,0,0),
    (26,1,1),
    (27,0,0),
    (28,0,0),
    (29,0,0),
    (30,0,0),
    (31,0,0),
    (32,0,0),
    (33,0,0),
    (34,0,0),
    (35,1,1),
    (36,0,0),
    (37,0,1),
    (38,0,0),
    (39,0,0),
    (40,0,0),
    (41,0,0),
    (42,0,0),
    (43,0,0),
    (44,0,0),
    (45,0,0),
    (46,0,0),
    (47,0,0),
    (48,0,0),
    (49,0,0),
    (50,0,0),
    (51,0,0),
    (52,0,0),
    (53,0,0),
    (54,0,0),
    (55,0,0),
    (56,0,0),
    (57,0,0),
    (58,0,0),
    (59,0,0),
    (60,0,0),
    (61,0,0),
    (62,0,0),
    (63,1,1),
    (64,0,0),
    (65,0,0),
    (66,0,0),
    (67,0,0),
    (68,0,1),
    (69,0,0),
    (70,0,0),
    (71,0,0),
    (72,0,0),
    (73,0,0),
    (74,1,1),
    (75,0,0),
    (76,1,1),
    (77,1,1),
    (78,0,0),
    (79,0,0),
    (80,0,1),
    (81,1,1),
    (82,0,0),
    (83,0,0),
    (84,0,1),
    (85,0,0),
    (86,0,0),
    (87,0,0),
    (88,0,0),
    (89,0,0),
    (90,0,0),
    (91,0,0),
    (92,0,0),
    (93,0,0),
    (94,0,0),
    (95,0,0),
    (96,0,0),
    (97,0,0),
    (98,0,0),
    (99,0,0),
    (100,0,0),
    (101,0,0),
    (102,0,0),
    (103,1,1),
    (104,0,0),
    (105,0,0),
    (106,1,1),
    (107,0,0),
    (108,0,0),
    (109,0,0),
    (110,0,0),
    (111,0,0),
    (112,0,0),
    (113,0,1),
    (114,0,0),
    (115,0,0),
    (116,0,0),
    (117,0,0),
    (118,0,0),
    (119,0,0),
    (120,0,0),
    (121,0,1),
    (122,0,1),
    (123,0,0),
    (124,0,0),
    (125,0,0),
    (126,0,0),
    (127,0,0),
    (128,0,0),
    (129,0,1),
    (130,0,0),
    (131,0,1),
    (132,0,0),
    (133,0,0),
    (134,0,0),
    (135,0,1),
    (136,0,0),
    (137,0,0),
    (138,0,0),
    (139,0,0),
    (140,0,0),
    (141,0,0),
    (142,0,0),
    (143,0,0),
    (144,0,0),
    (145,0,0),
    (146,0,0),
    (147,0,0),
    (148,0,0),
    (149,0,0),
    (150,0,0);


INSERT INTO bsze3_blog.permissions (user_id,can_create_blog,can_delete_blog,can_edit_blog) VALUES
    (1,0,0,0),
    (2,0,1,1),
    (3,1,0,1),
    (4,1,1,1),
    (5,0,0,1),
    (6,1,1,1),
    (7,0,1,1),
    (8,1,1,1),
    (9,0,0,1),
    (10,1,1,1),
    (11,1,1,1),
    (12,0,0,1),
    (13,0,0,1),
    (14,0,0,1),
    (15,0,0,1),
    (16,1,1,1),
    (17,0,0,1),
    (18,0,1,1),
    (19,0,1,1),
    (20,1,1,1),
    (21,1,1,1),
    (22,1,1,1),
    (23,1,1,1),
    (24,1,1,1),
    (25,0,1,1),
    (26,1,1,1),
    (27,1,1,1),
    (28,0,0,1),
    (29,1,0,1),
    (30,0,1,1),
    (31,0,0,1),
    (32,0,1,1),
    (33,1,1,1),
    (34,0,1,1),
    (35,1,1,1),
    (36,0,1,1),
    (37,1,1,1),
    (38,0,1,1),
    (39,0,1,1),
    (40,1,1,1),
    (41,0,0,1),
    (42,0,1,1),
    (43,0,1,1),
    (44,0,0,1),
    (45,1,1,1),
    (46,1,0,1),
    (47,0,1,1),
    (48,1,0,1),
    (49,0,1,1),
    (50,0,0,1),
    (51,1,1,1),
    (52,1,0,1),
    (53,0,1,1),
    (54,0,1,1),
    (55,1,1,1),
    (56,0,0,1),
    (57,0,1,1),
    (58,1,1,1),
    (59,1,0,1),
    (60,1,1,1),
    (61,0,1,1),
    (62,0,1,1),
    (63,1,1,1),
    (64,1,1,1),
    (65,0,1,1),
    (66,1,1,1),
    (67,0,1,1),
    (68,1,1,1),
    (69,1,0,1),
    (70,0,1,1),
    (71,0,1,1),
    (72,0,1,1),
    (73,1,1,1),
    (74,0,1,1),
    (75,0,1,1),
    (76,1,0,1),
    (77,1,1,1),
    (78,0,0,1),
    (79,0,1,1),
    (80,1,1,1),
    (81,0,1,1),
    (82,1,1,1),
    (83,1,1,1),
    (84,0,0,1),
    (85,1,1,1),
    (86,1,1,1),
    (87,0,1,1),
    (88,1,1,1),
    (89,0,0,1),
    (90,0,1,1),
    (91,0,0,1),
    (92,0,0,1),
    (93,0,0,1),
    (94,0,0,1),
    (95,1,1,1),
    (96,0,1,1),
    (97,0,1,1),
    (98,0,1,1),
    (99,1,1,1),
    (100,0,1,1),
    (101,1,1,1),
    (102,0,0,1),
    (103,1,0,1),
    (104,1,1,1),
    (105,0,1,1),
    (106,1,1,1),
    (107,1,1,1),
    (108,0,0,1),
    (109,0,1,1),
    (110,0,1,1),
    (111,1,1,1),
    (112,0,0,1),
    (113,1,1,1),
    (114,0,1,1),
    (115,0,1,1),
    (116,1,1,1),
    (117,0,1,1),
    (118,1,0,1),
    (119,0,1,1),
    (120,0,1,1),
    (121,1,1,1),
    (122,1,0,1),
    (123,1,0,1),
    (124,0,1,1),
    (125,1,1,1),
    (126,1,1,1),
    (127,1,1,1),
    (128,1,1,1),
    (129,0,1,1),
    (130,0,1,1),
    (131,1,0,1),
    (132,0,1,1),
    (133,0,0,1),
    (134,1,1,1),
    (135,0,0,1),
    (136,0,0,1),
    (137,0,1,1),
    (138,0,0,1),
    (139,1,1,1),
    (140,1,1,1),
    (141,0,1,1),
    (142,0,1,1),
    (143,0,1,1),
    (144,1,1,1),
    (145,0,1,1),
    (146,0,1,1),
    (147,1,0,1),
    (148,0,0,1),
    (149,0,1,1),
    (150,1,0,1);


INSERT INTO bsze3_blog.passwords (user_id,password_hash,expire_at) VALUES
    (1,'AQAAAAIAAAAKAAAAEAvInvrMK+7IJwNYfl9sM0/yBbwu2jwJm0EPeUUolOubF9q1BEKrLPhzuJsop2gVGw==','2025-12-28 23:57:50'),
    (2,'AQAAAAIAAAAKAAAAEO/pVaAsXsPflh79zhNTmME3qhnIaKdYW4Xtv9lCZ6Dj8AIBq+Md+zwwt7Yhs39MFw==','2026-10-06 00:27:14'),
    (3,'AQAAAAIAAAAKAAAAEHv9T1tiy6+JSMlZklZlEzrr3aBkLRizW2Fh9jPXU1McZPLEy8pOQk9e6tGC/Nd4Pw==','2025-04-17 10:50:34'),
    (4,'AQAAAAIAAAAKAAAAEPSVoxbbVk7I7DqtC/VdYNsZwkwFWpfKkk/FQyuglZQDRlxdCu8TKNAH55cOlJJXQQ==','2025-03-28 22:54:28'),
    (5,'AQAAAAIAAAAKAAAAENno99MxkDgA8BTCBui7kJNyarzl8feva/rJaZpl3hn3g/1jCZqwNm8uLDUEn8cPrA==','2024-04-12 06:26:12'),
    (6,'AQAAAAIAAAAKAAAAEJr4TFxQab/eBMC2HAy8l8H3uwXKP6bMJGMv9xShbWlUeONQQSDoc/gzv66kiNGJOw==','2026-04-14 06:09:04'),
    (7,'AQAAAAIAAAAKAAAAEN2NwYMwSuUIsJd5lPs4ms+4rtdbqsNoVmEdvTVbTvwJVIHLWrI/NppZEoKoVNgLuw==','2025-05-06 09:22:49'),
    (8,'AQAAAAIAAAAKAAAAEBf5fYLLfMiz/Tf1f64oGr8koV9jZL2b1sRes2gkeh2XnUmBAKLndQZodwd9JRU5CQ==','2025-04-01 16:43:52'),
    (9,'AQAAAAIAAAAKAAAAEAkB1M4enHZ60wQ4Lg89b4XO0O1pXG+lmdmpnNyEE7Xefcziuw65WK7N1qOcYc81yA==','2026-09-16 19:10:15'),
    (10,'AQAAAAIAAAAKAAAAEC81iidLnaEbbD4btNhT7Pg00g7TujqcrQErQx18LDYvqTKMMJzIlrJRxrQ8KluGhw==','2025-08-02 06:51:58'),
    (11,'AQAAAAIAAAAKAAAAEP4B5jv4P+ciZ/ErYwDxY5G84ZOdmkJfq0+ehRMkGAVZKEEeZV9zBkLOPY2f9e+hkg==','2024-10-24 20:58:04'),
    (12,'AQAAAAIAAAAKAAAAEHM7afIXwrqmPQRMHYs8UgnfTUIHDn5eo40Up3ZnycNR6h8l85rIGZCKaYbbZUNYYg==','2025-10-27 07:05:18'),
    (13,'AQAAAAIAAAAKAAAAEL5lZ2z2e8UES52U2Jz4PFMKZb3Nn/hVCqR6QGG/Mg4ChvT8w7dQuVLvvoRaHqkodQ==','2025-08-14 02:02:29'),
    (14,'AQAAAAIAAAAKAAAAEMQuGkWMxPtg3c+8QFh0GTg7kse+Ggho84g7UU13oluqEtxpTzuB7gDx7Wx5qmiAyg==','2025-05-19 09:10:35'),
    (15,'AQAAAAIAAAAKAAAAEAXAgUovA5Lm+ZzC9Ydf/mUJqyuWGhZcHYuUaLdpbKSN6JKMv+xLZiJadpRy5zMyXg==','2024-08-11 16:25:28'),
    (16,'AQAAAAIAAAAKAAAAEDpt0y85SIJ7wTRozl1/wOx5MlRNG7f1cbDCZxMA21gYFL64azvo9xSrVtDzFsaJJQ==','2026-10-30 16:59:40'),
    (17,'AQAAAAIAAAAKAAAAEBR0n49L3XRhVqZ5dJKI7QqOCt0izjAkVHT6FTCUElG42jR3G+xtsl1RvUVBZV4bWg==','2024-07-31 06:20:08'),
    (18,'AQAAAAIAAAAKAAAAEDZSd4jOh9KOubyX5A/+9U2izAM9A5vwL6dORzpFySsHqzGKmSm3D+fYonm3yzLe1Q==','2025-06-20 02:05:33'),
    (19,'AQAAAAIAAAAKAAAAEEqfmalTfDAaN1sS4M2dOrrTqi5nCjRI4OdI674uy6Nxyf/vw9SVWlSFAdfgZolJqw==','2025-07-17 12:26:52'),
    (20,'AQAAAAIAAAAKAAAAELu4+pCcq7jnI1o5bAQ//9S5GlUq84hse0AECJDnLDxaZlyWQjTBUMeMG28fk8pV8g==','2026-06-01 13:19:05'),
    (21,'AQAAAAIAAAAKAAAAEFuzBvggdIF9uLYVW973Aj9JwmPIO/FQ0ullWGqkGlNCDoeZDQ0PLg7CvesFn1Pn+g==','2026-03-29 10:19:27'),
    (22,'AQAAAAIAAAAKAAAAELB6UGSAm0V8q3m3BYt5akoKfcG6Ktqbku43T5f0VKetVED/XkjVldMt6MgiV2Dlqw==','2025-01-18 01:49:22'),
    (23,'AQAAAAIAAAAKAAAAED8s3zY8rxqFG60ob0g6Iv8a143B+DhkAb9uzSsvgt6ZR8O3pooPVN2CqUHmA8N1hw==','2027-02-14 23:10:44'),
    (24,'AQAAAAIAAAAKAAAAEJwAxhA6y8QY/vin1BxzPUZ4/PT8gkOVk81+bNVzKGNbIaO9n5+0g9rG5iRFCmtmMw==','2024-10-07 14:49:17'),
    (25,'AQAAAAIAAAAKAAAAEJw171bkq+OjNNOioWQdZeqAs+5LxGqurdbhOYR6s0rbPrLJEZk+25PC94TR6TTLDA==','2025-05-26 07:38:07'),
    (26,'AQAAAAIAAAAKAAAAEC2h2PMGNRh0SnuAjY6ohqy8nqu85XTO5ClQyIl4AgY1uaAXgA9mIh2zZYHIP/mU0g==','2026-12-14 02:09:44'),
    (27,'AQAAAAIAAAAKAAAAEPc1pEOs+U0mtnVl0EDX3VqBbphxUzOc4jlGmX0i3z6ODsJk+2ZVGsm5mqs37KhGyw==','2026-09-30 03:13:27'),
    (28,'AQAAAAIAAAAKAAAAEEdLvaifazxwkhmP0fJZc/ImLLmkC3ayX9q5mRMU8GF586Wolj3ZokMbeCv/KqrDvA==','2026-04-03 17:00:23'),
    (29,'AQAAAAIAAAAKAAAAEGHFXdRVwUP0hrCuD/jOpxtnCfxHqKyeuJMoqMzersk5HJD8Q+tpsY/r5F4Iiek52A==','2025-03-22 10:07:36'),
    (30,'AQAAAAIAAAAKAAAAEPy62v0TrkW1RxNz4p66I17goZv5yRUhk7av67voACLsmgDxdSuLfCGs5yEd7darzw==','2025-02-26 02:25:01'),
    (31,'AQAAAAIAAAAKAAAAEIhAUfV7arjmiyNh+lfJD3D/c6X+sp54Rb4tYsjZTCfU1nfpnUOkXJE8JE+5HtpdVw==','2024-11-28 07:58:47'),
    (32,'AQAAAAIAAAAKAAAAEBeIrxPF5aai02hgUxhdaKcWcSiK1UtqQtPbc7QoBXFrtXFJ+WEMttr1AKFiYGHElQ==','2026-12-08 04:59:27'),
    (33,'AQAAAAIAAAAKAAAAEH2dtiXe7QR5PZu79NPzMvFgHSeZc+rPzPF2/qEs+n7DFMQ0WVxXWUv5DxZzuPVqXw==','2025-01-10 12:57:33'),
    (34,'AQAAAAIAAAAKAAAAEE7t8sCAq44tg2x971SZqNaRT8pQc1THT3LnfeiKW1k+4s0cm+s5d66NqTegVD5VRA==','2026-06-24 21:06:20'),
    (35,'AQAAAAIAAAAKAAAAEJnZ0EN1F31bqMbhwX1mEZGhYdIJFSbwArpsHvJ+ZwzW1y3yGK8xL6Ty16wIEL7k1Q==','2027-03-14 15:26:08'),
    (36,'AQAAAAIAAAAKAAAAEIr2LK6NL0uei/AN6dHOCrShLRxHgfx3pWnCLP5IPRdNGnhkQR7kTUIA7Evq5GUz0g==','2026-07-28 05:07:12'),
    (37,'AQAAAAIAAAAKAAAAEAtTYaueKW9u3MoxmADJIQtOq/jw514hLFcxlXzlafjSuDomVSa9FDIlnzJ7pfIBNg==','2025-10-09 12:25:09'),
    (38,'AQAAAAIAAAAKAAAAEJqPOng1BlRDx8qxkZYDAUBYX6aYDlBqwtUK5hszzqD73PAa1S33lsVWAUdJFvUFhQ==','2024-11-19 23:58:23'),
    (39,'AQAAAAIAAAAKAAAAEG0w6xg7jTXVztYnAcsCy4wPKLEFPahVW/HeiZswUg0rR3aYAY/KdQjZXWIkDsTyyQ==','2025-02-02 00:02:47'),
    (40,'AQAAAAIAAAAKAAAAEFyJxGdTd4nDiDEMs2vaoWJKqkPMoAvybEbXrUCL7kwwYEzOhvKp0Y0bA247U85obw==','2025-09-20 07:13:04'),
    (41,'AQAAAAIAAAAKAAAAEGGJcFN10UbP3lSrLYEFvz9bMZjVq/Heajh5j0pa1gD8YpZiGYtXmZnOZY7SPj1IkA==','2024-04-12 23:13:10'),
    (42,'AQAAAAIAAAAKAAAAEJR7EMvDmP1Eq1KpyUgTFHqzqjEAunB0d666rlJMpA6cjXMco22PKItXtgrRgaE+fg==','2026-03-15 18:22:37'),
    (43,'AQAAAAIAAAAKAAAAEBI94qg1S9BxEaKgpwcowxTviCpxr3Krp/AehHDlPNI7i4unLWTi19+afpT1ADK5Og==','2026-12-05 17:36:56'),
    (44,'AQAAAAIAAAAKAAAAEGLcoc4pp1eQEeBkXwaBWIgb25WS2xFWGf67gfPkXcM+pXQfmnEsYBDoOEIIpSBHFw==','2024-10-25 07:45:58'),
    (45,'AQAAAAIAAAAKAAAAEHJpKukIhj1Dt+AEdG4M/TVEurR3NcsFcOxqqZ6qCjLnCew8DCNRBbfO3yq1iNS8RA==','2026-06-03 13:40:03'),
    (46,'AQAAAAIAAAAKAAAAEK4KBY+WgGAhQOw03SVzZ8JdL+ew00GSnqsp5UkUhgOR3tLJCGDdsWMsWaLCkrwIxg==','2025-01-29 02:49:53'),
    (47,'AQAAAAIAAAAKAAAAEFpGAAvqNiYk9Gb80ipTmlvPmtKUBqrNl4Wj7RhCaWwh9ZhmJiRksoucQ/JCG+TkUw==','2026-02-26 12:16:16'),
    (48,'AQAAAAIAAAAKAAAAELzscHBiv9BrfhnI5i1qHyF32ciTA2dhsAXU4yETaoHLNuKD23UmfcjzKTeYo3zmHQ==','2024-08-18 03:37:09'),
    (49,'AQAAAAIAAAAKAAAAEN4DzMjzcdOASw0TamymFP/yA4PxNbz47afCXgxqorIy7u5i/LJM4qfySXGGJ+SGpw==','2026-04-03 02:13:39'),
    (50,'AQAAAAIAAAAKAAAAEAfCVuIgvpLE0IUi4hNurqC68WOUNOJL26rOWNOVu51fzZVi8+kyFYCcuOziwHBzmQ==','2026-10-28 03:51:15'),
    (51,'AQAAAAIAAAAKAAAAENRMC0qS5egX76n5sX0+FqEE2boY8/OKUZMqh1HWvRw2aJyiJ0T4nMyq1kQhlAjV1g==','2025-10-23 08:44:53'),
    (52,'AQAAAAIAAAAKAAAAELwgyuC7Kw8vp8/rNRYWS2ilOU5xgmlWx5py8BgGGBYlk89PDIEK3znfXZYFac2SuA==','2026-11-25 19:23:46'),
    (53,'AQAAAAIAAAAKAAAAEMe+WlvDQuhMUoExrIxPFGD6gO1ixJ151IbeJiaGMfGCSKqq924YOKVoMx91M8MaoQ==','2025-02-21 21:12:41'),
    (54,'AQAAAAIAAAAKAAAAEM9z/3LXDw8FH04iW2knyYb+7AMQN+y5djZuF1F32OpWiCBflboCyOuvVaEW8g31Lw==','2026-09-21 10:02:42'),
    (55,'AQAAAAIAAAAKAAAAEC/1jxPswz3LJWi9cLV324/9UHbBIchNLpsRaOk+uzRG8x3+GA/yWwrPxPSb6v6jDA==','2026-06-20 01:25:45'),
    (56,'AQAAAAIAAAAKAAAAED133yVb61DWbbpVldopq57EsbxAM6xSKHhcNtohUTXn0Oft/4dSkO0EBLuaiYXtDg==','2025-02-06 23:39:58'),
    (57,'AQAAAAIAAAAKAAAAEHQ/d6Glh4vMvrRhXcCjUbHZqjbZyXrM3Csqi7TuYO+C97ND+9WMZuxovxWQQpSh/A==','2025-11-08 06:08:55'),
    (58,'AQAAAAIAAAAKAAAAEGDwlIBTMqzRWZeNPR0LbpCgQKUMN7NOzfGUKtVOIXyebkEml7NSBcrAifTITjJ2Pw==','2024-08-24 05:17:32'),
    (59,'AQAAAAIAAAAKAAAAEF81PVQJ3r7P81ZMYdoY6XxKBGl07IwTjwFBIeSpejpMKnoirawTrds1xzYY+gN+rQ==','2026-01-02 04:35:34'),
    (60,'AQAAAAIAAAAKAAAAEL+0wwoKs65EfKWri9FITxteqLwj0Ef9FOJcqlOmrz4AsbUzQ66fzgEdeq+gstw7Ww==','2024-10-01 06:20:53'),
    (61,'AQAAAAIAAAAKAAAAEI3SaDaLDEKjsgc8Nsm8raClnR7KnUbMAeVQbqfeMuxnKgqLjrI3bbfqZLNtu+8dIg==','2025-07-04 10:04:59'),
    (62,'AQAAAAIAAAAKAAAAEESoir7vrohTc4ROq4HjwrygcMK4i/cNsV219RLuC0Gpz4NIy71AGvTuAGur/PSxWg==','2026-12-16 02:54:38'),
    (63,'AQAAAAIAAAAKAAAAEK9AvZfuE46iumjS/OROvvYfxudzp0AT6CjvotfpjsD2I0Ej5gdithOrspgPNDreNQ==','2027-03-20 09:11:36'),
    (64,'AQAAAAIAAAAKAAAAEG/7ziysn2luTILMFJK6jbCWnXcvK4LnyQDQHkBDOTztYIBtaFFTmb6KrZzEHgwUgw==','2026-08-05 21:42:18'),
    (65,'AQAAAAIAAAAKAAAAEBSFDjJRwjYK4IIG0HTF3zKYSTw3mpGD03J/9EjFwtTVaJhx3cH8k2/vHszsW/odqg==','2025-02-14 03:25:27'),
    (66,'AQAAAAIAAAAKAAAAEOHst8RjSTCLxn3ITnIikO5BEzPEV3whFVHEqYbPdiDJ9hpBbVxq8FIz1EcG3lmbCw==','2026-10-30 02:11:59'),
    (67,'AQAAAAIAAAAKAAAAEMQ6A+4OMybfkp+zZsSJ6U6jmDtSYntNRyZqKAl/VZFRkKHdFmFK1ekY0qzg+EQ4QQ==','2026-05-09 01:37:08'),
    (68,'AQAAAAIAAAAKAAAAEItsQoyKstUcq83zMnvjnj4fO3bmdvWwqzZ2VhoY3+BMq3oa4VaXpobNL3OHWO/pGw==','2025-01-16 20:47:29'),
    (69,'AQAAAAIAAAAKAAAAEIZ5jvW49if78pFndMDVT8igGkScF1K18m06wqfcdCxOVnPxPs/meHNr4ClGgnZQgQ==','2027-04-10 23:25:57'),
    (70,'AQAAAAIAAAAKAAAAEKFqvXNSQ/jogtSbN+h0P0iLBIocKypOqDmQuPcel86pgTKER6Z11ilGBL8IguvU1A==','2025-04-25 20:32:47'),
    (71,'AQAAAAIAAAAKAAAAEICcBsr8FA7bu7JdXunnpwBGe+nGZGTLl/TkaAeQKmjZ/FZkPfeEUAtX4dgxIGg2Kg==','2026-07-09 16:33:17'),
    (72,'AQAAAAIAAAAKAAAAEGjpz9NGHcLvRnS9ik8cn58fM69nt3XseSvp3YucX1Cy1Hiec/uEwU6ItCJfJoXxKw==','2026-11-30 19:14:22'),
    (73,'AQAAAAIAAAAKAAAAEEMbr2B61Bs3HzPGelrjHebIeVrRwVKzfA77f3SkflHUD2TS+8KcHZ+xnyuRBpBhYw==','2026-08-03 17:21:02'),
    (74,'AQAAAAIAAAAKAAAAEIYWvF0A9Og6Bu+UjtfynBPjI0Fi7hmC+pJecg6EzPFyJLXdz5sA5XhjMFg+7BtGyA==','2026-04-26 07:17:03'),
    (75,'AQAAAAIAAAAKAAAAECBBdfFzbPEqW7Ta3J2nVVbwwTab50DdPnzfPkwLvTg3vSOLB2+05xV6XUaBRMwoqg==','2025-12-30 06:20:54'),
    (76,'AQAAAAIAAAAKAAAAEPI+YkoFaMWrOfO0lubil+Ld4zA1f2dGwpFbMvkuZeaWVw10aQNyNkVXSXV5b1ThVA==','2025-06-05 11:51:17'),
    (77,'AQAAAAIAAAAKAAAAEE8KGqxaIda/X8uWpLc1J3RZ79ESkXC6OrKNjh8FPr39Gi4YpqgRyzqX6aVp48sM3A==','2024-07-29 03:08:12'),
    (78,'AQAAAAIAAAAKAAAAEMyJIV30Ban7sQbwnMFC1clehTlxOyPRpL257v6xACk9/8i10Fnc2xA5O87tQhyneA==','2024-08-04 17:49:07'),
    (79,'AQAAAAIAAAAKAAAAEDcBJzP6AVXbjBPIJbOXm2Xp6Np8XatfzaIdUjp+9z5qRMou+H55dXTh7RDCxMhTUg==','2025-03-11 16:44:22'),
    (80,'AQAAAAIAAAAKAAAAEELVP4oAt60xdELJEvUyqcj5FXF94TNpEL9iOUWXwyz32kPjL9YcoTXsT3GB7okshw==','2025-02-26 00:09:02'),
    (81,'AQAAAAIAAAAKAAAAEP/nD2Pa6MB4MWROPfIocjpXI69ORIgjSg19AH9lR0qZ7mAJOk5oog8Vs4rab+Mtvw==','2024-09-30 03:08:44'),
    (82,'AQAAAAIAAAAKAAAAEM/+++UjbU4ZA679UTTEhEMXYARKnkAg6IROm7UdIbpn8kyArEGGGD3QQEAWMF0SvA==','2025-07-11 07:56:14'),
    (83,'AQAAAAIAAAAKAAAAEKdVfkeneHH/hwpItYI8uYBkfQWsIVA6gcEXztfbJCXxqTocEVi79vU+a2F2lvEnyA==','2027-01-01 21:08:42'),
    (84,'AQAAAAIAAAAKAAAAEEmWjOzAY2ek++2EBsdhvQKiuiioYEdXZRcrYG/mgDCrRWdVxtd5j1tgxvgbUd4qEQ==','2024-12-19 19:11:31'),
    (85,'AQAAAAIAAAAKAAAAEPDwsxo0bOpOTy/nbloNcUomidD3JKtuR2Rs1yNbFRwjQ+2V9R4UGuxwXsb3sXpWhw==','2024-11-28 10:14:21'),
    (86,'AQAAAAIAAAAKAAAAEDLvUUzdBbcnPnHRM1nH6314aY2IaX39HzquINTb7B4+pE2YutGXt/sTmKn1kCdVgA==','2025-08-09 22:41:26'),
    (87,'AQAAAAIAAAAKAAAAEAaZ9VM5+z988cTjjZEhiDu42JR5f1Qc9O5paUlfT2ICHbAyz2S8xfu0O94v/DQYaQ==','2025-11-24 18:42:15'),
    (88,'AQAAAAIAAAAKAAAAEEZM9vqSPBtbKYbDBaO2YesAoMc12VMjMHE94z8aB1M7XRgF6WKEw96wrpotKIWqjg==','2026-08-21 00:31:24'),
    (89,'AQAAAAIAAAAKAAAAEJJwnxydjRSMovRAXVCJpe4TFEdqCloEyqqKU4jy+7I1YG1qBPdeHa0liLQlnbRTEg==','2027-02-18 15:06:38'),
    (90,'AQAAAAIAAAAKAAAAEKvBi4ecrJTFrCGqcI5n6yJk/T2HgI8mW/saPViUUo5XNJlg9D2JM9FV0iwG1tkTcw==','2025-11-27 05:45:13'),
    (91,'AQAAAAIAAAAKAAAAEHA19qUxYAWxjG2Mypsle5UvPZNVQrCdxDpZ0m31ws8/sbF1vid3KCzSfRyAZNp0SQ==','2024-10-17 19:06:15'),
    (92,'AQAAAAIAAAAKAAAAEAVX27rPAUAcANZi85UshBG560G0+4pqSLMQPRAOhiDEiCrXPHne1TLysfeCDEv97g==','2025-12-04 07:36:58'),
    (93,'AQAAAAIAAAAKAAAAENLY2HKIxHqN1rYaIO0ATKSmuktCUFhHdRG6V2jF1/pNW0NhpmyHh8oBkX6+LcsvJQ==','2026-12-18 14:34:36'),
    (94,'AQAAAAIAAAAKAAAAEJd+2qYDWLMWQ4n8bx/ZwjvWxKkcWfqo10eUHvQv/xUEh7FwdrMCrViuDocvVPM64w==','2027-02-20 10:20:13'),
    (95,'AQAAAAIAAAAKAAAAECZyeKa5kT1NjkUGYcRUCVQtJoF/4Wg0eCEmx9HoNwEE6SuSbeMerbXAs20bYSHLkA==','2024-11-15 07:39:56'),
    (96,'AQAAAAIAAAAKAAAAEPblxz6v5ly6+VnyUuW7Zj17QH/HEdpKuzQzodwM0jNth07DSeq0nnv6jzVUo7qZDg==','2027-02-17 11:18:38'),
    (97,'AQAAAAIAAAAKAAAAEKP30V43Q7jFeDH4OmMRHli7fbQSwiU0cu3GHRcpYn+sDMEmcw9v1OiuPgRWrY6u5A==','2026-01-26 21:07:46'),
    (98,'AQAAAAIAAAAKAAAAEEZ19yQgNS5InYHXcYpEtPRW79Lx5qyGOrWVbVftSQtEgiWFleE3so+BBiDcxz9DTg==','2025-01-17 07:12:06'),
    (99,'AQAAAAIAAAAKAAAAEBsaYZ0j/faNfrj2mAm+THLcPPeJ/R8cjqcWMBAhS417Uf35yoMWHuuaSKxUrl7qtg==','2026-09-20 18:31:19'),
    (100,'AQAAAAIAAAAKAAAAEJ98/ZWwrbUJ3JbxuLLqLM9JIsMxPvPfydrg3Oq0HuwewlyX7TcSYcP9xS4BQlvKxw==','2026-11-27 10:26:02'),
    (101,'AQAAAAIAAAAKAAAAEEJN0aOqPcap0w5zvuhH4qfHeAYcoLFuK8ApL9ickyV7ZCbnDwQF6s/zcJHapZ3ZZw==','2027-01-29 13:57:19'),
    (102,'AQAAAAIAAAAKAAAAEHRNJGNu95JxOUreJgBjaEROJf7GxdANT2n9JaAGwp2qXB4BcvfaCZmRWwSXR5Cwog==','2026-04-05 18:33:23'),
    (103,'AQAAAAIAAAAKAAAAECer2V9w2rj7yvZIIYLwVZskEjARl+i8CWPCk7XQrsgXTda6v9VCkIlWzvTJL45i6A==','2026-12-09 02:56:25'),
    (104,'AQAAAAIAAAAKAAAAEPZPgOJ3oUky96olL9mW3NjBbxzR+9h2907H/j15GVKc9AK1u9cLiaY/OKLs4WzGVw==','2025-12-10 02:52:16'),
    (105,'AQAAAAIAAAAKAAAAECCZKBQ5qr73CiEm2upOnBDrKlsD6BZo0tdQ2GdvUWjbROn3QPGsJW4DJuqOEHznhQ==','2025-10-22 05:34:59'),
    (106,'AQAAAAIAAAAKAAAAECMkv47CrR7QVeeqq22PRKVVrJT1D6vQqbEZtfj0EGdg1BvNXZnT8kYZqeP6cR0F+g==','2026-06-08 13:52:24'),
    (107,'AQAAAAIAAAAKAAAAEE2AQGlKKLsGtUk8Jo2pXNj5N372eWEZxw2E8XcyesQx14F4ypFU0+sKZN3sGSd4Jw==','2025-03-09 04:11:50'),
    (108,'AQAAAAIAAAAKAAAAEENdtrgep+GnaKJlXnDxMjFYFjFs3V8NU2hK3/g7C5Ae7pwj2V5regO+EsHvyb+bTg==','2026-12-17 04:39:31'),
    (109,'AQAAAAIAAAAKAAAAECUMLpTWvXF1jwO06GV2Xh4OhzO7HBYMap0sADkC1UwQ8DOfcGzzjkPGTTvVLV+5qQ==','2026-11-07 03:37:56'),
    (110,'AQAAAAIAAAAKAAAAEDYxbBVVzJZMokM0e0fqJTCU6tDSf5MJyid/vA4vY2oLoIH100aQleBLmS4xTa7Ajg==','2026-01-21 19:16:11'),
    (111,'AQAAAAIAAAAKAAAAEAE+dRnn2hTjAf4Vq86AiMaIJvYHOFJYpa9psFX+UvoS9IV2CpJQnla9z+2Z8Qze2g==','2025-10-26 23:53:38'),
    (112,'AQAAAAIAAAAKAAAAECeVdY0+0RgKpfzdZB2RTOVrd8ocf5pTDmCJqaErM8Vxgv32kICkgugTE3l4aRdR8Q==','2024-12-07 07:47:00'),
    (113,'AQAAAAIAAAAKAAAAEHpUEOPfVWy+hO37nnb13TjkeqMqH9trv5fOAdKgKMmBAZ7+sx2XQDqfpyUxOT/siA==','2025-05-21 08:54:28'),
    (114,'AQAAAAIAAAAKAAAAEB7fxBVWE4hh9o7AO09O2qGn1CBUpoglyYlfXdBhhfloc2HRP2Zmm1pYwevRwHO+YQ==','2026-04-15 07:10:45'),
    (115,'AQAAAAIAAAAKAAAAEPX2uYSnkOPdvDRmPASF/NP5pD/KM7YewrOBbDSZIunDuuZV9a6eW+WV7rnK271tGg==','2025-08-05 02:20:47'),
    (116,'AQAAAAIAAAAKAAAAEEfU8R7zVgS6s8EJJW1PmvF1aZR5EIFXwrNkCcS6KNg1XoH1HgSczYP6SODSUOBdkw==','2025-03-08 08:57:36'),
    (117,'AQAAAAIAAAAKAAAAEGNoo/4/YjH/2BePAUO866y4wHZVyRtVI0NW6UNHyprzxVmtzRUb0Y6GB7MnjTH5Wg==','2024-06-03 06:09:24'),
    (118,'AQAAAAIAAAAKAAAAEBiz+854XPQiM7PebgHz6IOBRFpIYM9vzeN9QgDk3qVjGBksm7hzR7qmKVQaORNeKw==','2025-12-19 23:15:41'),
    (119,'AQAAAAIAAAAKAAAAECoattpmD6a6nJa5U3cJRDfIPmPshqX0LzGSEQDBMniBVpRQAM859UjBDNLD+RPXRA==','2026-03-10 05:05:34'),
    (120,'AQAAAAIAAAAKAAAAEOkiisO72Q9dtxyzvLgp/e/zorTtPIA2yWkgTmhP32RRpUCg5ZcivfgI84K8mpwuPg==','2024-07-31 17:50:39'),
    (121,'AQAAAAIAAAAKAAAAEHIYbT0oWsaIm4Cj0im8nHDyH+TXWiBzCZDAUYJihhzN8zZn1zHo+7tWXuQnPIGSjw==','2024-08-06 20:13:29'),
    (122,'AQAAAAIAAAAKAAAAEAFzUgd+ZTI4RDT5XPpstUJJZi9JwkzeoO4X1+XKu0EeMgSwYOLD6VK1v/wOyTF2UQ==','2024-06-25 08:52:40'),
    (123,'AQAAAAIAAAAKAAAAEKaIA4JCTl0HkoLOn5TrdEK0jEwbhUsF71cAlmUuCKa1aYKcT+0W/r054A0OnjPPzQ==','2026-07-18 19:42:17'),
    (124,'AQAAAAIAAAAKAAAAEB3uPArxi3NzV4w1IuDDBtzVmbMALGaTmnrkwDk5A5mH57JWJ0jvX3bt/KCg9l/jaQ==','2024-10-20 08:15:06'),
    (125,'AQAAAAIAAAAKAAAAEDQJYh+yTl7xf7dt27QOoTl8ZdkPzVR0JsTpwhE4zJT0FPablMzvVoptxXIZmG2LTA==','2025-08-15 01:54:09'),
    (126,'AQAAAAIAAAAKAAAAEMdoOeflWoPwpl2RoT4yLUGlUN86R6apOPmdh6h5TRapCI5wfpyEjKv3yZDuVwSjZw==','2026-06-24 23:59:49'),
    (127,'AQAAAAIAAAAKAAAAEFea7V3rK92+chaVXH+j5tdZj+EMIXkE+Vhd3Rc3Bmhr4o4yDABtlP+w97TvltOXoQ==','2025-02-11 21:27:21'),
    (128,'AQAAAAIAAAAKAAAAEHXjvK3p6IDiWrYAuuTjrVwqLA34XOrWc/1VVz6ipFhrVN5suNfOSKOfQI+8TyFIXw==','2025-07-02 22:32:38'),
    (129,'AQAAAAIAAAAKAAAAEL6FL/E3XSY3lJNgjeLq+VNQLB1Ty+tSCnj350373V/mDuMq7LZEvc13tuuN5JgADQ==','2025-04-21 16:50:34'),
    (130,'AQAAAAIAAAAKAAAAEHP+wBxb9H2YLphDcoEFKJlSRfDMK2yrhjbRJrZHNWQEnIwhSeYwjxZjOZJG+x+epw==','2025-02-04 07:15:04'),
    (131,'AQAAAAIAAAAKAAAAEGT3N8LVs9xDQoaB2WWjF7bFWKmUPZaZeMV5hKgeOdr7arUThcGElvjJQDrnZtR8ww==','2025-05-08 20:02:49'),
    (132,'AQAAAAIAAAAKAAAAEE9IegvK161LuG9d7HQWXFs8LhxEckNoZ0Ms5As5nERb9viy2IN1fu+RFneGUDf19g==','2026-07-04 17:06:00'),
    (133,'AQAAAAIAAAAKAAAAEB4Tn+DiTpHyvR3BixLROY/iahHMqDmZK9Vw6lSGs153FC4TOndXys5ofLjAmxsqcA==','2025-02-02 11:11:06'),
    (134,'AQAAAAIAAAAKAAAAEP5LfjRTMpWGT+I5Gfaf0BHiDOtSCUd3yBMAZu6xyP5sMYuDgMJurvwOz4dXfxnF9g==','2027-02-04 08:27:02'),
    (135,'AQAAAAIAAAAKAAAAECSmtfU+qMWeoDyp8qgsSLr0xzf8IYvgg0XbDhtW6eHH/G55+BrmSldA1GKPgdFhuA==','2025-01-22 03:32:22'),
    (136,'AQAAAAIAAAAKAAAAEOVIcE7V74fT+QmjvkyX13bxks/cA+pLNCWeQsyGxDInD40tK5NHTgdmqBLjjd8z3Q==','2024-08-16 05:27:58'),
    (137,'AQAAAAIAAAAKAAAAEE50b6py9K63BRdWzY+llkURQyAYd67w83DGtznt1zjrhlSqnsvX6HDgAQ31EW1P3A==','2026-11-24 16:33:20'),
    (138,'AQAAAAIAAAAKAAAAECZLNQxyYqpufmZ7z+5QrPVydMZnT3GSAQ2chs6aE1dz5SPEnJ1Zzs+xEiWy824KZQ==','2024-07-19 00:14:04'),
    (139,'AQAAAAIAAAAKAAAAENpNFa1ywJBO1ji2JhBQcI506DwD7L0TXxBOrfq6aflIrrZedxjNIBcNUFm6xz1+sQ==','2024-05-16 01:17:42'),
    (140,'AQAAAAIAAAAKAAAAEGJ41gIYkMe6rQ9HqabjQh8AVwdnAyklR2PFt65K6CE4XnsJeXsv4us8Ei9ADPcgaA==','2024-11-14 05:18:34'),
    (141,'AQAAAAIAAAAKAAAAEHqJqrapgZmQr+aeqsd2XVuNC3/GuNKVuSuz6Bwlw3a8ABvlIHEGebd/bG8ivBygzw==','2024-06-02 14:21:35'),
    (142,'AQAAAAIAAAAKAAAAEHBF4OEGSWg2qJEQ4I8/JKBWR2AU0FvYSdbPh9zKiUbohvLCPJfcVYvHUyvNhY4Nmw==','2027-01-06 09:53:41'),
    (143,'AQAAAAIAAAAKAAAAEKufZCQm/5mE9Z/vdKEd+qNvzZv0G19uuNDWJz7rwcBxJz2nnXd5KR/v1b1d7QUgXw==','2026-12-07 20:51:44'),
    (144,'AQAAAAIAAAAKAAAAELppuj09TjQA2beK5wr0z8hMWgoTTwh7wNPNXZ2ac3g+s+2XOS07M97LMK/uk3ZOzw==','2024-06-17 10:35:37'),
    (145,'AQAAAAIAAAAKAAAAEKoc+lhwSaMdM8SGbk7sMvmINfEjah8fif0Uw2eFGq/ThDYRq2ymVuksVSahX2eScA==','2026-08-31 01:03:06'),
    (146,'AQAAAAIAAAAKAAAAEC7A+i18mqJqiUCoOVRdU25jKrteeovnx5CeR1u9Byf1/X0FYbrEcg1BNUT8wbLwXw==','2026-06-21 16:05:10'),
    (147,'AQAAAAIAAAAKAAAAEPtcyKgWasXE/9DwEcVNb2phL6rbVcqeajJUK0z7lxAAwZv+lJZ0TA9iOzCkkfrQ2Q==','2026-12-03 14:05:32'),
    (148,'AQAAAAIAAAAKAAAAEAgNvf8a8C3DAUe27ZP45e4j3bVCJhpsNdqV50pj8MUuOUxNCW2T2wLAKpoyHEBJtw==','2025-07-18 22:47:48'),
    (149,'AQAAAAIAAAAKAAAAEPTaZlDBSxe5IxQ2TrB7vt5XQVVQPdwVp3uUW6+Alo+/i8Pcpo4ZTgYji8VyOHonmA==','2024-12-28 06:37:21'),
    (150,'AQAAAAIAAAAKAAAAEFVZeNJIHjgcgu1t/x4MVp7k+Ni/vMSbdoZsUssdXACKPdIlj9Vv/aT8ipbpIBsaag==','2025-02-06 12:43:16');


INSERT INTO bsze3_blog.old_passwords (id,password_hash,expired_at,user_id) VALUES
    (1,'AQAAAAIAAAAKAAAAEHo68eyljw88vWcGk3eTFMtCZlvryaaQ1aLY8J9/tNnHBr76aXQHdEkRx0gdudsFAw==','2016-12-28 23:57:50',1),
    (2,'AQAAAAIAAAAKAAAAEJlnC1TnSH9Mbx8DCl+7RR5+BlbABd37QO02MnyrpwyhfN7BTAcrweLKWeO1ULLpmw==','2019-12-28 23:57:50',1),
    (3,'AQAAAAIAAAAKAAAAEKkhfpwYJQVHCuXggBp2dceKKVld5iasOByFRLjycJaAQFzrFMDlizcqyYBo4f4NxA==','2022-12-28 23:57:50',1),
    (4,'AQAAAAIAAAAKAAAAEJIfvtxiVicLR7M1yFGuTZLT85A2JOxCAuA6eLU6ClurKBt+yfipxfwCS8roEOtXXQ==','2017-10-06 00:27:14',2),
    (5,'AQAAAAIAAAAKAAAAEBXxMXGwCzMRgQ0pLdk8xvmnhE610+g0eEwVAQwx/iUnQjHco+qCq5duFB7WQl2ZwA==','2020-10-06 00:27:14',2),
    (6,'AQAAAAIAAAAKAAAAEDR1N1N2oGJwW9Ngjy2y4Ny/fNOUnTGGiFO1hp8yY3V/VnC/Llt/nadlX1WWhvWb9Q==','2023-10-06 00:27:14',2),
    (7,'AQAAAAIAAAAKAAAAEK6XrXQhK5yS64IFr2ruvjFtiJRa8WxojAAyXzG3Wwn66CHvxYckz1jm2S+eS7Q47A==','2010-04-17 10:50:34',3),
    (8,'AQAAAAIAAAAKAAAAENahvbIRT02Kl2jnn3+x+KORIA0nwMOaNzD0V5UVlyrr75jU0tpsL2v3wAQL1hWvNA==','2013-04-17 10:50:34',3),
    (9,'AQAAAAIAAAAKAAAAEPtMQoYdU961pOBiu2RgA5BNNoErtuGYjCZNUnG4BzZh1hY9tQRwtPT7obEq3FPmrQ==','2016-04-17 10:50:34',3),
    (10,'AQAAAAIAAAAKAAAAENohFBVNaQaniSnWTTiGcRdiO4bzhkpQXudCun0d3su/1d78QRVuE85LykVYaAywaw==','2019-04-17 10:50:34',3),
    (11,'AQAAAAIAAAAKAAAAEAz6Zj/SubmpLhcV8pSAfYPBscJ70rX6SNgV3X3UK3FfaMuKWxy0Yne1isDb3O6oPA==','2022-04-17 10:50:34',3),
    (12,'AQAAAAIAAAAKAAAAEPfQo2ocHj1OZJNtfSfw3XmccD+1DHBgBZynLca2+0aM4j5A5AJzFuEkMUD659Kw4w==','2013-03-28 22:54:28',4),
    (13,'AQAAAAIAAAAKAAAAECSfeqM4QXZUsxCvlOhRT3v6ABD7nt1KiFCoMGzToFQwHTRS6kKOllljkMkt40tlBA==','2016-03-28 22:54:28',4),
    (14,'AQAAAAIAAAAKAAAAEGJVg9vZOiieF6OyCX7TpYaBhehLLvAUm3rxleHQQfv6bsv0263RmxL3hzZAvxslKw==','2019-03-28 22:54:28',4),
    (15,'AQAAAAIAAAAKAAAAEMr7J0T017xZKFBJ6sEgJ3SsAWXWQ9oDG7s2toiltCmfyes9lV4JwaCRskE+uXJwzg==','2022-03-28 22:54:28',4),
    (16,'AQAAAAIAAAAKAAAAEFdwh+jbzok6qiVhLM72UP5NZ6m+3KI9f46oo6Ts5QUkJlE60jgTGJgKtn/Dzgr/pw==','2018-04-12 06:26:12',5),
    (17,'AQAAAAIAAAAKAAAAEItNCMbmOLMDeHeX68MGtSnoi00oOYeTgCCl39XypPdKiYre89s3NfmhY4Fur8df5w==','2021-04-12 06:26:12',5),
    (19,'AQAAAAIAAAAKAAAAEJLIfw0llk4vHi1CWvhfYjT8OR2WWiR0XZEb0hWNueGzSWnf2PirMZ203V3MGai4QA==','2016-05-06 09:22:49',7),
    (20,'AQAAAAIAAAAKAAAAEOWG2CEGF26mMEbb+x2IO71x+y0BmO7ONTbDV4ISn5Nkew5rv6wqE4WWneNzRk4pKg==','2019-05-06 09:22:49',7),
    (21,'AQAAAAIAAAAKAAAAEA3HCPqO5Ipw1Tw5VdOmJNugbPglyb7Ep2JLU92cuaQQ0gpUkq9xv3bjrgTsF9yRsA==','2022-05-06 09:22:49',7),
    (22,'AQAAAAIAAAAKAAAAECL6x34/8IaxDrts+pBCFIkKzV5AseB8YMpcgdsCvvkUK1EG+50kQ5rKWapHr38+Pg==','2019-04-01 16:43:52',8),
    (23,'AQAAAAIAAAAKAAAAEFNwt3xfUejK8k1/yOIZ4cU+m/Xsku/wj1oxo2VDRuexWCE+x34APryYV7JqEcqLIA==','2022-04-01 16:43:52',8),
    (24,'AQAAAAIAAAAKAAAAEAxbOviYS3Sux9ZBA85CEXjxa3vrYV6PAl/hXVwyxo7rChcFe7U8bF28+DGekoZ8nA==','2014-09-16 19:10:15',9),
    (25,'AQAAAAIAAAAKAAAAEN5JnwvHyfN/oabJL5SGPyj1wExUAS1l+S+qlUjJ/45V19bKG7TYWe4XJfOnAnmbNQ==','2017-09-16 19:10:15',9),
    (26,'AQAAAAIAAAAKAAAAEKs0N0CLfmzXLISVv5MG2kGdkVtZh/dxvxgPAFTQ07INcglyJ3rYq7qLcnTpLz+AFQ==','2020-09-16 19:10:15',9),
    (27,'AQAAAAIAAAAKAAAAEAdJmhJ53EqjtjxIyeoD6QIY1+7ZO81yM/vNMW1KlGYTFVAXSkYXP+wXhSN5G7410A==','2023-09-16 19:10:15',9),
    (28,'AQAAAAIAAAAKAAAAECrGsxnzhA0euQr3tYptRIe+LbRKTSxjv7wLQbA+HxsSSIe9RkHDkzE92bUAAQeozg==','2022-08-02 06:51:58',10),
    (29,'AQAAAAIAAAAKAAAAENFNtr1kiQSjCGiGmK1nDdK1LBR4X06dsibDROAp6y7B5vejckzL4D6DtJlR/jPItA==','2012-10-24 20:58:04',11),
    (30,'AQAAAAIAAAAKAAAAED2KutoTtS+4mbrmsc/OkIHcPfNWcpRhZ3Kk8oq6uW3RxGUcHrySRP/GYkhIsYPkvg==','2015-10-24 20:58:04',11),
    (31,'AQAAAAIAAAAKAAAAEHJdZxKTA/ElTyjYNuqNsukMZiJIjCrjWmufCqR4IDzudNGj+KMqQXE/O8Z7EewL3w==','2018-10-24 20:58:04',11),
    (32,'AQAAAAIAAAAKAAAAEH+b31cRr0ky95bJMKvjupyiWJS7ZJrYb0i/vsH2VY2tLb3S/exXvoaRMtYIXMCdEQ==','2021-10-24 20:58:04',11),
    (33,'AQAAAAIAAAAKAAAAECduG4AsCOFKGBeyWGLPSfU7L9ZQdHErXdjqLZ9DK47Ivz6NkFuGYgB01tlswKJIZQ==','2016-10-27 07:05:18',12),
    (34,'AQAAAAIAAAAKAAAAEDa4ZZJZG8r+PG2a+6fCSV4FTgXZyxIMMlZ60uyKJOFYA6yscG5imTiNPxP9VnkDBw==','2019-10-27 07:05:18',12),
    (35,'AQAAAAIAAAAKAAAAEHpZlet03CLyT6zphaYfJB3ojxLGYfRc0z32DVEEFdPvMmFLK0EAp+jzsIx8I0qZkw==','2022-10-27 07:05:18',12),
    (36,'AQAAAAIAAAAKAAAAEPAA05Vc51szegt49uxF3/E3OaxSqNNdJKhQg38JzK3yonCIvb2+fN5FdKXVIqm6pA==','2019-08-14 02:02:29',13),
    (37,'AQAAAAIAAAAKAAAAECtj6yaE+nBA1zL8g/ouWZ81MCxupdosQkUCwUXCihoiS2pfSvcI1EXRslCPG7EhDQ==','2022-08-14 02:02:29',13),
    (38,'AQAAAAIAAAAKAAAAEG+gbfet664T4jcMETiJ5d0EJ62TMAbjb05T5NLP6FUthAmtUytNzTDlGGkdO8QvpA==','2022-05-19 09:10:35',14),
    (39,'AQAAAAIAAAAKAAAAEHqgCJTKS6rrKu0im6Vby5m+mFNqI2nmkmClAwM+BG+QYUsN9PBBcRBiPQN7lIsvcQ==','2015-08-11 16:25:28',15),
    (40,'AQAAAAIAAAAKAAAAEAC4r9O+uu0ncFIh1ZgEtMV44tW00q3Ir3xibQJJ/F6YHL28QAMr0R3KIy4CKj+z4w==','2018-08-11 16:25:28',15),
    (41,'AQAAAAIAAAAKAAAAEOr4/cCSpBZNT0uar+xWDZEALQzXZNlfOFoVZILxOMpOmwHfJghZzwtWQaBnGt6KFg==','2021-08-11 16:25:28',15),
    (42,'AQAAAAIAAAAKAAAAEN4QFbKIyKCMfovMtH9uwcgtgfcvzsb2IJu2Fc+eZK/daaKS80oQZogsZDFbnkSfKA==','2011-10-30 16:59:40',16),
    (43,'AQAAAAIAAAAKAAAAED/eJF2u0vN0bz/SVJpo2OHc0J4H5IkBbLIAimhnrwpr1cGJFETYY5w/Z5fy0nOUGg==','2014-10-30 16:59:40',16),
    (44,'AQAAAAIAAAAKAAAAELzXrmOJ1hjp43YsLpgvjwYXW28abJItd5jmX9AFegBjhaYstwgUeFXu0KiaWTZaYw==','2017-10-30 16:59:40',16),
    (45,'AQAAAAIAAAAKAAAAEJkHie+sgthBF68hbXnf6Ric5XP5kCrX7FnMWj8AMzUXpFz6Nonpt+DOWTuBYNcWkg==','2020-10-30 16:59:40',16),
    (46,'AQAAAAIAAAAKAAAAEAk+5ErJbHsu7gy5nAMyQlzdupgCsio/MNzbCfjXGlJKdzQMWKQy5CPOyf1eoLUlZQ==','2023-10-30 16:59:40',16),
    (47,'AQAAAAIAAAAKAAAAEEE0LhzOjoDMhuiZO8n4dRrOVSI1PjQCSebD6BIAO4v5BEtM7UvdR7RRqiSlgjiW4g==','2015-07-31 06:20:08',17),
    (48,'AQAAAAIAAAAKAAAAEHpYxueYAdxwW+SDpwLx8V1oh/8jNqL/WGUn7PlPSYZj3Q7V69Os5OT/hRG7tEPz+A==','2018-07-31 06:20:08',17),
    (49,'AQAAAAIAAAAKAAAAEGtZv80NEgHFm1ESQ57y25cimiebu6LvVZAxi7VLg96BF/KTRtO7k+4ZRjHd1wbVhA==','2021-07-31 06:20:08',17),
    (50,'AQAAAAIAAAAKAAAAEEZ7wJvvZLoHWWHV4LjKtQEHS0dZwJsy89bAuoPPJQ3rqRM8UFF/xrYzWF85r1wPqA==','2022-06-20 02:05:33',18),
    (51,'AQAAAAIAAAAKAAAAEC67oIg5G7yqvkhpemU9DUvwCusreiLO2WNvrUT5dF13q0yF/1zKL7uD0N9sR26CEA==','2010-07-17 12:26:52',19),
    (52,'AQAAAAIAAAAKAAAAEO3NdHYKa2g8JGYNQnzHqiF6smkDO33ZfmpXinUwR5R7qjfs5OudwmxLX1Rxs29ZqA==','2013-07-17 12:26:52',19),
    (53,'AQAAAAIAAAAKAAAAEEoOpAOju93o9nzjfebyl4UKiMs+lyDwnjYFIbctPPJc/cpd1iGT/C8DLdj97O8x9w==','2016-07-17 12:26:52',19),
    (54,'AQAAAAIAAAAKAAAAEM+PY+ylvuv4+VZhhn56ApeGOTDsNlrZE0BGeeeZLRdSu9SDFsJVQpmDUnTo4hUKCQ==','2019-07-17 12:26:52',19),
    (55,'AQAAAAIAAAAKAAAAEBk0D9v405vKVjqGdgymiqeLnMarG3yn5WeCssMkzVkHYQRHYYFNpbCeeBXrGK4A0Q==','2022-07-17 12:26:52',19),
    (56,'AQAAAAIAAAAKAAAAEEcmK54PuMVg8sYZGnAQcyDlw+zfeGonD32hC9lzhh/PCeZXW3DwJwEGu2dDumqpHA==','2011-06-01 13:19:05',20),
    (57,'AQAAAAIAAAAKAAAAEFrS02oz/UIJqTewpz+yDY9m1Z5vVCInvo39QwOGAYhp1o39m/rr/VAS3Rwj5IKb+Q==','2014-06-01 13:19:05',20),
    (58,'AQAAAAIAAAAKAAAAEItXI0rIZQr3b+WSUthKeWvLWmCBA6IaZbZTwKM8Z+ZOdYcnBwJNl9REKsW4vwP1pg==','2017-06-01 13:19:05',20),
    (59,'AQAAAAIAAAAKAAAAEKcUHvBk1nRmExxTpQ1tWSoVi4W5a3w4Ck4SBLOx3OIynDgdgqLSe/ByZEee+4NIxA==','2020-06-01 13:19:05',20),
    (60,'AQAAAAIAAAAKAAAAEKOdypDISghViiYAI7nKpJCBLA5M1E6D7gBOeSc7+ijXe5E5An43AkLgSgjRJqHbXQ==','2023-06-01 13:19:05',20),
    (61,'AQAAAAIAAAAKAAAAEC0LQ5pdFGTsBfc3mxoDTBU1ZqoU+XIznlPcXIMYHpxYC7DUtUFq7S8kWN1NufNodw==','2014-03-29 10:19:27',21),
    (62,'AQAAAAIAAAAKAAAAECIxrHlP64h2hDaoJvyWraCmk9mjAVOUHHU04oPP1P/1wUg8JRi+l1kDEQ0JxojzkQ==','2017-03-29 10:19:27',21),
    (63,'AQAAAAIAAAAKAAAAEOk23ScUZN95IuOb9D+LG3/v21LFNMs8zVs1JWsGb/AgJbI8oebue5Hx46PwCqbO/g==','2020-03-29 10:19:27',21),
    (64,'AQAAAAIAAAAKAAAAECEhlt2qLLQQiGX8Cloka083FeEdeD2ysTutPEcc3szPdRsMummINpNIiMCZ24pNQw==','2023-03-29 10:19:27',21),
    (65,'AQAAAAIAAAAKAAAAEGox3X71Fd+x6qw/kNJtZouhTIBQ9GvEVLC16VN74aHFdSpvRhH29Lr7SEdWwjigzw==','2019-01-18 01:49:22',22),
    (66,'AQAAAAIAAAAKAAAAEAP2tF0IeMVImXdh7J2oth/7B06gYNvmT8cDbei+kPovT6X4j7Fl60DjhSu2YLbEUw==','2022-01-18 01:49:22',22),
    (67,'AQAAAAIAAAAKAAAAEPzHPRC0gBt00LUa/w/Se6110lIrrN9z0rpEeMEa4yuatOTwghekjsb7n0bCjmNGlA==','2021-02-14 23:10:44',23),
    (68,'AQAAAAIAAAAKAAAAEPZjg0grM1+oTVBnNnpI91Tjo2yrE/ldQCu490muq0XvKzHn3uol+mHps+S2+FC9Nw==','2024-02-14 23:10:44',23),
    (69,'AQAAAAIAAAAKAAAAEAA+yLzCEpPR7q0tba4VIOi73UcaOKysWmZ0QwcOH3n+sS52DqsPqctGFJBKyJ5mHg==','2021-10-07 14:49:17',24),
    (70,'AQAAAAIAAAAKAAAAEG5XmMYEIEChbMWKafj65CRyn5uTmcZu80Ex/QPXO8GQ+Wuho5tpSUJxHhDi/5Yaaw==','2010-05-26 07:38:07',25),
    (71,'AQAAAAIAAAAKAAAAEJvsDQSgxcDQDfeyb8sBJQ9BrWqXQ7F/Y2N9lurxbh86IJyOvB4985VaacJniAYTdg==','2013-05-26 07:38:07',25),
    (72,'AQAAAAIAAAAKAAAAEIt2xgWPN8g0zS4YirFt62IndJKV4OXX+W9NFJCD7bKU4dVXkHI7DX64FbUJVhSnag==','2016-05-26 07:38:07',25),
    (73,'AQAAAAIAAAAKAAAAELlbA/hg258FfMmAi/PbYBUl4iNnaMUKQ2dXz1R4R3ZBBTsA/PWyKrAoFLgMQpKcOA==','2019-05-26 07:38:07',25),
    (74,'AQAAAAIAAAAKAAAAECNV14xqyQ6kBF1A5BjbMpomGROcj5MkNc1qMntzADK+e/SQ5HDIWcpMlqbYXrwpxA==','2022-05-26 07:38:07',25),
    (75,'AQAAAAIAAAAKAAAAECvTb/uxTkhoZ3TprVUwniZ75gw5TY90vjuf8pNHNZ53o/vf5yHugPS3janfslmNmQ==','2014-12-14 02:09:44',26),
    (76,'AQAAAAIAAAAKAAAAEAOLqjMJuEzVuTdeHNnS/4LZJHzLnIcfAmcLsECyqaU53p5XMOLmlAtMsYWm6bekgA==','2017-12-14 02:09:44',26),
    (77,'AQAAAAIAAAAKAAAAEGi6PbvZWvvm5lT9e0UKYCflvaB19u2F5hIoEPNBZhVhFVOX8NtuJwNeSk70xvZVFw==','2020-12-14 02:09:44',26),
    (78,'AQAAAAIAAAAKAAAAEP15sqLiEyz2yIOgPVyVBsZdXxhHP15sY3lnrIXtJAA93RJYlCimZvAbhw2reoRdvw==','2023-12-14 02:09:44',26),
    (79,'AQAAAAIAAAAKAAAAEMECXg9dKK9T70GTGJGdgyr6j/yHhMYfpwc4Wvn2PfSkRdm1U4+3b5mAWp7rHStgPQ==','2014-09-30 03:13:27',27),
    (80,'AQAAAAIAAAAKAAAAEGpcTYp5NziQJ24i3wn7eeKGNHEbjtX11L7Ci22GXF3jYDhL5FHtbW51GeT4sClwjg==','2017-09-30 03:13:27',27),
    (81,'AQAAAAIAAAAKAAAAEEuRcEf5lUozZhDOCUPg5ssWVRL0XCCqP63xR5AnA+tTbxAl7H2QEpbSs/ulMRR9mw==','2020-09-30 03:13:27',27),
    (82,'AQAAAAIAAAAKAAAAEDretLNmNnkD+TvmlIjftcpb33WXi6uMWTcjUiZuZ782/jv7wgFNGYQAbvO1WigKww==','2023-09-30 03:13:27',27),
    (83,'AQAAAAIAAAAKAAAAENGFzH1xSswM1gHMaJOWyVtFfbrzHnoJVNQbwSZhPAUEiFSS+8KJ4lnmWeyqgZ8d9g==','2023-04-03 17:00:23',28),
    (84,'AQAAAAIAAAAKAAAAEJeR3JPkcLfc25KjBhUhFUzlsk6OEBcIBZcmKraZXsaIbxbExcrqMe2ct9a+XBctWA==','2022-03-22 10:07:36',29),
    (85,'AQAAAAIAAAAKAAAAEDQ1JAzA8Rl0vzPinypq49gSh/kWrORSuGmRPf/P7SsXUmW8SDLapxlvBg0S7H/OGw==','2016-02-26 02:25:01',30),
    (86,'AQAAAAIAAAAKAAAAEM7t9h4tVSpSk8AKOG0NnnVSHwuqj7fTNkYZ6G8/nMfligSd41NylcPJcbrw108Z5Q==','2019-02-26 02:25:01',30),
    (87,'AQAAAAIAAAAKAAAAEP8Zd5uHbwvHs/uBZBO+19mPYJ6kG9H2+IEFY4Dc8DPC7ahFZ9o60LVvymcdzyDR/g==','2022-02-26 02:25:01',30),
    (88,'AQAAAAIAAAAKAAAAEH8rFNezMCZETCTezlZaPNXAKxI2qiEhMc4eq1MkI2Z03CZRJR6C99rhoZH85G6Hyg==','2015-11-28 07:58:47',31),
    (89,'AQAAAAIAAAAKAAAAEFXaw+NZ5IIxRDFKP33lEEHUgRmeEvMenEuNHbIFPbmACdZUTBoPMGeQdXDlD3a2Wg==','2018-11-28 07:58:47',31),
    (90,'AQAAAAIAAAAKAAAAEBug93Xk07r/xTeyC/5/1UEaCgSpyTk0bGJ4RWyHKNdn16I60cFOo78U/23RmFSczA==','2021-11-28 07:58:47',31),
    (91,'AQAAAAIAAAAKAAAAEA22Ew+hY2wHTihXcj0th42L9J0tVVGGjaJRpliHbSXxLfJiOlqsmD7zP/fwL8J1lw==','2011-12-08 04:59:27',32),
    (92,'AQAAAAIAAAAKAAAAEKXNAnNkp4VXxA4kNqikpThy+LkHktKyPOXne9JFpKCAJ4uK6y6JixFPYSmynrBrSw==','2014-12-08 04:59:27',32),
    (93,'AQAAAAIAAAAKAAAAEPqy294cQ0pmqZUcRnnyWWamzuEuGou6fVq/2NPP8ZN+f6locB47UQDN6Olv7onwRQ==','2017-12-08 04:59:27',32),
    (94,'AQAAAAIAAAAKAAAAEHsWrFcjwajoTCbsRaWt+QjmAqcYqSKW0ZzJ1u5rQrrLE034kA8f7nstg7VdImTpMQ==','2020-12-08 04:59:27',32),
    (95,'AQAAAAIAAAAKAAAAEFCb7XgLAgQ8KhZSuL5THgyfZDN7XZZ69kK1lqTwD9fzSsAtDv20hqXgD0FEeCaNUA==','2023-12-08 04:59:27',32),
    (96,'AQAAAAIAAAAKAAAAEIib1YrumntpPFd644tGKY6iSdtMu+VI+EEjJGyRCUIS1nhy1EsLkhuwhn7R0ibzCA==','2022-01-10 12:57:33',33),
    (97,'AQAAAAIAAAAKAAAAEOhRKLNXc4jKa5Z8OXj+Zc++45cg43ak/+dz2B8enZnXBZLjRCDebxnuziqAg+A9Qg==','2017-06-24 21:06:20',34),
    (98,'AQAAAAIAAAAKAAAAEM6tR8nVHEHbe5E74GfMZ8BO28nm8hll55bt+jnwRl0egPg93FU4x3VfliOvIC29qA==','2020-06-24 21:06:20',34),
    (99,'AQAAAAIAAAAKAAAAEPRlE5TTLT/8lvyjSnqTRGdeG+AaMzh+cJ/l/Ty66ZZoZ1Cn9oepYaZoaamI+N/ZxA==','2023-06-24 21:06:20',34),
    (100,'AQAAAAIAAAAKAAAAEJag6Q2X1mikHe8/gsZfP/Ei6wBDPpdRUK7PO4QtxAyc0nwwMomE+JMxHPiyQEc91Q==','2024-03-14 15:26:08',35),
    (101,'AQAAAAIAAAAKAAAAEI8Eaf9NAtenShtKfFsjRh/VFYiiatUK8muforhpm9WLI5KHkZGXBhufDdEAcF9NeA==','2023-07-28 05:07:12',36),
    (102,'AQAAAAIAAAAKAAAAEMZJVrRD+aB3BtcNfb4dybSWPNVsmj7fiWdkBBf1OZGvaia5zcvTcaWjRm2lwFe9Mw==','2013-10-09 12:25:09',37),
    (103,'AQAAAAIAAAAKAAAAEPLSyhqim+KBbAl4UsTexiLMSXlskSDQmRrxRsG9hZTkZt/xL/oW/64PLrLuyqcVuQ==','2016-10-09 12:25:09',37),
    (104,'AQAAAAIAAAAKAAAAEBWWR3u3Xlzweyo6YKwN+RlnomIgjoW36Fsz6sxtPJwzMVEG08hf10m/aQ6Lp944/A==','2019-10-09 12:25:09',37),
    (105,'AQAAAAIAAAAKAAAAEHDHkkxV7UXtUZMWnEwKkUmqEdIxfd6qxVcEaL/a6q21/K4JLWvv9mAu9oDZtuYEnA==','2022-10-09 12:25:09',37),
    (106,'AQAAAAIAAAAKAAAAEEnSQ1a5T9kXbYrUHeeoZpScmIZPtTMnoxrp12UtA83WfcBZSjUKfqY27C6VBjsVbQ==','2015-11-19 23:58:23',38),
    (107,'AQAAAAIAAAAKAAAAEIuccTgP3S2fj2apw5eVE1CiYTGjSNZ90bwsRfWbSdggrfRoAEbYUnui8AUHJXQPxw==','2018-11-19 23:58:23',38),
    (108,'AQAAAAIAAAAKAAAAEF0ugFwCM7jlLdS2o+kPnzM/LDjji4c5PgFpQ71p79kpt9cy7vfaOgJpiLada6SHTQ==','2021-11-19 23:58:23',38),
    (109,'AQAAAAIAAAAKAAAAEHoXjOinktYcBesyBEFTHpJMnvcuwmTOjlR5+GTi3OHWloli92YrbulrNPE2sodckQ==','2013-02-02 00:02:47',39),
    (110,'AQAAAAIAAAAKAAAAEIrRB/Sc9jbVvSY5vQn6swDepqq624fhiImoYHacFwADGnNUkdE4yAze3JAlYnpjnQ==','2016-02-02 00:02:47',39),
    (111,'AQAAAAIAAAAKAAAAEC0mh2BxLh77k3GB7uxSJuWR0cLt+tpTiMwjJ5w+/emHXv+0+90SMg3dWTQGw1VXOQ==','2019-02-02 00:02:47',39),
    (112,'AQAAAAIAAAAKAAAAEArUIEyYVca+8K40EjgcMF6N0xYU+7FckYgvXEmTMGx6l59og+0ezUqkTBX0ltxtGQ==','2022-02-02 00:02:47',39),
    (113,'AQAAAAIAAAAKAAAAEIiuLGDDda6p7n16lgEdk9kC6SKYtIW67+YCR6J7IsdLV9ZPWZ7MQmuybHgHK+ZFpQ==','2016-09-20 07:13:04',40),
    (114,'AQAAAAIAAAAKAAAAEItbA9CJ/hSAMxRR2eN8uTe5vvMZP14pxSTEBkEbBk6f14P2R+jYTfHhDWwuBx6Sag==','2019-09-20 07:13:04',40),
    (115,'AQAAAAIAAAAKAAAAEOzmNaUiRkIn1ZMrSpVgmRxLT8mUs0HBd9snF21xe7MDTuL1Iq2pMQC5Kx1pboV/zw==','2022-09-20 07:13:04',40),
    (116,'AQAAAAIAAAAKAAAAECgQ06CqmRa2xbL3Z4ol9gPgRB0mrdTJAtNT8fyCIgH/bT/zK+yxaZr7h2PzFni3NQ==','2015-04-12 23:13:10',41),
    (117,'AQAAAAIAAAAKAAAAEMc+sak9DKKqwWwPWqCg0jVBqrvrhNDah0tIV2t8cap3j4jQ3quSPhGABhAtOYiyeg==','2018-04-12 23:13:10',41),
    (118,'AQAAAAIAAAAKAAAAEJVOIyBHbn8JnpiH5eGFLEsGpsZZlgAdwjVojTzoXPz04/nxakoa3TARTRdskdPW7w==','2021-04-12 23:13:10',41),
    (119,'AQAAAAIAAAAKAAAAEAytPtiMjKbUI88i9qMLrwGrPsou7cpIQvoNjmoc7FXVnOjAMB9kwwFRSO9zTNBqvg==','2014-03-15 18:22:37',42),
    (120,'AQAAAAIAAAAKAAAAEG6feZHSRrf+cKLpWDWbAUnjqqU07v7IRdkOqbZF87g68Xau7CC1w/RSPX8vJmjVDA==','2017-03-15 18:22:37',42),
    (121,'AQAAAAIAAAAKAAAAEEMa9rOPxhCHB9xwB9JyWvOX9kPgFxWwuzX3w2st1rMMagO3EBWVj0CZQRkYKwEo1g==','2020-03-15 18:22:37',42),
    (122,'AQAAAAIAAAAKAAAAEDD2qd6B4Q7vq6TFQdP3bSOf/Brj2gMksxvh2b9qdqzBMLDkUxUFwztj979ECyASlA==','2023-03-15 18:22:37',42),
    (123,'AQAAAAIAAAAKAAAAEMA9li/NqvGjfJ+/4IhoYbySWy/9CuEbsG9rrcpI6qOVNnDi4/MyCgZTenFDv9kb5w==','2017-12-05 17:36:56',43),
    (124,'AQAAAAIAAAAKAAAAEFIdOay4403vcJDRpL6II+SnGXYadb7IOtCS7/fx5XtfPloNUO5YQYcWxNXYKz7TjA==','2020-12-05 17:36:56',43),
    (125,'AQAAAAIAAAAKAAAAEMNwkzaXVR83dlPrQPzOhwJoigsgmYAfxV8Jcvy+7+fWtGa9Dicd3LH/+BL+ZERoRA==','2023-12-05 17:36:56',43),
    (126,'AQAAAAIAAAAKAAAAEFdv47e1iG2TcCT2ep2pMr1gTsM+phu7mo68bfoY19MfPX6QDAHpMYahdUSptMFWdw==','2012-10-25 07:45:58',44),
    (127,'AQAAAAIAAAAKAAAAEFCANuI4UxxvnHFOhnNeQFJgB8/l9A1AJFcdhbtZ+725Lzo6VKvhqvV4LczjIaTbDg==','2015-10-25 07:45:58',44),
    (128,'AQAAAAIAAAAKAAAAEHDA0OnzuchmArFTHVqNsvr4d4OvTsO2y9odMaaXLDLJx3ZK8SzwDBY+laXvN+uzIg==','2018-10-25 07:45:58',44),
    (129,'AQAAAAIAAAAKAAAAEHsv7mraaLzbvviinxY6K4nc5AEgDLoc5ZkKw5cSxNxCppcKHQDDgkv4R5kN3tnmpA==','2021-10-25 07:45:58',44),
    (130,'AQAAAAIAAAAKAAAAEEYqc1EGriwYzQQi8Q9Bjas37uzruePHHSQCrfT2wMdqQxt7Z9Jz1MLAhlqavwxtSQ==','2014-06-03 13:40:03',45),
    (131,'AQAAAAIAAAAKAAAAEAHrhGolb656kpa+pyWXSdupYKNim5aL52aIZNksBMdY9dfMm1S2hot5Rdz1CcT7lA==','2017-06-03 13:40:03',45),
    (132,'AQAAAAIAAAAKAAAAEFlcaRhPl9VLpOLVXJmuUsqRx7ibp22iudKeYs/fx1y3dSBOx4uYRrDxX0nBCxKs1A==','2020-06-03 13:40:03',45),
    (133,'AQAAAAIAAAAKAAAAEM/E4j5q7fUnw6l/yo/CjCxAIvMuWIYt3fCw9lISqEWJBGGgdPjcfHULIB787dYUmQ==','2023-06-03 13:40:03',45),
    (134,'AQAAAAIAAAAKAAAAEDf2L707rXBv5ng26umPWEhzvE8rVn56GItRGHd/hBvvN14Ms7lzZHDpjb7KgJjyCg==','2010-01-29 02:49:53',46),
    (135,'AQAAAAIAAAAKAAAAEFEOOHeJsvUiqoVvlZ8P8sqfrocmQN/A6/CFygopqd82/5niCIZ5ATptDuXvBszKmw==','2013-01-29 02:49:53',46),
    (136,'AQAAAAIAAAAKAAAAEBV8NYj+gYAhDWHPpBs4Z4s3Lvq4tQSS1kKlOnlHpa3E6juCNeub8W742qebtcGksw==','2016-01-29 02:49:53',46),
    (137,'AQAAAAIAAAAKAAAAEE1/OEX1A8UNKeGG624wQQgGFx47hbcCzSgWfd58BcYdosDIY3BPfBg5//DbpGJRew==','2019-01-29 02:49:53',46),
    (138,'AQAAAAIAAAAKAAAAEN8xYSVeXwuEJQ42BFPVRVB83S0rj+5DnB2rEl33FifHWuMTrWY9KiE3UBRtT+H3Iw==','2022-01-29 02:49:53',46),
    (139,'AQAAAAIAAAAKAAAAEPSGL/FfwYsFJHq5EGVYtDkMrTaxFddsUUAzoSPenL8X8Pre5aOtfr89X6UPgoUx0Q==','2011-02-26 12:16:16',47),
    (140,'AQAAAAIAAAAKAAAAEFcQs/PufQbN8bbnJUTt6SdaU2E8ZMWPpvO+I6kNq5fPNwQmiOWgqOe8IVTt2nR6uw==','2014-02-26 12:16:16',47),
    (141,'AQAAAAIAAAAKAAAAEKrqgZZa4oAK1IL49ELhfKTLJc32jjLqQ7EGss4qPP5pGsNj8hFKiHaxEOO+EKA3Rw==','2017-02-26 12:16:16',47),
    (142,'AQAAAAIAAAAKAAAAEB8QGYgyKkiQLF7CcBEIIITV3vXPaI1ue150LWodsJ+sx43ovTxGMhB9apTuAhoanA==','2020-02-26 12:16:16',47),
    (143,'AQAAAAIAAAAKAAAAELS3PpwEozoHGL4Rhrq3JjFCGTyD9SG+eN01qhvNiErzGxKSBpaPnJ9L0gKi+gLD2Q==','2023-02-26 12:16:16',47),
    (144,'AQAAAAIAAAAKAAAAECSKi7zhuVxbIkW3IC6xaAtEZzajVVHNGqAhqdCJQs/i+y7rRhXW4z54T+7ZXOWwhQ==','2021-08-18 03:37:09',48),
    (145,'AQAAAAIAAAAKAAAAEGw1IaVsr0teRFBdRsK6pTwxayMOSy13zq5KlhrSYYAT3Kzoa/YBsgFhJwZjxmzBng==','2011-04-03 02:13:39',49),
    (146,'AQAAAAIAAAAKAAAAECZjO7kCukK1B2Tscg8pHzaJGR6rIW4AD5xaMZORSB+U61/TeQaSLXROhaKHUx7zJg==','2014-04-03 02:13:39',49),
    (147,'AQAAAAIAAAAKAAAAEIQK9Y0wyg28v7ZbUMk7sfpaTHzSsNfBFcwezhGn3zK2dqdlDIImrC9hJENTCsJmzw==','2017-04-03 02:13:39',49),
    (148,'AQAAAAIAAAAKAAAAEMF8Ys2kbFHE7HrejFpJWNWIvqm/f3/OLqzhYSVHA7KGdcvDyecAEqFcZwvH171rTg==','2020-04-03 02:13:39',49),
    (149,'AQAAAAIAAAAKAAAAEHZOZ/Z+w/MW+Vl5xVxlCl8f39qsP+Ro4kLuph5flqkTA+bj3jxBiyJnmVtEe+vwNA==','2023-04-03 02:13:39',49),
    (150,'AQAAAAIAAAAKAAAAEEAaNxAnAr/LGJSByv3rt7nQV396ajKCCcxuCZKs2WgHtknBBbvCj3gia052ZT3fjw==','2023-10-28 03:51:15',50),
    (151,'AQAAAAIAAAAKAAAAEHO0wlwhkTTS76d62yniw9fhuVUlS1HUngq1KDf1wxlrQV+s1muXocfhtqK3SO5IDg==','2013-10-23 08:44:53',51),
    (152,'AQAAAAIAAAAKAAAAEP7qhZVhjxpN4KSWxXF11MBOuVNUCoD8qmhcFiQxPrqaPf3jBVHFmMWV1KJYzFsXhw==','2016-10-23 08:44:53',51),
    (153,'AQAAAAIAAAAKAAAAEIQo0iKjx4Dt8AbHIsC5Kx7K3izF8XH8qc98jvAbda8dlaZ5pyp2MLK76ghVjs/I5Q==','2019-10-23 08:44:53',51),
    (154,'AQAAAAIAAAAKAAAAEOPEfQ3VFQbh0HL9q/cPtSYJxo+DtEuowSkPZAXiGdOX42KZswGK4gzq6hKOYFPUKA==','2022-10-23 08:44:53',51),
    (155,'AQAAAAIAAAAKAAAAEJbj5i1qqdxEGDGl04FrrZjqkVRifAEm2eOL6ZZGLa6wM/qaQawq4J6SNCgB+SPT2Q==','2017-11-25 19:23:46',52),
    (156,'AQAAAAIAAAAKAAAAEPBEIQr+41YKXo+gneNX4HBn++yDKo6RRRqAHPHQbN/Kt0oDyjxXlR+8yi6f6SMCMA==','2020-11-25 19:23:46',52),
    (157,'AQAAAAIAAAAKAAAAEEcSK5zbu9fJWVpMRTTsMNdeLfOhJLINty8ebljZU1bxsedLSW9ArecIaLmREtjFtQ==','2023-11-25 19:23:46',52),
    (158,'AQAAAAIAAAAKAAAAECprsxP1rea5N2WJOcV8xKSoqPaduFkSd2DKo19b428szYVELoTFQABJh5PIcqcr7A==','2022-02-21 21:12:41',53),
    (159,'AQAAAAIAAAAKAAAAEKlEFhPNWncTtg5MHgLhBgLcDPnMtqqq+aWqFrXHHdH7LbglsFvnvs2PA7MWvuDlLw==','2014-09-21 10:02:42',54),
    (160,'AQAAAAIAAAAKAAAAEM0l7+KgIpJLl8dE3oRed/w+bziSt6cEDD9F5C6brrfJQdFwWyLeIzPv/t7a0ldxJg==','2017-09-21 10:02:42',54),
    (161,'AQAAAAIAAAAKAAAAEDHg8qZN5p5if/RAPaxy2USy111LhCydTS2zYnrtd0GQIZrqYAP/zuzKpDzMm+3ZLA==','2020-09-21 10:02:42',54),
    (162,'AQAAAAIAAAAKAAAAEFkvY+6RzcpWBunK+nZd3PakptTExHri7uNZ3x52Z3CyFR7BvBNpZSBMDy4b40vK8w==','2023-09-21 10:02:42',54),
    (163,'AQAAAAIAAAAKAAAAEHfCjoH5rR1t4J8At+Pi0kiyGmEySCczFfbZk6z0wWp5M7vmh8dIYAWT2FyRQ69NtA==','2023-06-20 01:25:45',55),
    (164,'AQAAAAIAAAAKAAAAEJAKEDHcZZlEskdvyomYPK47djxTbtipFc/qexS2M4FakXomWqkxg2pf/mV/1Bxy+g==','2013-02-06 23:39:58',56),
    (165,'AQAAAAIAAAAKAAAAEP4/dr+laUc+EpJ4j/1MifwfB+cxbm6OUrXZENNN8XXUiCEDqENxf8uN9Xyeo9wnjA==','2016-02-06 23:39:58',56),
    (166,'AQAAAAIAAAAKAAAAEHNUFrQWZdBOPviwTRu2ZlYC1Edc5SN2hMCyBm+L5XfSqyqbWUyWrZBY64qV767w1g==','2019-02-06 23:39:58',56),
    (167,'AQAAAAIAAAAKAAAAECcbONHQ8euWCO4JyOhmxX/VGLOrUbbSOpU+OiLR7wKXXI+og38JzUwVf2rp0zI8+A==','2022-02-06 23:39:58',56),
    (168,'AQAAAAIAAAAKAAAAEDuSKFnPinOcaLPY83odj3vT2HxEkSbg2OyjGHq6Up6XBsSSDaLy6OQO6mTDQVaDhw==','2022-11-08 06:08:55',57),
    (169,'AQAAAAIAAAAKAAAAEDMQ4UdLK8iBearhOqJXNu43RCaFWdpiZah6Nkn+L1mcVRwHYB2yZF5gYTmty0A8ew==','2015-08-24 05:17:32',58),
    (170,'AQAAAAIAAAAKAAAAEHLsri4aUeKqlpnsUx9cdHwCaAcEzKPy+na/3CT2hrBYZRAdRRyC+Ewk7h5Dqsb9Fw==','2018-08-24 05:17:32',58),
    (171,'AQAAAAIAAAAKAAAAEMdW0zu7I3Wm5bKY0qccbNIVPX1FpaOXolbLN8abWkc++jGjS43jEUDhFqvNmd7Tvg==','2021-08-24 05:17:32',58),
    (172,'AQAAAAIAAAAKAAAAED4FeIM5kZ3Ybz+GBbvh5iyZC5yZslVF07QRZQLK6U+zQQ02sL4r+qSUnK/G8DNtNA==','2017-01-02 04:35:34',59),
    (173,'AQAAAAIAAAAKAAAAEBk0dKbCzzbw1LjWJ44ZKhB0I+40YEEq5URbHcMUEAoi8Gz7yqQuyOEIMKT1WoCweQ==','2020-01-02 04:35:34',59),
    (174,'AQAAAAIAAAAKAAAAEGtJOUoD7NSAhRSzAxEDljzxOU7Km/cqc2/tQVLrJWHGgS1LCh5iQvr7emPMDgcQHQ==','2023-01-02 04:35:34',59),
    (175,'AQAAAAIAAAAKAAAAECgAw/50ysJkJQ6QQ3eG4YAV3S1hs6WXC5FEtBYk2oiQ+8Yy2K9UK5b/eDE0Mz5x6Q==','2015-10-01 06:20:53',60),
    (176,'AQAAAAIAAAAKAAAAEGzy40pZMHBDLXx4mxgcViWYE2HWq5vwwmruQni87myIXKOonpTt+Z1pWX+fHOCidA==','2018-10-01 06:20:53',60),
    (177,'AQAAAAIAAAAKAAAAEA3HP0/m6thGQUj5wg99ewpftwKi0MnPxWqdKtBf14QmOCgaDVEf/gJTjIYIh9nmGg==','2021-10-01 06:20:53',60),
    (178,'AQAAAAIAAAAKAAAAELoea2h/KaDT24DUtQLWEf0rknFx//YjAow/IE1z83NVFVaUa+8bru5j31W/lLiXBQ==','2016-07-04 10:04:59',61),
    (179,'AQAAAAIAAAAKAAAAEPdIrAh7ElOko6pY86zs6g5oTVjg8V6B52R0XFTL/QR1gd/4lmTP8Lz0FFQYe+fscA==','2019-07-04 10:04:59',61),
    (180,'AQAAAAIAAAAKAAAAEBC3EY3aFknHyYvD4O+89/iyMGPW36BQTxe657RpsJIVTh93dIzGHBghiStXXXTnxg==','2022-07-04 10:04:59',61),
    (181,'AQAAAAIAAAAKAAAAEOrhp6gQbp4gawoVfnwhQ710nY1y/b5hbgSBR4PkD0CiS6xYGZ2VfmiWY2YH989ifA==','2020-12-16 02:54:38',62),
    (182,'AQAAAAIAAAAKAAAAECZip207/TQbnpkKYU/kMKmq/cAu3spnliBO+I5F8xlt8QOUem4goRaUOJ4RAR0DLg==','2023-12-16 02:54:38',62),
    (183,'AQAAAAIAAAAKAAAAEOrtZjMwmYl1IXQzFWWUmMjn6swJhcBu8VRwzRrD/X/UXkxSZJtO0i6YqvnJIqho3g==','2024-03-20 09:11:36',63),
    (184,'AQAAAAIAAAAKAAAAEBgNAxAt6CHm7BzUqp00Suwpypx2Bj3f2CIcv0geDI14oUHT8G8uCUTYlFlBfk+6xQ==','2014-08-05 21:42:18',64),
    (185,'AQAAAAIAAAAKAAAAEAg0sRyqbZ9TnJ2DFKQIoBONpYIAqHGByoI/WEQXePxne/o29Q0/Sy7RlHl/hGYsaw==','2017-08-05 21:42:18',64),
    (186,'AQAAAAIAAAAKAAAAEJcpCH/fjmXmHxl0BIzDC7RhOCcGikpe1l1O9Y60jgD2PO/mgi1XHaCAoQAN9kmotw==','2020-08-05 21:42:18',64),
    (187,'AQAAAAIAAAAKAAAAEM+PtJ94iC4vYwhqkQKs3N4JAua+FEld1yb317Xge1z/2R8XZmB06qnK/VrIIcB4aw==','2023-08-05 21:42:18',64),
    (188,'AQAAAAIAAAAKAAAAEN1GlhSRg5TlInVZCKsODds45ClKB9JlJaJSR3pcS9g7a39h7adxYI9UV5ao9gECUQ==','2013-02-14 03:25:27',65),
    (189,'AQAAAAIAAAAKAAAAECGtdGsZuOIiG1nvvyvYz+WEsz4nF9xg7vYFo6XI4f9EK+guZl5h8pVe4hJ2KUDRLQ==','2016-02-14 03:25:27',65),
    (190,'AQAAAAIAAAAKAAAAEO72lMn/2zJQQkVLYBqQ7ZCMkogzwR1pDfCN82JMnpGGHH9iVPz2iMuy2NFXRlOFUQ==','2019-02-14 03:25:27',65),
    (191,'AQAAAAIAAAAKAAAAEAJf0Dh/X+8Jxoi6CIcr1aLNHjtcKOG5aM/8reWsH6erakE70aQ6b/jMxbB3CnXaww==','2022-02-14 03:25:27',65),
    (192,'AQAAAAIAAAAKAAAAEFm5NV8Irzpo65z4Nl4xG+TdPa3piiN2zGDz6qdM88L4tirD5WFW3QfQtU6MSTnb/A==','2023-10-30 02:11:59',66),
    (193,'AQAAAAIAAAAKAAAAEH+Y5A07OeMenFSmJ6k5KRvf5U0LbESd7DgTDlBTUIxAHOzk7S4o7DxvdTHLcrAfgQ==','2014-05-09 01:37:08',67),
    (194,'AQAAAAIAAAAKAAAAEOGfD3ysnrub5m5a30Laj+lZ8NZvswX41DO05CC6KpRdXO8fCcWlY/JwIyjHoAkGzw==','2017-05-09 01:37:08',67),
    (195,'AQAAAAIAAAAKAAAAEFEBrZc58XyPVTI5+EfZ2bawaw+dzOW5c44a7s/ne46xRzQGuzwKCToEyMkn+/RYug==','2020-05-09 01:37:08',67),
    (196,'AQAAAAIAAAAKAAAAEC+P2oT4UP90pGlknW0yzcfzIcIbQ6e+qscp/0SHLiZjxqMaEQVjJfFi6eWfSNQJAw==','2023-05-09 01:37:08',67),
    (197,'AQAAAAIAAAAKAAAAEPForhAxViCsG63qPFyuh/GHyU/eqOB8lYSn/A+z2uMauXhtQLkYWtAHroPV55Wzvg==','2019-01-16 20:47:29',68),
    (198,'AQAAAAIAAAAKAAAAEHkmUpTqVrR1jQgeO8HOLKAFaJtGEQIu8Amah8/NLQ3KecF6PZbwG1hpjT4zVSe9Aw==','2022-01-16 20:47:29',68),
    (199,'AQAAAAIAAAAKAAAAEBInyEdOBrjIFG9QgHi4U24jxXR0SKnJVqB0VZKedEkQ6q28RC3QPyC5lELQDINT4w==','2021-04-10 23:25:57',69),
    (200,'AQAAAAIAAAAKAAAAEHLoKJtXafVRjkw0nWkfVyRUWtu6OS/AO6VMCKEscMi01TB9i79zSY/RFyli7shOPw==','2024-04-10 23:25:57',69),
    (201,'AQAAAAIAAAAKAAAAEIl0wzgTTL1nWT3MRuDpFLfNNzNRoeGWIyoh2Fb6FXPKMrNYHBwd8fh982sfUCIXBw==','2016-04-25 20:32:47',70),
    (202,'AQAAAAIAAAAKAAAAEIFThvkN1fQyiLcIuTqz3SVU8D8pf6fxTHIfqjRw1kWNfgY75QpB7W30UJXTXbiVag==','2019-04-25 20:32:47',70),
    (203,'AQAAAAIAAAAKAAAAEBui5LzfSM626TvRBW1BP1SZLe2qLTYA+LjPd+xko1RhrtJeq0dFDlgJI6CsYGeiZQ==','2022-04-25 20:32:47',70),
    (204,'AQAAAAIAAAAKAAAAEK8ffTdgcBETk6FGZxKhROB9MKsH60OEH4roSNJVZGbcBFap7XDz0ImVDAGZGRhAKg==','2017-07-09 16:33:17',71),
    (205,'AQAAAAIAAAAKAAAAEOhEWIsjdnXEWpMkKQcjEV2hITAzVD3Hpre9MMQBZVbREuR6e/Ib1PxqPH16YxVuNg==','2020-07-09 16:33:17',71),
    (206,'AQAAAAIAAAAKAAAAEPYDxjeKs4x3GAuH95B/7SDIrwFn0CwFU16b2YWx0jeohcg0tAc5vJDZpTFPXv8oZw==','2023-07-09 16:33:17',71),
    (207,'AQAAAAIAAAAKAAAAEFfpl7yvCABIMOEeKLXYQ5p9guRvye4DpgDrk1cGHFP6c66yxl3TS308JC6iJy+2zw==','2023-11-30 19:14:22',72),
    (208,'AQAAAAIAAAAKAAAAEE2rgH2LgwRaQFLJbEaUvoN5duB00CxV8ltG/ETIqb6DXuqUx5jBtyNzY3O1ujbZoA==','2020-08-03 17:21:02',73),
    (209,'AQAAAAIAAAAKAAAAEMs8gASiyn/imrYGfzE1SkMsyTbDd4nZjADIyWoGbE4AxHS7gm2nIQ0SCC6RVInKmQ==','2023-08-03 17:21:02',73),
    (210,'AQAAAAIAAAAKAAAAEAoDM24vWXehtLxjY3qY3WYiPlx7a4BXI1MbIGMmvxmgyMpFSLCEIphWDTj4A/AJ0A==','2011-04-26 07:17:03',74),
    (211,'AQAAAAIAAAAKAAAAEER67FG82ffOPl6Vn2UxxMkYYUaFqxx64KQ1bVb7R53PUzQlNuKuCh/mjJ1tkansiw==','2014-04-26 07:17:03',74),
    (212,'AQAAAAIAAAAKAAAAEFjb8aN9cjiREBpMdqplgAQsMCeQVEHFUaojziIKKpXEhzm4Hxtbe7XenmfRKQE/iw==','2017-04-26 07:17:03',74),
    (213,'AQAAAAIAAAAKAAAAEIN5iLKOWtFWFNfNp0yOromK9KhsOIYfa1G3PDNTf/TDuyMJj+DGqlYTtnaeuysPyg==','2020-04-26 07:17:03',74),
    (214,'AQAAAAIAAAAKAAAAENrj/LXqUFA2ZFQOczQ2N0LU8zUlTl6SADHPmJ/lmD26QfA/p7BZWmCYm6DoHb/HAg==','2023-04-26 07:17:03',74),
    (215,'AQAAAAIAAAAKAAAAEIFnNR602BJFO6aPPcH+7CweaCqAQFVhTd+WnMCLvdLZ1PAXfKg9VhB3C0NCZRQobw==','2010-12-30 06:20:54',75),
    (216,'AQAAAAIAAAAKAAAAEK4tmZpAP9p8n+SRdKO9+CBCX82d12VLT7I2OLgcLvMiDqdJFZhcQHeXUGfdSoaXQw==','2013-12-30 06:20:54',75),
    (217,'AQAAAAIAAAAKAAAAEJfzpM1DAyKAA/Rjxv88oZvY9oaBVg52NHhyjC2JO3UvAEbMUm41NIbmwAY79Cw2fw==','2016-12-30 06:20:54',75),
    (218,'AQAAAAIAAAAKAAAAEBmxql6k2sZbC03yEBpL/NoC39/ijgeRzhq3cfIeCoCrEkQJz7XXJSOn5Z1VBzs9dw==','2019-12-30 06:20:54',75),
    (219,'AQAAAAIAAAAKAAAAEBldZfB1dPhIZPusRracgMXAs9y5Blsb3OR1iEMrLIWiV4V/ehICnQfYGu9uOYLvNg==','2022-12-30 06:20:54',75),
    (220,'AQAAAAIAAAAKAAAAEH12oLc2bMbHz/2OUIVaFzVCGNKeuEbEqSbv/UMRiDaRduSWrZWAguJ4RR2BL7amGQ==','2013-06-05 11:51:17',76),
    (221,'AQAAAAIAAAAKAAAAEHVz7e+50TiZAZOPLVh1iw7it9DZjHwV5gpPIrtglbi/siah9YWDC5JaTGpszQ9tOg==','2016-06-05 11:51:17',76),
    (222,'AQAAAAIAAAAKAAAAEPyZMIesr3UHq8HdZBRt7v6cbmv/9UEgcvLfCLmKNVHw55KS/n3vdm2hVFpX9sDqBg==','2019-06-05 11:51:17',76),
    (223,'AQAAAAIAAAAKAAAAEE+XnGH9F6V+nlBnEB87btI/tD6FXi0ZL3+eIpj9Ge/2y54WxfuxeSvTrOjON7Q6bg==','2022-06-05 11:51:17',76),
    (224,'AQAAAAIAAAAKAAAAEG2AEpDcd07Xd9VrRoFlhIXfGNiy76h8GE47PQnWIVHSpyVK/o//EevggL+V1dPo7A==','2015-07-29 03:08:12',77),
    (225,'AQAAAAIAAAAKAAAAEIllbU6Vstfffk0uNBpDLz0X8su9B52ukgoBDAPQISKCEkUws7xHZ76TADb18/0GjA==','2018-07-29 03:08:12',77),
    (226,'AQAAAAIAAAAKAAAAENDBEK/RPjT/oQ/tbSYX+k7RwZL5i3obi610JnBUrehjG9TLnrDMHDUeFXe5gxyNhA==','2021-07-29 03:08:12',77),
    (227,'AQAAAAIAAAAKAAAAEGkqHTFexpnGwBFSYJ2o3KaoStsQYrI5B+JtMxY0r9u9YCveqhEXDnipEx2Arhvm6A==','2021-08-04 17:49:07',78),
    (228,'AQAAAAIAAAAKAAAAENIDp0MgUQrw7LPrNQXmB4Hvls8RvZVttj4SVByLFoSp44RKM9jtqTsax7CBJhZnXw==','2010-03-11 16:44:22',79),
    (229,'AQAAAAIAAAAKAAAAEBQhiAtJPKgpJ9JTnqu878lfAAnpsWP+Brh+OAvXfi2AzxmETPtxgzz11jSOT5zsVg==','2013-03-11 16:44:22',79),
    (230,'AQAAAAIAAAAKAAAAELp08fnui82DBI1ws/oHG01QRK8uqIPtoz8BeCtspHQRfKVY7p1u670T/e7oe2Zkbw==','2016-03-11 16:44:22',79),
    (231,'AQAAAAIAAAAKAAAAEF+bpxFXWMRwE2MLaN/LEmHFyGy6/ZUYG9lPgaMjIicAxS6ocKwhftiJp9NMHwGshw==','2019-03-11 16:44:22',79),
    (232,'AQAAAAIAAAAKAAAAEFva2XW+iNvMGajN7b4Pj5dH2BOO6ZUGePyz6Gxfnoi5MCmsx3e7Hki51t1h4O4KNg==','2022-03-11 16:44:22',79),
    (233,'AQAAAAIAAAAKAAAAECRQIk7st3ry9160xNHIumR3KvPpioHzoAZkremO17B7zToK5VeqekN2bhoQwevH/A==','2010-02-26 00:09:02',80),
    (234,'AQAAAAIAAAAKAAAAEIdE8CWnGqWEjlUjCt+Q4aiFIF+EuQRyQcjBGAL4v7w66so5UpKBdD06OHmUlu1pOA==','2013-02-26 00:09:02',80),
    (235,'AQAAAAIAAAAKAAAAENl0jcgLaX8V36xmKWLW4vD8MT6Ctr6jH2bzR5h0mSWUmfbVVANhK3ijYDJ9fqnK4A==','2016-02-26 00:09:02',80),
    (236,'AQAAAAIAAAAKAAAAEBDGVqeDIbPRqgCHe9dir28gcd8iDgvgVSboHWFldQUMb8/QARrSUnylCnwhI00slA==','2019-02-26 00:09:02',80),
    (237,'AQAAAAIAAAAKAAAAECUxenz0PYAcj40il8sU+3KrXcPnahv0IDm/7jvje+kNX0tHALYdsoz/hY7WyJCGQQ==','2022-02-26 00:09:02',80),
    (238,'AQAAAAIAAAAKAAAAEEDsncZ9LiTg37zy+NUaph3VT/nO2VCGki2K9OgpfBuP11tbBbtC6M5fV+SDOgv9sw==','2015-09-30 03:08:44',81),
    (239,'AQAAAAIAAAAKAAAAECRAPX2mminqB4Flj3SDtbuokjaBsy4F0M7KjdP4iVdm5RDqWLNh9Dgdbg+GiMCjgg==','2018-09-30 03:08:44',81),
    (240,'AQAAAAIAAAAKAAAAEEKvduKTmNLcSRa6Oy3US2Io1XXluarTkfHg6xzvZgmrlra8TaEciYPG4x6cMinKcQ==','2021-09-30 03:08:44',81),
    (241,'AQAAAAIAAAAKAAAAEIDyjsUSJw+aSlwH3YReRhPxjB8GAN31Y5j8a/ZXDYh+OPHt8bh/p+OwY+p3xN6brg==','2010-07-11 07:56:14',82),
    (242,'AQAAAAIAAAAKAAAAEG6yaoLb0XMRmfrj99HyERU6CDACVG7SpuBFLSdNW0Ny6iqUQ+3aeHhKDkY+G+w8mA==','2013-07-11 07:56:14',82),
    (243,'AQAAAAIAAAAKAAAAEMxGVVhydISoQAjUHGcQf/kbOEYOsTjsRYbDwRnabpwufKRuVJCEB8NVjFUAUKCQeQ==','2016-07-11 07:56:14',82),
    (244,'AQAAAAIAAAAKAAAAECX+Yf7WjCb+RewSat4sSJgY/eO/7hK2d3d1KQvDwMB2PGlFxitCynpL1OU2SuHvYg==','2019-07-11 07:56:14',82),
    (245,'AQAAAAIAAAAKAAAAEOd4HMOl1R9zNsuI2U5191p3X9nf735K6/1gSi1pVVlQJPUHQdiU0TH0BRIHHW6CGg==','2022-07-11 07:56:14',82),
    (246,'AQAAAAIAAAAKAAAAEPm2nMqeFon+OEIROudSiSqfeHTIjWn1QWC4KcREbqScJQwPwZdgl7FLKq1S0aOdfw==','2015-01-01 21:08:42',83),
    (247,'AQAAAAIAAAAKAAAAEIwgyhivtSP0iCwiLIeywTEFOXEuPnMzdYfqyEzL3xtWi8DUHMSG4RKBnFSCnMuBRw==','2018-01-01 21:08:42',83),
    (248,'AQAAAAIAAAAKAAAAEOuo19RoTWb4L97yDMdOISvx9mRahkFUkMnbO8cfDV02dbm4/kT+DeaNEQt+pmQfyg==','2021-01-01 21:08:42',83),
    (249,'AQAAAAIAAAAKAAAAEJOmWA+WXGkhGx4i67F8T2nuWcgO+lnMbUrVw2gQyfXzKDB1X4rdMhaVoDTLjCDn7Q==','2024-01-01 21:08:42',83),
    (250,'AQAAAAIAAAAKAAAAECO7z8Fr158BX+SsdoSkS++R3Fxra4DlEisp0DDbwkRybzDszyppA1dNGBSeZoVjOA==','2018-12-19 19:11:31',84),
    (251,'AQAAAAIAAAAKAAAAELCZ4su55yOveIYitXDBUiPbGuqfGV8zLlqJ2qrRoTf4PdG8nalaYimvgSI00Ev39A==','2021-12-19 19:11:31',84),
    (252,'AQAAAAIAAAAKAAAAEN2ksGZh8KU/bouZe5BoPZI06dwG9mokQD6+qr3PScWz0+zTvLKJpbfMg9Q2jJXdIQ==','2021-11-28 10:14:21',85),
    (253,'AQAAAAIAAAAKAAAAEP2Dac3mfoYzyTWS5lVomwUulBGAAXmXH6dKsh/6/wrZ/+0wD0YcwV9cP8sY+Hl57A==','2019-08-09 22:41:26',86),
    (254,'AQAAAAIAAAAKAAAAEAapcE4LFX9D2V7K122qKrgiz35d+nNxl7WitJt7TRJBP5tIDw/WUVA2H+e9ZIdTsQ==','2022-08-09 22:41:26',86),
    (255,'AQAAAAIAAAAKAAAAEBQkEUpqYDtSY/hMKy73cIzlkDlEulJyFuoIPdw7+BJVkLwAs6SoKq9S/A3Re6n98Q==','2016-11-24 18:42:15',87),
    (256,'AQAAAAIAAAAKAAAAEIryqc+0ZCmiO9EtJinlVV9C5kGkfBB8GcnnUJbkKhu0nA+z+LJRV3vkMcTx1Z+C9Q==','2019-11-24 18:42:15',87),
    (257,'AQAAAAIAAAAKAAAAEBFWhkyUurUZQsQe3r+X7kla3Y4UhNyKThZ9cF8mVax9+wH/Aglv+d5wkuKRBMo34A==','2022-11-24 18:42:15',87),
    (258,'AQAAAAIAAAAKAAAAELKL/fVKbkN8ZV/4LVecCfURgym3mvJ3yqS7I1dMIqNTwZy/U6BW2Y914KBVfz2kAg==','2014-08-21 00:31:24',88),
    (259,'AQAAAAIAAAAKAAAAEKnNon5pQCGOarphYQjzbhK8oeDHHIoFvtvrars66jSw/vy7eqSkjgboRXylbLSGzA==','2017-08-21 00:31:24',88),
    (260,'AQAAAAIAAAAKAAAAEABhMNOmO6WEhuhYjciUsYm8+40FErPpApKTyO2RPNlgrLNs+wYMT1CBqPIBBLWwPg==','2020-08-21 00:31:24',88),
    (261,'AQAAAAIAAAAKAAAAEAK+HFpmCwE11g+gAT0aGosYqRgVvrHhUik089LWPkunjz9yKqiKMAYEQbli5ZYVJQ==','2023-08-21 00:31:24',88),
    (262,'AQAAAAIAAAAKAAAAEDSlPGGonATIej+XkBiqm4MZ1xUvZ2zTXZhoK0/jkzEHCdtlFpeU6sLt+pyaTLZgJw==','2024-02-18 15:06:38',89),
    (263,'AQAAAAIAAAAKAAAAELoMX0Ny6J5aF78SvKop/ayemi9xoCxWGQOHge2lfMyQp5bMt1gnT3y9tEqL95sEug==','2022-11-27 05:45:13',90),
    (264,'AQAAAAIAAAAKAAAAEKtlfzBfVxEQ7SbwFURGy7sORD/clbdSSr2HgG3oAgu+ScL8ii5btg/1rRi8/qwCOw==','2021-10-17 19:06:15',91),
    (265,'AQAAAAIAAAAKAAAAEETKTgJ8F/8xlF/Ba0xNLGKraa8ZDVF6eyqOlvmBEaCjC9BRNEmk0U8tatqHsIILoA==','2016-12-04 07:36:58',92),
    (266,'AQAAAAIAAAAKAAAAENuZBYWI7KVt55Ucqz9biX1sjrY7L0Sge2M9jctHOMW062ScsUV4auSpviJYiKfDJA==','2019-12-04 07:36:58',92),
    (267,'AQAAAAIAAAAKAAAAEDlIUIak5sYm5LFN8ubCYd+R2phEUjJWXgF6OC4EeOTyt/etgchmHmcK0zzigLkxuA==','2022-12-04 07:36:58',92),
    (268,'AQAAAAIAAAAKAAAAEDcvaVaVGkZR9b90HDl2MFJXkCybTbECXyohoRZ3shqtnh4U4RFcXZJ9NCMZqD3lAQ==','2020-12-18 14:34:36',93),
    (269,'AQAAAAIAAAAKAAAAEBq0Zo45uZbAId3k+XC7/G+TJ/vsjnU0kFbtnER6HLpua6IhD59EIzggKTKhQ8oHAw==','2023-12-18 14:34:36',93),
    (270,'AQAAAAIAAAAKAAAAEN/qf7d+lpNbq2D1SM9SlNvLt3w/aKAojbMIKjdi+7N1vT1mlcOPvlC1YcjSOQ7TSA==','2012-02-20 10:20:13',94),
    (271,'AQAAAAIAAAAKAAAAEEs8klSOx4TPOXPnLcH9fDFT+MCgycMWRqIC8Pv5M3FdYz4AOPNU+ajyVWhdWM7n6Q==','2015-02-20 10:20:13',94),
    (272,'AQAAAAIAAAAKAAAAEKSqiBChd7sI9G7pmx6xJH2dcCl6zVEZlE86nvfhnNEP9lVJNMXc+cGniPgwvyuLPQ==','2018-02-20 10:20:13',94),
    (273,'AQAAAAIAAAAKAAAAEDgkRz2jrjjtPJM1TYlvECO8iNwrxD348T8nJ31XIoss211VLqe5HlBnIeTJgJO2Ug==','2021-02-20 10:20:13',94),
    (274,'AQAAAAIAAAAKAAAAECChR0zx80l4XiiIna0VeQyUG7LiKz3ktFdkdpW2f0d/3ZyAqWJbt8kOkg66lL+g4Q==','2024-02-20 10:20:13',94),
    (275,'AQAAAAIAAAAKAAAAENZQS6/wCup7SkEMw+17Vz7E5SvfBJLpI6Nh8zugaMmIgOiBgKc310eUfpHgHyhN/g==','2012-11-15 07:39:56',95),
    (276,'AQAAAAIAAAAKAAAAEN1qQOxzzMpcmnWqjVsBcPQ49RQmo/W7A8kCpCtmuPqx6SgF+ahG8ltG8O28IIPwzA==','2015-11-15 07:39:56',95),
    (277,'AQAAAAIAAAAKAAAAEMSR1BEXXvEDryhJWunlHKbH4yu9AKStWwk/eY4el6gBM+ALXvtxxJ38EO9MHvdEUQ==','2018-11-15 07:39:56',95),
    (278,'AQAAAAIAAAAKAAAAELC+cYxS9ELJ95Cs7MadaUTkb2cctMAH8t5pZgHmwlSfYUvqyruFSxlKza7OZ1/qtw==','2021-11-15 07:39:56',95),
    (279,'AQAAAAIAAAAKAAAAEFkDTcm2c3G/GgIqyBUcvd29OlV2JdS8xad0hychE8q0bAiXlN3vJRChhSU7CV8oqg==','2015-02-17 11:18:38',96),
    (280,'AQAAAAIAAAAKAAAAENGY5LW7e7EB/LmL2pgSYQCPLMYlFZ05aZ/i4ZLs95JA3+k0ACFQ5gtkAh6ZbENieA==','2018-02-17 11:18:38',96),
    (281,'AQAAAAIAAAAKAAAAEOKH2ConSKQeSs07xKS3lf+mda4U4+YXpRcqYy+E0ruGHNc4q22DIhKMeR23axCW4Q==','2021-02-17 11:18:38',96),
    (282,'AQAAAAIAAAAKAAAAEHgPJnuTOzhTFgggBK5kKrSZTWczL8JgvrexOryDuZu80rKiAECPzaY6tla98w0j2Q==','2024-02-17 11:18:38',96),
    (283,'AQAAAAIAAAAKAAAAEN5x3eLl6oVSbB2U340jJ8V3YBO2gMEpIOvt6wewPbMZhajY5uI7dNtBueP+QOC9BQ==','2011-01-26 21:07:46',97),
    (284,'AQAAAAIAAAAKAAAAEJuah9dWityYcto70rQup6Y1CppRCXny3gxkyZc7X+X29gXRKZKGxgkmPHm9vIMuWg==','2014-01-26 21:07:46',97),
    (285,'AQAAAAIAAAAKAAAAENjQr4q4yfMQ6CsI7iC5meUfrbgtLB7bj1ueVVQjzhcuHwNXmGc6UTzvtLMqCe9joA==','2017-01-26 21:07:46',97),
    (286,'AQAAAAIAAAAKAAAAEFKVHC8AsMhumGOTYMnWQS4UoE4a/X3fgGlcghrBUibdX8V3llImt0cOruGF514pTw==','2020-01-26 21:07:46',97),
    (287,'AQAAAAIAAAAKAAAAECd7BLsR+hxBKP2Kwp6RSH+JgooBuxjap/PDt/FC6nQ7hfJpDQxPUUSCPzPPQLI81Q==','2023-01-26 21:07:46',97),
    (288,'AQAAAAIAAAAKAAAAEAIfHnYfHqlvyMlxHwAXRt2+1tlZprfoYVv/K6wNYRZ0cnbM50ho9hkh+uV/jiR3oQ==','2022-01-17 07:12:06',98),
    (289,'AQAAAAIAAAAKAAAAEIKyLQPJ3x4rJVJ6kJ03YH8MlptP5s0sX7zTYBCaud8ccyT0lwCSPSjKdVXb+AjbNw==','2011-09-20 18:31:19',99),
    (290,'AQAAAAIAAAAKAAAAEGdZlACYyQtu/KmPkWRILLxIAhsFTGIRKXBAIGZm6gpx7CMOlUI43+a5UrnyCoDlnQ==','2014-09-20 18:31:19',99),
    (291,'AQAAAAIAAAAKAAAAEM1e2zuDq7Aib8UFJoPKv1SIBc+7oUy7nBgKKBikVFXTT45ne5QEG8Afpz9J9OF6Iw==','2017-09-20 18:31:19',99),
    (292,'AQAAAAIAAAAKAAAAEHo5L19Zy6enEsVGzvzJY1902Bi+EpiatoOwkeoY1GySqHxN6tfoWWp4GgCN8BQchg==','2020-09-20 18:31:19',99),
    (293,'AQAAAAIAAAAKAAAAEF/O4V+inS0QDJnFIHEvEpZNAL5i0zgAlU3R0F8B2Sneeym+iupdTkasBadqp9uTHg==','2023-09-20 18:31:19',99),
    (294,'AQAAAAIAAAAKAAAAEGD+S3kXH2a2yYSductuPOZiiwiegeFyz6ohUz8YlvXZtFL/1Ul8qgn6y5h+0oaA4Q==','2023-11-27 10:26:02',100),
    (295,'AQAAAAIAAAAKAAAAEG+GYc7Z9VreLmHyep4sMD3LRasiJBWqEmM+PI6rLhMRmifzR179PD7J6iQzHuwAoQ==','2021-01-29 13:57:19',101),
    (296,'AQAAAAIAAAAKAAAAEJLvcU8Hitre9GdgYop8gW/NRn6pa4e7YQI+D2yf9bsAVjUQu3EcQcOJ0/DnWlkbzQ==','2024-01-29 13:57:19',101),
    (297,'AQAAAAIAAAAKAAAAEGsXWHbhKDBNKMmVXWuoBehMG6CUp1qX9oqx9CFMAJ5aa0+1J7Dhp0xuQ0rFrkg5OQ==','2014-04-05 18:33:23',102),
    (298,'AQAAAAIAAAAKAAAAED3SrNmcKfuFI7QVcdtzkXeB9eVM5zGJGeCjb/RFvoYUKATbITMzYUCC8o89fQGgzA==','2017-04-05 18:33:23',102),
    (299,'AQAAAAIAAAAKAAAAEOz3vK4qOvFult106QERaBT7dnPjCGqH9m7FbJEGdRTIyMG8aKHAtKKGeYJBq/yBHA==','2020-04-05 18:33:23',102),
    (300,'AQAAAAIAAAAKAAAAEDHUw1K2jZJr+aEWw4auDKdie6BkShRWHGrD+zOP3Bnx+Yk5iYxMikOT+5TLRqGiqQ==','2023-04-05 18:33:23',102),
    (301,'AQAAAAIAAAAKAAAAECl/KRuvC9BjcLTSxWIB2w+Z8z1Bjhmr4KJEEN/JRQ4pvhK1Kaupu0xa87Ifqz8zVQ==','2017-12-09 02:56:25',103),
    (302,'AQAAAAIAAAAKAAAAENaqwH5s05NOGVH54TlVks/T+0kA6NlEg7xSPYPWdSzhKCNEQEBWvSkWuxhjnGAbcw==','2020-12-09 02:56:25',103),
    (303,'AQAAAAIAAAAKAAAAEMQUNvtGJPGVIz8N+bR5HDdG3HR86v7OW/KUTIUoqREe/IPnfs29yLI1fM93K3sJtQ==','2023-12-09 02:56:25',103),
    (304,'AQAAAAIAAAAKAAAAEH8hSuqfgO1XqQgzh8jtgFgJdQCuVcF8KqU+5kbMm+b8IRnklOpcVsGoJGLO57mZLQ==','2016-12-10 02:52:16',104),
    (305,'AQAAAAIAAAAKAAAAENZU/5FkrFBWp96jkLmaZgUyvNqHMlY8Ybro6Vig6o0xUYN39/sd01wkD8Fav2f6LA==','2019-12-10 02:52:16',104),
    (306,'AQAAAAIAAAAKAAAAEApm8UuCpfsLydp6/8CGwVUWuXPjU7iZ0V5C/1Noq5isAA26uVBAIfpuF0XJ128lfw==','2022-12-10 02:52:16',104),
    (307,'AQAAAAIAAAAKAAAAEN969SvQEmnh86RublyN+/h8qlNmZP2y75ujiYyu3XwThagYXSLTzJMmevrhS2e4vg==','2019-10-22 05:34:59',105),
    (308,'AQAAAAIAAAAKAAAAELKj+Ac2bnwEpbidm0ycLBHWAi244yikiX17vY8YqOwOuOrtwiWblzAeGw5LkKnJ8w==','2022-10-22 05:34:59',105),
    (309,'AQAAAAIAAAAKAAAAEAWZxvJb7okp3JJhSN3lIdJjOJLTUuCTAzP42ASGBcsMakhaV+b8KeZ1AhjQwzVSOg==','2014-06-08 13:52:24',106),
    (310,'AQAAAAIAAAAKAAAAEPwfzwqJYsegYfVfgx8f87zwVDpbgYayFvQIywLCyAyxlqk3XLsOp1ybCFOwvAYs6w==','2017-06-08 13:52:24',106),
    (311,'AQAAAAIAAAAKAAAAEKPZ2QKxayJvex76zeAlQueTqOlT7Rp8q0eOOGSH3NNaWFU1HB1nqMIsSEoahTXsnQ==','2020-06-08 13:52:24',106),
    (312,'AQAAAAIAAAAKAAAAEOJONfDHOzZ1FbDdk0OPxLO1Q+n2pLHhhNnTbhX+SEvuFuwSAEWJGF5TtWsvGsApVg==','2023-06-08 13:52:24',106),
    (313,'AQAAAAIAAAAKAAAAEELxdFJ3/5c2wlqFUkvQctCDHPNcgevVNePVfRQGTSQTIzkhNHRGPc9BQxOAFa0p5Q==','2019-03-09 04:11:50',107),
    (314,'AQAAAAIAAAAKAAAAEDMFmzufH2/bUXl4V8A4mStnePB5Qp1oNbY+WFYY6QLAWk6cNkQvMBQZM3bjg6It1w==','2022-03-09 04:11:50',107),
    (315,'AQAAAAIAAAAKAAAAECHY2PvvffStV689viUx7jAoayDdrKu56rLkNRhsxwP5RLvUcx3kmL4VUMzAs+ECuw==','2023-12-17 04:39:31',108),
    (316,'AQAAAAIAAAAKAAAAEF2ZRyD4v0nG91CtD5SHgB+pd6VES/ApopNwX8/kh8gdrXYH1kBT/BsOknOzVTIeoQ==','2011-11-07 03:37:56',109),
    (317,'AQAAAAIAAAAKAAAAEBT1BU1fPn5QvLTEkgSkyTcMNfRf8P+Jx5wbE4Yu7bfJIiaESp/69hpNeYg+wVVBxw==','2014-11-07 03:37:56',109),
    (318,'AQAAAAIAAAAKAAAAEPMVuhgPNAbQp/IsxBY5S/ia5+dzbSBq7IO10cQKycQAAkBXESWzOAbUfMlxzYCwsg==','2017-11-07 03:37:56',109),
    (319,'AQAAAAIAAAAKAAAAEJmAdLpachqTobT/SslAWSpkssjF0RnTKG/CiRbSMzorQSTteDW5QMLL/S40QEA2Xg==','2020-11-07 03:37:56',109),
    (320,'AQAAAAIAAAAKAAAAECVZZNfAp8hOHfRPcWOZj8286Y5SoJ+6mU7BGQYQK4aslgIZKFZ35muG6M1JCyaPpQ==','2023-11-07 03:37:56',109),
    (321,'AQAAAAIAAAAKAAAAEGFycQ/LFU20C1b+NxkLeaIq5x9ZbOeFRbrVoVHcHaSI92j1ujoWXr/fIHizhXrRlw==','2020-01-21 19:16:11',110),
    (322,'AQAAAAIAAAAKAAAAEMR+oJXYYwgDg6rsTsCqCYkGbOa9mP/IfBIu2dWzd2yRXFoSC+sLvS81iZs/F7953g==','2023-01-21 19:16:11',110),
    (323,'AQAAAAIAAAAKAAAAEEFxh0huDZ7youKRfJaN0QpNf28/pNtPdwlcXIwqcR1KtrIYsDwW4Q/h0ds/JSFljQ==','2019-10-26 23:53:38',111),
    (324,'AQAAAAIAAAAKAAAAECwn0TRRGcrJBbK30JjNjsPjN8uJNA1cqACNsKQ0OsOFb1neuOK0jrmU3rt1eW+jhg==','2022-10-26 23:53:38',111),
    (325,'AQAAAAIAAAAKAAAAEE0a0yk8pKznviXcc9RuSQF6uyBLA1aujy+sVG2Be4D2nyWCYNOl6E6g/Ik4nuhD+w==','2018-12-07 07:47:00',112),
    (326,'AQAAAAIAAAAKAAAAECb9FuzD3bh20YBMa1TPF+t6VvvnR40PCNIpkZDva382DyMJzFvQrKyphQWzrWLwXw==','2021-12-07 07:47:00',112),
    (327,'AQAAAAIAAAAKAAAAECxVGNUoqmnqez47VKKc5VM9yBRlsYaeQOYp3R303R1zmaBh8D5VQ2ChMjypS9EdmA==','2016-05-21 08:54:28',113),
    (328,'AQAAAAIAAAAKAAAAEF8v4hJR0Y14tQYS+H9R3d/ERasBuzfpTCFfuuz2AAzST3WLc1FLWmlZQDfC1VO/2Q==','2019-05-21 08:54:28',113),
    (329,'AQAAAAIAAAAKAAAAEP+aWYKnKlLZy+qEdzTjiJzvqKa/+WH4UPCACF/+nr4khMewP0PjssK7u3e45q0H5A==','2022-05-21 08:54:28',113),
    (330,'AQAAAAIAAAAKAAAAECU11euO44Zn6+h7cpE+EMrPKCb4Cude8e/gnjDieEc6yaR2+mfAFRhOeB+2BIXzhw==','2023-04-15 07:10:45',114),
    (331,'AQAAAAIAAAAKAAAAEIE3EmCea+70krXp+mkJvCiA1onMFBl8zB5FVF/rZpn/3WbamLwM0RHGraTbF10r7w==','2016-08-05 02:20:47',115),
    (332,'AQAAAAIAAAAKAAAAEHQtkNMbCKGsXgIOIgNgRNX4h9m/OxzbjH/ULDpjNxJrs4VU+KXwNA0sG6b0onB7mg==','2019-08-05 02:20:47',115),
    (333,'AQAAAAIAAAAKAAAAEDXa+cT7nZPMgNtqJW0beq2Kd5XEIbCnHNbxIZxgvUKKjmGsTy4uSd0VjJfE+kAMKw==','2022-08-05 02:20:47',115),
    (334,'AQAAAAIAAAAKAAAAEINmuins7yEuoyo6KUpBogGdtnVJYMXQdllEhxetoISx1HonnwocYFBgmgtRClYRuA==','2019-03-08 08:57:36',116),
    (335,'AQAAAAIAAAAKAAAAEKl3hwbFQ8OCg3EMYr+is7NSrRR52D8W0ibDOaoJEZI7bknmOa0bN6QSTNEMrywDug==','2022-03-08 08:57:36',116),
    (336,'AQAAAAIAAAAKAAAAEBcVoZVj865q5VHgro44AEOdbm+x92jZVKfDr6xCoTVOYGa09RvZTnx3UvyaAdEPlQ==','2018-06-03 06:09:24',117),
    (337,'AQAAAAIAAAAKAAAAENbaCWadogGZK+8Q7jknPDbpcxCKtt63MEqLZr+2v3v3p5q50vbUvDNiXSYrr2PcqA==','2021-06-03 06:09:24',117),
    (338,'AQAAAAIAAAAKAAAAEORdK1/4AnqcMZDtsud84+CxEuRQBM8eSk7N3WFT74YxyXWG9UvBG2rM8eBELZkDXg==','2019-12-19 23:15:41',118),
    (339,'AQAAAAIAAAAKAAAAEAibCPoC1ZkHUzAd7jRFwNYA6GEjr2VnZZsgxWX6KiC0m/uMRGKbowkqJUBrwP90fw==','2022-12-19 23:15:41',118),
    (340,'AQAAAAIAAAAKAAAAENj0VxAbMYDkAkpzPrsF1dJ/Z/2JRVsZW37p2nmQh5BLCQNc7AvD7FU7Tlv+Pribkw==','2017-03-10 05:05:34',119),
    (341,'AQAAAAIAAAAKAAAAEBRkqEjpfeuXg8wTDs5jlxHxrxtRvCWKikeg0fmB0RG5GIcFS6iPxQVqSl4cio9kXA==','2020-03-10 05:05:34',119),
    (342,'AQAAAAIAAAAKAAAAEIQ9G2TGQ+J9HBLY9RVuvdxdG3N91oDEtFnzVtWtAHVtFoKXd9adCQtjnzsTVpqPQA==','2023-03-10 05:05:34',119),
    (343,'AQAAAAIAAAAKAAAAEMTkVBwZCmhAagRmOgvXFA2rRZc+Q4mZZQQljM47F3RXShhDwSHujRmgJj1cwFzILw==','2015-07-31 17:50:39',120),
    (344,'AQAAAAIAAAAKAAAAEHML5cEkB37ryFYB/YGg4c8NG1eQsc08MPLJvdTmRWp9VRpmwkHiwvlCWI46DAWiBg==','2018-07-31 17:50:39',120),
    (345,'AQAAAAIAAAAKAAAAENKaD9PIvh+Y+NAr7oDHyqCv01Ci/qJPQnz6+tRTqWPFHXzqYlUJfEDjq8R+/+oKPw==','2021-07-31 17:50:39',120),
    (346,'AQAAAAIAAAAKAAAAEC0UuJxega+h56leKiHQ/Fsba5eoGKnfp8O10O0QRCDz1dgzB6gpkMbfcfZXQixIxg==','2018-08-06 20:13:29',121),
    (347,'AQAAAAIAAAAKAAAAENpovSojKfdiL/VURbuBD04BVbKDbX0RQdG2yudd6e4SxSldzBSRFHKLid2+NVxpog==','2021-08-06 20:13:29',121),
    (348,'AQAAAAIAAAAKAAAAEFNjTWWgqd/rGmTrH1ozKVAIYeRs4SstTlnnoTTrvPWL4SKQnWtjoCa3utjw30uWKA==','2012-06-25 08:52:40',122),
    (349,'AQAAAAIAAAAKAAAAEIia5xLBLGxx8Uqmnwnm9bwcB+b2i6rsPd/BIACbY2fs9nkiWVDheNSZRva7GJoSxA==','2015-06-25 08:52:40',122),
    (350,'AQAAAAIAAAAKAAAAELgzz0lQtkphI595u2K6w91dvZ31Wih0QPe4UyR24yiNhqbfXYZA9S4bjDhkCMjGIA==','2018-06-25 08:52:40',122),
    (351,'AQAAAAIAAAAKAAAAEI9qxiO/vIArkBEOXdYawtJdk7hocFhxWWZpJRVvVG0Bv2LWktcteUbPLWYwOfri8w==','2021-06-25 08:52:40',122),
    (352,'AQAAAAIAAAAKAAAAEISuOKDNFBL6tm3o1vdZboQHhM4PYMxsX/an8FgE74UsFg6xiCQZ0KTRhjnFkHldLg==','2014-07-18 19:42:17',123),
    (353,'AQAAAAIAAAAKAAAAEJgBYiakufmuCvh1iOvo05vsAFoqUqfun8RUokDhDCfdj88r6uXwtEHNRyt3lMKDhA==','2017-07-18 19:42:17',123),
    (354,'AQAAAAIAAAAKAAAAEPa34L6yVb+pRgiAvUaniU5r7GleF0fWK8CdhLUnwIhIgswDJjj8jOOa4IvWheIusg==','2020-07-18 19:42:17',123),
    (355,'AQAAAAIAAAAKAAAAEE8zLiTQABWjQRFP8Tt+SyRYzKxap3UaUSSS/DVJme6CqbV8LGuh+2ogBXYDeTKDZA==','2023-07-18 19:42:17',123),
    (356,'AQAAAAIAAAAKAAAAEOrywE8ruvvvWX9XVLBxFjBhfEufTmYTNXygLIwwGu3U50ASi/CuTr28f1v3q7Kxnw==','2012-10-20 08:15:06',124),
    (357,'AQAAAAIAAAAKAAAAEGNeOfrVUMwRBONVexbdPONio9b8ThDOoz6QOxcLTFL08Y0C/g/BFB/dMTlnebyfiA==','2015-10-20 08:15:06',124),
    (358,'AQAAAAIAAAAKAAAAEFxevG3DOt4iqXHaDyKI8E3CUb+qIE9bMSZ5jF1BQe9jRzSZVXGVf4wM4Y9lpwtATw==','2018-10-20 08:15:06',124),
    (359,'AQAAAAIAAAAKAAAAEMxB7oRJ0WYbp4QWGdrCRHlUNfAoy+Kpwkgf33WAz0KVfoyt0WqzgO0SU0mTh2aYsQ==','2021-10-20 08:15:06',124),
    (360,'AQAAAAIAAAAKAAAAEFZdmkJIEFgUvEVqgcg5UlSrMZ2Bo2Kail8cPHOnCLtY7xDMBvjPJ8kV9cZIdWs2UA==','2016-08-15 01:54:09',125),
    (361,'AQAAAAIAAAAKAAAAENrUkyGKuvnPc2tUFzApj7pZ1VhpevTSmds4ynxnJBWmIRzUgiOswqlf1rxL0WwvBw==','2019-08-15 01:54:09',125),
    (362,'AQAAAAIAAAAKAAAAEH3tI8KXHr5p4F4L2KxxPYCKNhKIHMzXxX0MOwt72ajNaoyG1d+ExZpVXO/fDGRAbQ==','2022-08-15 01:54:09',125),
    (363,'AQAAAAIAAAAKAAAAEPytaFGhDfXMYCRRVhhmoIf7y3BZJfR+b4WveebGdOol3dGpObh3UKxt80TGllTtzg==','2011-06-24 23:59:49',126),
    (364,'AQAAAAIAAAAKAAAAEAzrueLtsJSFIefq0g07Pzm67m8HkYQtVvX0naeCPqbBANqlnzUpy8/Hjv7xRnssOA==','2014-06-24 23:59:49',126),
    (365,'AQAAAAIAAAAKAAAAEE9v0exMYmht8lvCXpp21QjCWkwKseP7VCtRXIZCesplo+LegglSTHGZHvxafzoN9g==','2017-06-24 23:59:49',126),
    (366,'AQAAAAIAAAAKAAAAEOK+jhkmOu1nx9LLFKY93FH48LYDBRSGcadV6vHfhrVuwYv435TAY8cXJpsn4t4GXA==','2020-06-24 23:59:49',126),
    (367,'AQAAAAIAAAAKAAAAEBWhh+17QFayvWTqiF27+n7cOT1dtJtbm0fkMvchWfqH3ZgM5BqYhfi/+d23H0cV2A==','2023-06-24 23:59:49',126),
    (368,'AQAAAAIAAAAKAAAAEIq9sb7GWI6vu0NIF0UVkHesEcgu2OUk0j+py87Q1bq0k2mXph0umqygjXfXB4STNQ==','2010-02-11 21:27:21',127),
    (369,'AQAAAAIAAAAKAAAAEH78/HrzRPGHupfhJuZ9movLFDUpasp1eF0JHNLivueTc7bOkaQ7UxMS9M8p4Wfv9A==','2013-02-11 21:27:21',127),
    (370,'AQAAAAIAAAAKAAAAEEupbK7xCwUSvz3WA8f7nSgeXdKGaQj6nkADyjltfu0jBhkwG6qE1l/0yj9N2k/ekw==','2016-02-11 21:27:21',127),
    (371,'AQAAAAIAAAAKAAAAEHVwLraVuMJCYZlQ7OtVdxHALFwoOLTrLaBsLLLxrWbVfTkQegFRbMR3kx5zPgXoHw==','2019-02-11 21:27:21',127),
    (372,'AQAAAAIAAAAKAAAAEAIrC3q8xWXKIisH/nOIce7U5NAAUl9gqadhRVYDHWIlXoTjKaUA1TCL9pq1K+/4KQ==','2022-02-11 21:27:21',127),
    (373,'AQAAAAIAAAAKAAAAELJHRzAFPDuWfIWtu8IuOKyOynWsgpb13ZPVde/K2chsM21p9yg+2IFVWoYIPuHh/A==','2019-07-02 22:32:38',128),
    (374,'AQAAAAIAAAAKAAAAEJU3J16v2+YYVA0T+9ic38DBWWpWbPlbRybzRJ0JnmfSvExeu36TdOkNcKtQz3JJZA==','2022-07-02 22:32:38',128),
    (375,'AQAAAAIAAAAKAAAAELALgdBOrofy1Dt2YMrd7jBEqBM73saukDKLyr1ZtOQai+1xu/bEiTu8de5FYA4ofQ==','2010-04-21 16:50:34',129),
    (376,'AQAAAAIAAAAKAAAAEOiWjP2N974wVB6Q4Ec7MJ35SvbXYcxwBXJuPFu8hTUB1T0fvPiXzbwXeBlWhAYn0A==','2013-04-21 16:50:34',129),
    (377,'AQAAAAIAAAAKAAAAEEEgjhnYHk2EQimxId2aimdn5jS1KL+VmDYTVVsu5Ii0GqZeb10KArc3ygG9bk5I5g==','2016-04-21 16:50:34',129),
    (378,'AQAAAAIAAAAKAAAAED10YGRjHNoYOc5MAntPS6Q/mz+U3sXo5Bk+Zy2TxzE4GqBqs/DAE2rdtGzh3eKehg==','2019-04-21 16:50:34',129),
    (379,'AQAAAAIAAAAKAAAAEC0fERtkVxesFKksoRo4W+pq/C71kQRqFfA+IryRafHQnDspGjf6iZjsqD0QMvtu0g==','2022-04-21 16:50:34',129),
    (380,'AQAAAAIAAAAKAAAAELTTO+ORAUNb2kY1qmaKvpckqBqQpHnopxTe9SMCYfcu8ySVU1DUA7sl3esG3WB7qw==','2016-02-04 07:15:04',130),
    (381,'AQAAAAIAAAAKAAAAEA0qBqwScxrI9jcaZ7nzcyPuvmUn7kg0CLKs38d/4LQhVgw/YKSvX3N2SYbjo2JxKA==','2019-02-04 07:15:04',130),
    (382,'AQAAAAIAAAAKAAAAEFoONI0dtI2vGr1A0V5B8XXOhmObopjyBI8lvJsJZHJI+pRs/og2IqMmuV3J/kt7Ug==','2022-02-04 07:15:04',130),
    (383,'AQAAAAIAAAAKAAAAELS03WBJrG6c3qsj7SQUp6rTk1QNtBXx2/DM/DF4pcVjAvdlbOAOXHSciKAFzsIz+A==','2022-05-08 20:02:49',131),
    (384,'AQAAAAIAAAAKAAAAEPZRqq0c/Al7bf2ZcsY1A/2C0GaXpflZPyqwlOFq9svcL2v+HbnvF5f+Hf9gJaFTzA==','2023-07-04 17:06:00',132),
    (385,'AQAAAAIAAAAKAAAAEI2gnEL0eLiwdkDc8etgzTSPTM/weDfX+NV7Fl6TPTZV6tuZ9CYSyrHqpB6KkK27VQ==','2022-02-02 11:11:06',133),
    (386,'AQAAAAIAAAAKAAAAED4Btk+aEoaqivj1+d6TDC2ARqPKsU1At1REsHJvnFQnZf7F2E0nxBXbUDStyi2PeQ==','2015-02-04 08:27:02',134),
    (387,'AQAAAAIAAAAKAAAAEO7CSd1ZSUtBozahfK9XNn7ul3W7gygj6CuDhyoPZh/9OCHtPeuDtCpbqPxAUBCaGg==','2018-02-04 08:27:02',134),
    (388,'AQAAAAIAAAAKAAAAEHesEH+O1Z0p1H9FXTQ6iKwr2cV2vz6d4QUG1lg5YUkxdhDKxK9C4LHLQhNU1Mahaw==','2021-02-04 08:27:02',134),
    (389,'AQAAAAIAAAAKAAAAEBjC038vTZg8w0qaWRUKF5fZHms8bJ2UVBqB/CLZ5JK+znRiiFfsID2jxuVEwHj0cw==','2024-02-04 08:27:02',134),
    (390,'AQAAAAIAAAAKAAAAEAHlB2E/NH8WcPMPA5Uwost9bIfOv6ga4S8bHfCz/JVUzZsEbNKWlol69X68zoLtbA==','2013-01-22 03:32:22',135),
    (391,'AQAAAAIAAAAKAAAAEE80aG/kVjr+AfASKXs1UfDVMo466zSh1BHYWE/Ikjm5SlqLP5c64qW6k/tgWsPfhg==','2016-01-22 03:32:22',135),
    (392,'AQAAAAIAAAAKAAAAEJ8GVDGAxxHKFf9q6dX6Xi35eqmuuPNe0/xTxHvxSUQsSE8/chRIzoh3exyEiJ2LHA==','2019-01-22 03:32:22',135),
    (393,'AQAAAAIAAAAKAAAAEHW5BtAAkqKLS+ghh4kM7/My7yy+RkRMuskF0Bg8x+S4X09973p8xoD0O7i5gZzjlQ==','2022-01-22 03:32:22',135),
    (394,'AQAAAAIAAAAKAAAAEMiIASPRxBzTk/MTcwX7cU991wOspVN3bBfVgelbv5Sr1G0/IGgaG//Zi/eH3sCMhw==','2012-08-16 05:27:58',136),
    (395,'AQAAAAIAAAAKAAAAEJQETnx9Z9TYSm03K0g4QDCaNWgzl/PDJJfI8RUVg/vaV9f/gWPkC/gTSLO9rGKL1g==','2015-08-16 05:27:58',136),
    (396,'AQAAAAIAAAAKAAAAEP8SO8O7jxBlHSmteHO5NyGTlfsCatWaTWXpjfpTBT+eqHXahld5+WqIIy7teVc/FA==','2018-08-16 05:27:58',136),
    (397,'AQAAAAIAAAAKAAAAEJAxZ2HDwgvgkTgbwiGfqgt3Bzy89FX/BvIDda8jrXF3UhIF9d3M5l4z4QqrBGGzGA==','2021-08-16 05:27:58',136),
    (398,'AQAAAAIAAAAKAAAAELkrUbwVAT6uRdWH8J3NTGxf9BDToILsUOjPufOWk6ex0bmAOhzOBa/DysXoT3eEwQ==','2017-11-24 16:33:20',137),
    (399,'AQAAAAIAAAAKAAAAEHP4rdpSZcO0EwygcCwV9um7EubhQ0Mqvb8vuXGw4nnndiWCcSdWjciEyp6ns2CGzQ==','2020-11-24 16:33:20',137),
    (400,'AQAAAAIAAAAKAAAAEJCvjb/+1+3P69SiEit/7yXX7EIQIIAOonFu6FnAK25evkUB9BZ5r+xaEKIpOyrMxQ==','2023-11-24 16:33:20',137),
    (401,'AQAAAAIAAAAKAAAAEE+1B5lJm9ezgOqmJugM5iInd1ASUVtyevVS3t6N2NFrp9js+hXTFcvuDEvD8A3WsQ==','2018-07-19 00:14:04',138),
    (402,'AQAAAAIAAAAKAAAAEEGDBoOURoTU4xV0k+tWRjzoITN7BvJrrHaEKll0Y1+8aHjy65JnNPFN+Lj0axxiug==','2021-07-19 00:14:04',138),
    (403,'AQAAAAIAAAAKAAAAEHT1Kk35kjPYEjl1dUBKBeQO/tndbgedn+pFfSOUV4urs+qfrBmEYEH4fWKF/+9bfA==','2012-05-16 01:17:42',139),
    (404,'AQAAAAIAAAAKAAAAEOkLunnXV8gcLbpoc6h9ig68xrrtXJZa1mIgz1j3LC9j/XnKOzbPE9CbBY/QMaRAyg==','2015-05-16 01:17:42',139),
    (405,'AQAAAAIAAAAKAAAAEFh4zhmf1n3ZgUK6kwLntaG3OZwdoRvsCje1KO+Krvw03pwAEiVFiOC4fj5J9NOPaw==','2018-05-16 01:17:42',139),
    (406,'AQAAAAIAAAAKAAAAEH6I8G+TSGhxnqQQRBhv9v4qAOgiZX9zaSY2KLjk9Bziy82smY2fUKmZxlEOQBX19g==','2021-05-16 01:17:42',139),
    (407,'AQAAAAIAAAAKAAAAENuFanAsl5+x033vmpfvR07lJ9VOfNFgVa/4j95PQQLc6gaGce2m2Dl2KYG0bfnTiA==','2018-11-14 05:18:34',140),
    (408,'AQAAAAIAAAAKAAAAEO8yFmFY3tmIfQsYLtAcOKFinwc7ErI3SSz4PA9K+fvCa90AYMf2ixK0yng6/njpmA==','2021-11-14 05:18:34',140),
    (409,'AQAAAAIAAAAKAAAAEEOKPf9akrg8eEslDetf7VI1E3qHXDrdkQMnpcDp0Jwe2OWQmWw8sma7CPxQwexIVQ==','2012-06-02 14:21:35',141),
    (410,'AQAAAAIAAAAKAAAAEBVcW6HZ1CDQcvAc7I4IDLAGs0q/qjbZC7gm7f2GSQ7jL3/hdBxXii7fwkCo9i4SFA==','2015-06-02 14:21:35',141),
    (411,'AQAAAAIAAAAKAAAAEA8l0FWWYLYofYVI04/7OQ/Yr5+u0ytwWRI+1VBOWUlvCEyCZ/b35I2hWfxMP7STWw==','2018-06-02 14:21:35',141),
    (412,'AQAAAAIAAAAKAAAAEOnFpH0n70h/3lSknHmb8v6oPihIelQ0hey8rE5h8YSOJZF5VW4nTuQ4sjz6yVuLsQ==','2021-06-02 14:21:35',141),
    (413,'AQAAAAIAAAAKAAAAELAzikh0tdPFKbYCXvyBMJ6UmT3XYBl+GUIq1bpOiptYobBp79M+aOO+TO0UbJdg+Q==','2021-01-06 09:53:41',142),
    (414,'AQAAAAIAAAAKAAAAENNfYYwyMdNaDOeqi8i6flXmvs99I/XxsHGE7vmJnt05+xSmZprwXRAeKla0PC0x9A==','2024-01-06 09:53:41',142),
    (415,'AQAAAAIAAAAKAAAAEIlC2pP5/fkP6NzjWvD7dzIgE2+Cnn13cGHiGHE/Cu10KoiYqQHgsaXSISKPZljPFg==','2020-12-07 20:51:44',143),
    (416,'AQAAAAIAAAAKAAAAEOq3u72FwxV/+zOamKaK7gwkseS9aflE8RTQLVoOHMkt06t87l6h2AebeNH3Zpof0Q==','2023-12-07 20:51:44',143),
    (417,'AQAAAAIAAAAKAAAAEEQoN1kFqzb//xJhRNsn4SFnbASGZN6DUhLpzp27wvVl8/GKX8BuDat7sVzVYVXtZQ==','2012-06-17 10:35:37',144),
    (418,'AQAAAAIAAAAKAAAAEGExl1oQeIG9W0fRORGt3sVZU+cSFQpi8JPuYZHVbm/cJBToLSXrWM1ugGlKTdj14w==','2015-06-17 10:35:37',144),
    (419,'AQAAAAIAAAAKAAAAEDc5pbTu1cuethtVf976RniU43g+pNwRtxCgSr/d52Q0X3xxfOUVMuC6UwOZJAJjdw==','2018-06-17 10:35:37',144),
    (420,'AQAAAAIAAAAKAAAAEO0+ozC+i2bh8OzjewzH1otOhEiaPrNKJ2d+uNICXHdOh0X8ldT8tj/jxVAyNE86/g==','2021-06-17 10:35:37',144),
    (421,'AQAAAAIAAAAKAAAAENF4EN56nNWtcQJLS9bHPBEhwOp+WAQ3HU7M2aNtYU9ux7710oGT/HsRPcSjyl4+AQ==','2023-08-31 01:03:06',145),
    (422,'AQAAAAIAAAAKAAAAEDKriFi+TzVlNyrnlLROVHJtyK4sUhmqTMlx+3uzXXsNgbaiG8q6w9QymRGVk6CyMg==','2014-06-21 16:05:10',146),
    (423,'AQAAAAIAAAAKAAAAEJi/OUr7pLEVnE+N++ex7Fto64uZ2MUXNCsnQ9QPD1fDnyWEQexXtrpvAg6skBZcWQ==','2017-06-21 16:05:10',146),
    (424,'AQAAAAIAAAAKAAAAEJFWeoXR7GKEqWlI9NJC2dCUaEeSKGyVjTO36Vi/Rc0NYjdYJxh54OK21PTDw7aXEw==','2020-06-21 16:05:10',146),
    (425,'AQAAAAIAAAAKAAAAEFRhLJL5ma3B2JQNcMJ4qBEKPdnkA+ia3EnAt8XsJD/h/R5WTrKDDX5z/fipL4vo3Q==','2023-06-21 16:05:10',146),
    (426,'AQAAAAIAAAAKAAAAEGctL576ZSYQrGq/gzG3vq5KMaUEa82U9cnjG5HSnBSVJVgqtg/M17MPywgw2rkxXQ==','2011-12-03 14:05:32',147),
    (427,'AQAAAAIAAAAKAAAAENyQkt3NmX3RgRHcb5tD+31YEH8nXj4eSZ4IynUQevKjuUEWQNhx61U/0RGSsvleHw==','2014-12-03 14:05:32',147),
    (428,'AQAAAAIAAAAKAAAAECB9VszbCErUBlMo+Yy+D6jg7yGChOG7kU2Rps4N9tibD4yL4/HO1oeuCJ9ZiyLi5g==','2017-12-03 14:05:32',147),
    (429,'AQAAAAIAAAAKAAAAEBw3x/i8WN/PepqGiQDHClbNTBe415SIYAhns+LQVUtCTU9w66S83cYXUjzWOF6Zyg==','2020-12-03 14:05:32',147),
    (430,'AQAAAAIAAAAKAAAAECbE6uztkdmjBFHpB25WQcSchgMiAaaikGDe4tcAJbcY5RIrKuokopXHaJwwjga2xA==','2023-12-03 14:05:32',147),
    (431,'AQAAAAIAAAAKAAAAEAP96JZW+4k0qiVpZPV/nk5vZKckUwTV175Z1kOBdgktqgyuJolluPfey/N+TkEfmQ==','2022-07-18 22:47:48',148),
    (432,'AQAAAAIAAAAKAAAAEKAzNd1vMkRbxvXjKjzUYGeCaxB/rJneAVK4atAdCxKsQNtvF2HjomGlbsHzPUHr5g==','2012-12-28 06:37:21',149),
    (433,'AQAAAAIAAAAKAAAAEI7ikxpPJ5bAIborUwG+Ugi/KWPhjIF4WOhHX6EhPT01h+3xEaoD/h7yF3kVwYQGjA==','2015-12-28 06:37:21',149),
    (434,'AQAAAAIAAAAKAAAAEAB9fGivPWv/yuP8w6yk+yMUiZYH7eK/SIl0dTGa5xca8pXvCvfMwllq5xnrSNjNQA==','2018-12-28 06:37:21',149),
    (435,'AQAAAAIAAAAKAAAAEA7tunKo3ORxw0YVeTvTrkEQIwujW0f4IeToVlakY6DazBHvVR1i/QR1Arp5FbbBZQ==','2021-12-28 06:37:21',149),
    (436,'AQAAAAIAAAAKAAAAEE+d06kK/sbKaJIinQNpesSUKuXXmDRZPLuFWgw/ALJfBJYcNrtU+ojiwLeJkcBsFQ==','2016-02-06 12:43:16',150),
    (437,'AQAAAAIAAAAKAAAAELro2AEV5MLRkPAQF1Irv/QSEiETsdagLCAYT2dmV6hRxfXgMWdPkKPI2iiB5ZoUpA==','2019-02-06 12:43:16',150),
    (438,'AQAAAAIAAAAKAAAAEP2hI3zE3X27D6IsY1rIR75RftFruHXIgq2WKRgEZMKUjPwHZzo0HmNKs2lQHh/INw==','2022-02-06 12:43:16',150);


INSERT INTO bsze3_blog.last_logins (user_id,last_login_at) VALUES
    (1,'2021-08-13 15:35:18'),
    (2,'2018-02-17 18:02:41'),
    (3,'2014-10-23 05:12:14'),
    (4,'2020-01-19 18:52:16'),
    (5,'2022-07-25 02:48:43'),
    (6,'2023-06-03 21:02:29'),
    (7,'2019-05-29 11:08:35'),
    (8,'2023-06-07 01:35:23'),
    (9,'2015-06-24 20:17:59'),
    (10,'2023-09-20 05:29:03'),
    (11,'2022-09-24 10:12:54'),
    (12,'2020-12-21 18:45:12'),
    (13,'2022-02-06 18:19:56'),
    (14,'2023-05-26 02:35:50'),
    (15,'2019-08-24 10:00:46'),
    (16,'2019-10-12 04:04:37'),
    (17,'2020-05-06 18:08:50'),
    (18,'2022-09-19 15:53:28'),
    (19,'2012-03-12 01:13:03'),
    (20,'2015-04-22 00:06:38'),
    (21,'2018-09-20 02:33:04'),
    (22,'2022-03-02 03:16:09'),
    (23,'2022-07-22 17:43:38'),
    (24,'2022-10-08 03:40:52'),
    (25,'2012-08-08 13:56:40'),
    (26,'2022-11-19 04:20:09'),
    (27,'2016-01-22 10:53:44'),
    (28,'2023-11-13 16:19:27'),
    (29,'2023-10-25 10:22:37'),
    (30,'2017-11-16 09:44:56'),
    (31,'2023-04-21 08:23:43'),
    (32,'2018-09-17 17:59:12'),
    (33,'2023-03-21 23:12:51'),
    (34,'2022-04-21 10:56:53'),
    (35,'2024-03-16 22:53:05'),
    (36,'2023-12-24 22:40:13'),
    (37,'2023-03-02 02:56:58'),
    (38,'2016-12-21 14:25:45'),
    (39,'2014-07-16 14:06:07'),
    (40,'2018-12-14 21:51:14'),
    (41,'2019-02-04 05:49:42'),
    (42,'2023-12-18 07:47:58'),
    (43,'2022-01-19 01:33:22'),
    (44,'2013-12-31 07:41:22'),
    (45,'2014-10-10 15:03:31'),
    (46,'2012-03-28 08:58:22'),
    (47,'2016-11-04 12:12:11'),
    (48,'2023-11-14 01:21:40'),
    (49,'2016-04-23 12:45:33'),
    (50,'2023-12-29 19:27:30'),
    (51,'2016-09-17 14:55:45'),
    (52,'2020-07-08 07:17:35'),
    (53,'2022-02-26 01:09:38'),
    (54,'2021-03-09 05:38:46'),
    (55,'2023-11-05 08:42:20'),
    (56,'2022-04-22 20:11:07'),
    (57,'2023-06-05 13:54:50'),
    (58,'2023-02-27 00:06:00'),
    (59,'2022-06-28 23:37:36'),
    (60,'2021-05-05 05:13:42'),
    (61,'2019-03-25 16:52:55'),
    (62,'2021-05-06 05:21:13'),
    (63,'2024-03-20 12:48:59'),
    (64,'2019-09-26 20:02:27'),
    (65,'2018-12-09 13:52:50'),
    (66,'2024-03-31 20:11:20'),
    (67,'2019-03-03 00:03:41'),
    (68,'2023-02-17 00:08:33'),
    (69,'2022-06-28 08:26:57'),
    (70,'2019-06-30 10:01:54'),
    (71,'2022-01-30 03:54:17'),
    (72,'2024-02-02 13:57:31'),
    (73,'2023-02-23 02:40:43'),
    (74,'2013-06-02 16:37:13'),
    (75,'2016-05-28 11:37:17'),
    (76,'2016-01-17 13:18:27'),
    (77,'2021-11-11 01:57:32'),
    (78,'2023-05-10 10:59:09'),
    (79,'2011-01-25 20:47:25'),
    (80,'2023-10-30 21:10:45'),
    (81,'2020-04-23 14:39:07'),
    (82,'2012-05-21 22:06:42'),
    (83,'2023-11-08 08:52:47'),
    (84,'2022-08-25 22:32:08'),
    (85,'2023-05-04 17:32:15'),
    (86,'2022-10-14 20:45:23'),
    (87,'2021-10-08 05:03:28'),
    (88,'2021-09-28 02:50:17'),
    (89,'2024-03-27 01:06:17'),
    (90,'2022-12-30 08:13:46'),
    (91,'2022-01-13 22:15:00'),
    (92,'2022-11-22 03:16:10'),
    (93,'2023-04-26 21:36:49'),
    (94,'2017-02-04 19:03:50'),
    (95,'2022-09-12 07:44:49'),
    (96,'2022-12-16 06:46:01'),
    (97,'2022-11-08 00:18:13'),
    (98,'2022-10-05 02:14:23'),
    (99,'2023-12-15 00:19:40'),
    (100,'2023-12-18 00:20:41'),
    (101,'2023-07-26 19:49:31'),
    (102,'2019-09-23 03:31:53'),
    (103,'2020-11-19 23:58:06'),
    (104,'2018-06-06 03:36:59'),
    (105,'2023-05-08 18:31:59'),
    (106,'2021-05-28 13:47:29'),
    (107,'2019-03-31 14:04:05'),
    (108,'2024-03-21 23:02:00'),
    (109,'2020-06-11 05:57:58'),
    (110,'2021-01-20 10:52:37'),
    (111,'2021-01-24 14:58:03'),
    (112,'2021-03-07 07:22:42'),
    (113,'2017-04-28 00:05:54'),
    (114,'2023-11-27 05:11:55'),
    (115,'2022-06-14 16:41:08'),
    (116,'2023-10-25 15:16:52'),
    (117,'2023-12-09 16:15:19'),
    (118,'2024-03-05 14:45:38'),
    (119,'2022-08-13 19:56:00'),
    (120,'2023-01-27 03:14:16'),
    (121,'2023-04-16 22:40:56'),
    (122,'2017-08-01 09:30:05'),
    (123,'2016-12-27 22:29:33'),
    (124,'2023-05-26 21:39:10'),
    (125,'2017-10-19 16:40:13'),
    (126,'2019-12-04 05:21:11'),
    (127,'2015-12-16 20:37:04'),
    (128,'2020-03-13 12:09:31'),
    (129,'2022-07-12 02:39:59'),
    (130,'2021-04-15 09:11:16'),
    (131,'2023-09-01 21:05:33'),
    (132,'2024-02-12 03:18:30'),
    (133,'2022-06-05 05:28:40'),
    (134,'2017-11-13 14:00:38'),
    (135,'2020-05-21 01:50:22'),
    (136,'2024-01-18 19:55:40'),
    (137,'2021-02-07 11:47:47'),
    (138,'2020-02-12 20:01:56'),
    (139,'2013-04-04 10:32:12'),
    (140,'2023-12-28 02:24:26'),
    (141,'2017-05-09 21:48:07'),
    (142,'2023-01-23 16:26:06'),
    (143,'2023-06-30 23:10:26'),
    (144,'2017-10-06 07:32:14'),
    (145,'2024-04-04 18:23:21'),
    (146,'2020-03-19 23:03:10'),
    (147,'2023-12-16 11:25:44'),
    (148,'2023-09-10 23:26:43'),
    (149,'2019-06-23 12:14:29'),
    (150,'2019-06-25 09:05:32');


INSERT INTO bsze3_blog.failed_login_attempts (id,user_id,attempt_at) VALUES
    (1,1,'2017-06-11 23:52:53'),
    (2,1,'2019-08-03 17:14:56'),
    (3,1,'2020-07-09 16:37:03'),
    (4,2,'2019-09-10 22:24:29'),
    (5,2,'2019-10-16 08:54:24'),
    (6,2,'2021-07-25 21:45:00'),
    (7,2,'2022-02-26 09:07:30'),
    (8,2,'2023-01-06 01:14:05'),
    (9,2,'2023-11-29 20:36:04'),
    (10,3,'2018-01-26 19:06:49'),
    (11,3,'2020-09-26 23:56:53'),
    (12,3,'2021-12-19 20:06:23'),
    (13,4,'2020-12-22 14:25:39'),
    (14,5,'2020-02-25 19:32:50'),
    (15,5,'2021-03-22 20:22:06'),
    (16,6,'2023-04-17 02:57:05'),
    (17,6,'2023-09-17 15:09:24'),
    (18,7,'2016-09-12 03:44:54'),
    (19,7,'2022-03-05 11:00:20'),
    (20,7,'2024-02-01 19:20:17'),
    (21,8,'2019-04-25 01:14:19'),
    (22,8,'2019-07-13 22:05:02'),
    (23,8,'2019-12-25 23:20:48'),
    (24,8,'2020-05-10 06:06:13'),
    (25,8,'2021-11-27 23:08:51'),
    (26,8,'2023-03-10 22:31:56'),
    (27,9,'2018-09-20 00:47:16'),
    (28,9,'2020-04-09 08:11:06'),
    (29,12,'2020-10-30 07:33:51'),
    (30,12,'2023-09-15 06:24:15'),
    (31,13,'2020-05-26 18:01:55'),
    (32,13,'2023-08-18 06:45:12'),
    (33,14,'2023-03-17 15:53:58'),
    (34,14,'2024-04-01 04:50:47'),
    (35,15,'2018-05-14 12:06:12'),
    (36,15,'2018-07-14 10:13:07'),
    (37,16,'2012-07-03 05:28:46'),
    (38,16,'2013-10-19 17:57:46'),
    (39,16,'2014-09-24 13:35:12'),
    (40,16,'2017-11-21 07:17:21'),
    (41,16,'2020-05-13 12:08:59'),
    (42,16,'2022-04-09 23:19:42'),
    (43,18,'2022-10-15 23:06:44'),
    (44,18,'2023-05-11 23:30:25'),
    (45,19,'2011-07-17 01:36:41'),
    (46,19,'2012-06-17 23:29:24'),
    (47,19,'2015-07-08 18:52:41'),
    (48,19,'2017-04-14 15:26:06'),
    (49,19,'2022-04-27 23:23:57'),
    (50,20,'2014-12-05 00:08:38'),
    (51,20,'2015-05-01 08:13:57'),
    (52,20,'2017-10-30 04:03:36'),
    (53,20,'2020-04-28 10:03:16'),
    (54,20,'2020-07-16 10:55:33'),
    (55,20,'2022-07-20 03:02:24'),
    (56,20,'2022-11-19 05:47:22'),
    (57,21,'2017-12-13 16:25:23'),
    (58,21,'2023-03-28 17:54:52'),
    (59,21,'2023-09-22 13:43:13'),
    (60,22,'2020-12-17 14:21:08'),
    (61,22,'2021-10-04 07:43:22'),
    (62,22,'2022-04-15 17:27:53'),
    (63,22,'2022-10-15 21:24:37'),
    (64,22,'2023-08-31 16:35:45'),
    (65,23,'2022-01-29 17:18:47'),
    (66,23,'2022-10-16 02:12:01'),
    (67,24,'2023-01-14 13:24:05'),
    (68,24,'2023-07-10 12:10:38'),
    (69,24,'2023-07-16 05:19:19'),
    (70,24,'2023-12-16 23:12:27'),
    (71,25,'2014-04-30 15:33:00'),
    (72,25,'2016-09-28 11:58:30'),
    (73,25,'2017-05-31 08:26:21'),
    (74,25,'2018-05-10 01:16:13'),
    (75,25,'2021-01-27 06:08:45'),
    (76,26,'2015-08-11 00:01:00'),
    (77,26,'2021-07-28 14:08:46'),
    (78,26,'2022-01-05 06:16:08'),
    (79,27,'2019-02-09 22:13:51'),
    (80,27,'2019-10-17 17:07:16'),
    (81,27,'2021-02-13 18:44:05'),
    (82,28,'2023-08-08 14:53:53'),
    (83,28,'2023-09-18 05:48:20'),
    (84,29,'2022-06-03 14:10:29'),
    (85,29,'2023-03-21 09:56:36'),
    (86,29,'2023-08-01 19:37:53'),
    (87,29,'2024-03-09 09:23:38'),
    (88,31,'2017-04-07 15:08:11'),
    (89,31,'2019-01-29 12:43:19'),
    (90,31,'2021-10-20 07:54:39'),
    (91,31,'2024-03-19 21:18:37'),
    (92,32,'2012-03-10 20:45:32'),
    (93,32,'2018-04-14 10:29:24'),
    (94,32,'2022-06-10 10:10:20'),
    (95,33,'2022-01-28 15:16:15'),
    (96,33,'2022-12-16 16:50:44'),
    (97,34,'2017-11-24 13:54:32'),
    (98,34,'2018-05-17 00:58:00'),
    (99,34,'2019-03-26 13:17:59'),
    (100,34,'2021-05-07 15:26:23'),
    (101,34,'2021-10-12 08:50:54'),
    (102,34,'2022-11-11 14:06:04'),
    (103,35,'2024-04-04 17:59:21'),
    (104,35,'2024-04-10 08:07:11'),
    (105,36,'2023-11-04 11:40:58'),
    (106,36,'2024-03-10 16:59:55'),
    (107,37,'2014-12-14 01:05:57'),
    (108,37,'2016-12-11 19:16:07'),
    (109,37,'2017-09-30 07:53:45'),
    (110,37,'2021-09-27 13:15:08'),
    (111,38,'2017-03-05 16:52:31'),
    (112,38,'2017-03-29 02:44:42'),
    (113,38,'2017-10-30 07:40:06'),
    (114,38,'2018-10-21 15:12:50'),
    (115,38,'2022-12-09 00:40:34'),
    (116,39,'2013-05-25 10:15:57'),
    (117,39,'2018-04-30 06:47:09'),
    (118,39,'2020-07-02 12:10:15'),
    (119,39,'2021-06-20 05:01:45'),
    (120,39,'2023-12-06 20:11:43'),
    (121,40,'2024-01-27 06:57:41'),
    (122,41,'2019-11-03 08:34:06'),
    (123,41,'2020-02-05 06:34:48'),
    (124,41,'2021-02-04 13:06:37'),
    (125,43,'2018-05-24 21:56:05'),
    (126,43,'2019-04-10 20:21:54'),
    (127,43,'2019-07-12 07:45:00'),
    (128,43,'2020-07-29 05:40:09'),
    (129,43,'2021-02-05 05:01:22'),
    (130,43,'2022-08-05 05:22:48'),
    (131,43,'2022-11-03 19:39:14'),
    (132,44,'2016-06-14 10:22:12'),
    (133,44,'2019-03-04 08:19:25'),
    (134,44,'2021-07-04 15:54:27'),
    (135,45,'2015-05-09 18:32:28'),
    (136,45,'2016-03-03 19:27:06'),
    (137,45,'2017-10-05 01:52:36'),
    (138,45,'2018-03-01 02:36:53'),
    (139,45,'2022-03-09 21:40:30'),
    (140,45,'2023-11-30 05:45:26'),
    (141,45,'2024-01-03 13:10:29'),
    (142,47,'2011-05-15 05:46:59'),
    (143,47,'2011-12-26 14:41:32'),
    (144,47,'2014-11-17 15:35:42'),
    (145,48,'2022-01-19 10:37:58'),
    (146,48,'2022-10-27 14:22:52'),
    (147,48,'2023-02-17 17:48:36'),
    (148,48,'2024-03-17 01:55:55'),
    (149,49,'2014-01-19 16:33:57'),
    (150,49,'2015-03-22 01:13:02'),
    (151,49,'2018-01-15 15:22:21'),
    (152,49,'2020-01-24 21:28:34'),
    (153,49,'2020-04-15 23:45:25'),
    (154,49,'2021-01-11 15:42:29'),
    (155,49,'2021-06-19 08:29:25'),
    (156,49,'2021-10-21 22:46:24'),
    (157,50,'2023-10-31 16:15:44'),
    (158,50,'2023-11-06 07:24:08'),
    (159,50,'2023-11-12 17:03:24'),
    (160,50,'2023-12-25 23:22:01'),
    (161,50,'2024-02-02 18:51:22'),
    (162,50,'2024-02-12 19:10:32'),
    (163,50,'2024-02-26 19:35:27'),
    (164,51,'2013-11-17 11:21:50'),
    (165,51,'2015-02-09 11:03:02'),
    (166,51,'2016-10-02 16:01:28'),
    (167,51,'2017-01-02 21:52:09'),
    (168,51,'2019-10-01 14:32:35'),
    (169,51,'2019-11-27 13:51:27'),
    (170,52,'2020-11-06 00:31:23'),
    (171,52,'2021-04-11 12:46:01'),
    (172,52,'2023-12-29 13:20:37'),
    (173,53,'2022-08-08 20:22:31'),
    (174,54,'2015-10-27 14:19:27'),
    (175,54,'2017-09-21 08:52:02'),
    (176,55,'2023-09-06 16:44:10'),
    (177,55,'2023-09-15 02:29:36'),
    (178,56,'2021-08-30 09:30:21'),
    (179,57,'2023-08-12 05:20:40'),
    (180,58,'2015-08-25 01:26:00'),
    (181,58,'2018-01-31 14:05:30'),
    (182,58,'2019-02-26 06:59:25'),
    (183,59,'2020-05-25 22:19:58'),
    (184,60,'2019-04-26 17:04:29'),
    (185,60,'2020-12-10 02:19:41'),
    (186,60,'2023-09-19 11:36:14'),
    (187,61,'2019-02-25 18:17:46'),
    (188,62,'2021-05-12 15:38:44'),
    (189,62,'2022-10-20 03:23:51'),
    (190,62,'2023-02-13 15:09:16'),
    (191,63,'2024-03-23 03:35:56'),
    (192,63,'2024-03-26 11:37:13'),
    (193,63,'2024-03-27 19:15:07'),
    (194,63,'2024-04-04 07:56:47'),
    (195,64,'2016-12-22 23:18:05'),
    (196,64,'2018-10-15 16:39:26'),
    (197,64,'2020-12-26 09:59:21'),
    (198,64,'2023-07-22 00:53:00'),
    (199,65,'2015-09-24 20:47:49'),
    (200,65,'2019-11-20 18:34:30'),
    (201,65,'2021-03-05 01:12:19'),
    (202,65,'2022-12-15 02:22:58'),
    (203,67,'2017-10-10 13:11:30'),
    (204,67,'2018-05-24 22:24:46'),
    (205,67,'2019-03-06 14:50:12'),
    (206,67,'2023-01-30 03:23:27'),
    (207,69,'2022-07-07 22:49:58'),
    (208,69,'2023-07-05 18:59:11'),
    (209,69,'2023-12-08 16:27:18'),
    (210,70,'2018-10-17 00:39:04'),
    (211,70,'2018-10-29 10:56:59'),
    (212,70,'2020-08-25 12:33:50'),
    (213,70,'2024-03-24 21:36:41'),
    (214,71,'2018-03-27 10:21:45'),
    (215,71,'2020-04-25 00:55:09'),
    (216,71,'2020-10-01 19:28:14'),
    (217,72,'2024-04-07 13:55:46'),
    (218,73,'2021-07-28 03:48:37'),
    (219,73,'2023-07-05 10:14:43'),
    (220,74,'2016-07-22 11:15:58'),
    (221,74,'2018-04-03 08:39:56'),
    (222,74,'2022-07-08 02:54:47'),
    (223,74,'2022-08-07 18:26:19'),
    (224,75,'2013-01-10 12:19:12'),
    (225,75,'2019-12-11 22:34:54'),
    (226,76,'2016-08-08 15:07:44'),
    (227,76,'2021-07-30 06:26:53'),
    (228,77,'2016-07-23 02:49:11'),
    (229,77,'2020-01-15 15:44:48'),
    (230,77,'2021-09-24 00:30:44'),
    (231,78,'2022-01-31 19:16:57'),
    (232,78,'2022-09-28 04:06:06'),
    (233,78,'2023-08-18 21:19:09'),
    (234,79,'2010-11-01 14:07:08'),
    (235,79,'2016-10-06 05:06:30'),
    (236,79,'2016-11-27 16:59:06'),
    (237,79,'2024-03-11 08:24:10'),
    (238,80,'2011-01-15 22:04:22'),
    (239,80,'2014-07-24 12:48:01'),
    (240,80,'2016-07-10 23:31:25'),
    (241,80,'2019-03-04 22:48:05'),
    (242,81,'2019-01-16 18:15:26'),
    (243,81,'2019-07-16 23:41:40'),
    (244,81,'2023-01-16 05:15:21'),
    (245,82,'2020-08-28 06:55:10'),
    (246,83,'2016-01-31 14:05:29'),
    (247,83,'2017-03-16 20:31:54'),
    (248,83,'2020-10-26 10:43:53'),
    (249,83,'2022-09-01 02:55:43'),
    (250,83,'2023-10-09 02:59:34'),
    (251,84,'2019-07-28 17:57:28'),
    (252,84,'2021-02-25 10:10:16'),
    (253,85,'2022-01-14 04:36:36'),
    (254,85,'2022-02-22 11:53:37'),
    (255,85,'2022-10-04 12:04:35'),
    (256,85,'2023-06-03 21:06:07'),
    (257,85,'2024-01-05 10:18:11'),
    (258,86,'2020-08-06 13:33:50'),
    (259,86,'2021-02-17 19:39:45'),
    (260,87,'2017-05-28 00:15:20'),
    (261,87,'2018-06-20 19:52:50'),
    (262,87,'2018-09-25 16:59:17'),
    (263,87,'2019-05-08 06:38:12'),
    (264,87,'2020-03-08 05:18:35'),
    (265,87,'2020-04-04 10:04:33'),
    (266,87,'2022-02-24 07:07:14'),
    (267,88,'2022-01-11 01:54:21'),
    (268,88,'2023-06-29 10:18:09'),
    (269,88,'2024-01-21 07:48:37'),
    (270,89,'2024-02-28 05:55:24'),
    (271,89,'2024-03-05 01:38:44'),
    (272,90,'2022-11-27 17:24:10'),
    (273,92,'2017-05-16 08:14:28'),
    (274,92,'2019-01-20 17:48:16'),
    (275,93,'2021-02-05 02:44:30'),
    (276,93,'2021-06-25 09:05:47'),
    (277,93,'2022-05-10 20:38:35'),
    (278,95,'2016-12-01 11:17:51'),
    (279,95,'2020-04-05 01:07:39'),
    (280,95,'2022-05-16 02:05:53'),
    (281,95,'2022-11-19 09:40:11'),
    (282,96,'2019-04-23 10:07:35'),
    (283,96,'2021-09-10 14:22:15'),
    (284,96,'2023-11-05 15:15:49'),
    (285,97,'2019-01-21 18:29:31'),
    (286,97,'2021-07-23 09:20:26'),
    (287,98,'2023-07-07 10:46:50'),
    (288,99,'2012-12-15 02:13:06'),
    (289,99,'2013-11-11 14:16:44'),
    (290,99,'2015-05-11 10:56:00'),
    (291,99,'2021-12-30 14:11:14'),
    (292,99,'2023-12-08 12:59:59'),
    (293,100,'2023-12-17 06:27:06'),
    (294,100,'2024-03-15 16:42:41'),
    (295,101,'2022-10-25 17:36:16'),
    (296,101,'2022-12-24 00:56:51'),
    (297,102,'2014-05-02 11:25:24'),
    (298,102,'2014-09-05 06:58:50'),
    (299,102,'2016-01-26 14:23:55'),
    (300,102,'2017-08-30 07:50:20'),
    (301,102,'2018-06-24 04:37:04'),
    (302,102,'2020-05-20 21:27:33'),
    (303,102,'2023-09-20 05:48:17'),
    (304,103,'2022-01-22 23:01:06'),
    (305,104,'2017-12-20 07:19:58'),
    (306,104,'2019-07-22 11:07:34'),
    (307,104,'2019-12-12 06:05:07'),
    (308,104,'2021-07-31 23:37:24'),
    (309,106,'2019-05-02 11:59:22'),
    (310,106,'2020-11-05 23:08:56'),
    (311,106,'2021-02-16 08:23:24'),
    (312,106,'2022-06-20 02:51:31'),
    (313,107,'2021-03-13 00:09:25'),
    (314,107,'2022-07-29 00:09:29'),
    (315,107,'2024-03-13 08:50:24'),
    (316,108,'2024-03-31 07:56:45'),
    (317,109,'2013-05-27 07:05:50'),
    (318,109,'2016-09-30 17:57:26'),
    (319,109,'2019-09-15 07:11:59'),
    (320,109,'2021-09-05 06:04:44'),
    (321,110,'2020-04-04 19:35:50'),
    (322,110,'2022-11-19 13:23:13'),
    (323,111,'2020-06-20 17:30:44'),
    (324,111,'2020-11-07 19:50:22'),
    (325,111,'2021-07-28 00:42:58'),
    (326,111,'2023-01-10 10:35:25'),
    (327,111,'2023-04-12 02:32:51'),
    (328,112,'2021-04-13 11:53:19'),
    (329,113,'2016-06-19 04:55:37'),
    (330,113,'2021-03-15 12:08:53'),
    (331,113,'2021-12-22 10:28:37'),
    (332,114,'2023-06-15 17:00:10'),
    (333,114,'2023-07-01 05:20:30'),
    (334,114,'2023-07-05 12:40:52'),
    (335,114,'2023-08-27 08:35:56'),
    (336,114,'2023-12-25 06:22:37'),
    (337,114,'2024-03-05 16:09:51'),
    (338,114,'2024-04-05 09:00:26'),
    (339,115,'2020-01-24 23:39:08'),
    (340,115,'2021-04-24 02:23:08'),
    (341,116,'2021-04-08 00:03:02'),
    (342,116,'2022-01-31 19:54:53'),
    (343,117,'2019-07-17 23:46:32'),
    (344,117,'2019-12-16 11:53:22'),
    (345,117,'2021-07-15 23:00:22'),
    (346,117,'2022-03-30 23:36:54'),
    (347,117,'2023-03-02 13:08:27'),
    (348,117,'2023-06-07 06:14:37'),
    (349,117,'2023-11-30 16:39:49'),
    (350,117,'2024-03-03 10:44:04'),
    (351,118,'2021-08-18 05:17:05'),
    (352,119,'2017-04-09 21:56:02'),
    (353,119,'2017-12-07 17:54:23'),
    (354,119,'2020-06-06 12:32:16'),
    (355,119,'2021-11-07 09:39:13'),
    (356,119,'2022-01-19 13:25:09'),
    (357,119,'2022-12-05 13:47:04'),
    (358,120,'2017-05-06 07:04:55'),
    (359,120,'2020-03-17 19:07:43'),
    (360,120,'2022-09-24 05:10:12'),
    (361,121,'2020-09-05 06:31:26'),
    (362,121,'2023-03-20 13:32:54'),
    (363,121,'2023-05-03 21:25:41'),
    (364,122,'2014-11-13 21:41:51'),
    (365,122,'2016-02-28 20:34:42'),
    (366,122,'2019-01-23 05:44:38'),
    (367,122,'2019-10-21 14:59:06'),
    (368,122,'2021-05-23 07:14:52'),
    (369,123,'2015-10-28 00:19:13'),
    (370,123,'2017-05-07 22:12:45'),
    (371,123,'2018-07-12 15:05:56'),
    (372,123,'2019-07-03 10:09:31'),
    (373,123,'2019-11-03 21:18:56'),
    (374,123,'2021-06-30 17:35:00'),
    (375,123,'2022-12-30 19:54:24'),
    (376,124,'2013-01-02 22:11:03'),
    (377,124,'2014-10-31 13:56:20'),
    (378,124,'2019-08-23 01:31:33'),
    (379,125,'2017-09-24 15:50:01'),
    (380,125,'2018-03-14 04:25:12'),
    (381,125,'2018-05-10 14:22:40'),
    (382,125,'2020-05-18 12:13:55'),
    (383,125,'2020-12-04 16:57:49'),
    (384,126,'2014-02-11 01:41:42'),
    (385,126,'2018-11-02 03:36:30'),
    (386,128,'2023-07-05 13:25:04'),
    (387,129,'2010-09-01 08:21:53'),
    (388,129,'2018-09-28 18:38:44'),
    (389,131,'2023-10-18 22:57:37'),
    (390,131,'2023-12-30 11:46:31'),
    (391,131,'2024-01-10 10:25:41'),
    (392,132,'2023-08-22 21:06:49'),
    (393,132,'2023-09-30 18:14:36'),
    (394,132,'2023-12-11 04:31:52'),
    (395,132,'2024-01-07 15:52:53'),
    (396,132,'2024-01-30 21:59:13'),
    (397,133,'2022-11-24 11:53:22'),
    (398,133,'2023-01-22 05:22:56'),
    (399,133,'2023-09-03 17:38:03'),
    (400,134,'2021-03-26 11:41:27'),
    (401,134,'2024-01-11 16:08:18'),
    (402,135,'2015-11-24 22:00:51'),
    (403,135,'2016-06-12 01:08:45'),
    (404,136,'2021-06-18 04:05:16'),
    (405,137,'2017-11-28 01:02:50'),
    (406,137,'2020-04-04 02:52:44'),
    (407,137,'2020-06-13 14:35:08'),
    (408,137,'2021-07-21 21:55:56'),
    (409,137,'2023-07-18 12:40:52'),
    (410,137,'2024-01-07 22:13:03'),
    (411,138,'2020-07-21 18:13:55'),
    (412,138,'2021-05-26 07:14:51'),
    (413,138,'2022-05-24 10:24:51'),
    (414,138,'2022-06-13 01:53:49'),
    (415,139,'2019-06-20 12:02:28'),
    (416,139,'2020-02-28 18:35:17'),
    (417,139,'2021-04-21 15:36:00'),
    (418,140,'2019-11-22 16:31:40'),
    (419,140,'2020-03-27 19:56:11'),
    (420,140,'2022-03-16 23:11:19'),
    (421,141,'2020-03-17 01:40:59'),
    (422,141,'2021-03-08 15:45:56'),
    (423,141,'2022-08-22 18:48:44'),
    (424,142,'2022-02-13 14:11:47'),
    (425,142,'2022-03-23 14:05:15'),
    (426,142,'2022-09-18 19:10:54'),
    (427,142,'2023-07-19 23:12:35'),
    (428,142,'2023-10-20 10:03:07'),
    (429,142,'2024-03-11 07:29:15'),
    (430,144,'2018-03-27 19:52:45'),
    (431,144,'2023-02-04 08:17:26'),
    (432,145,'2023-09-18 00:05:02'),
    (433,145,'2024-03-25 22:40:05'),
    (434,146,'2022-09-12 17:06:13'),
    (435,146,'2023-07-15 16:09:37'),
    (436,147,'2015-03-26 03:04:51'),
    (437,147,'2017-08-26 22:51:41'),
    (438,148,'2022-10-24 01:45:21'),
    (439,148,'2023-06-30 17:53:41'),
    (440,149,'2014-05-21 20:13:17'),
    (441,150,'2016-02-19 12:14:03'),
    (442,150,'2016-07-03 17:35:22'),
    (443,150,'2017-05-05 08:23:55'),
    (444,150,'2018-06-15 20:27:39'),
    (445,150,'2020-01-16 10:30:20'),
    (446,150,'2021-08-25 22:31:38');


INSERT INTO bsze3_blog.blog_entries (id,title,content,author,number_of_views,created_at,deleted_at) VALUES
    (1,'est','Perspiciatis est tempora non. Cumque laborum harum suscipit. Et fuga ipsa.',3,1,'2011-07-27 18:32:20',NULL),
    (2,'et','Velit sint voluptas fuga. Neque excepturi vitae unde autem possimus qui velit nisi. Aut est sint. Enim voluptatibus quis. Error exercitationem et qui earum est quidem rerum. Cumque facere eligendi qui dolor blanditiis ducimus.',4,0,'2019-07-29 07:07:23',NULL),
    (3,'voluptates','Omnis fugit sint ducimus. Doloremque natus ipsam temporibus amet ut atque repudiandae necessitatibus autem. Architecto sit velit velit itaque totam sed quasi modi. Harum quod iste laborum inventore qui impedit corrupti quasi sint. Deserunt laudantium aut architecto assumenda voluptatem. Accusantium numquam qui et et eligendi laboriosam.',6,0,'2023-12-21 21:13:42',NULL),
    (4,'reiciendis','Quas suscipit corporis porro et voluptatum ratione est. Corrupti aliquam voluptates sint rem impedit sapiente. Voluptates quas dolorem.',8,0,'2023-10-01 09:26:55',NULL),
    (5,'alias','Est quaerat debitis quas dolores. Eum nobis amet cumque aut non exercitationem officia aperiam commodi. Ut voluptas voluptatibus voluptatem enim.',8,3,'2019-12-18 20:53:04',NULL),
    (6,'provident','Omnis qui temporibus et. Est saepe a vitae odit doloribus autem. Ad voluptatem quis neque consequatur voluptatem.',10,1,'2023-04-19 15:29:17',NULL),
    (7,'quaerat','Necessitatibus illum dignissimos aspernatur vel molestiae quis facere veniam. Est architecto aut delectus id eum. Cumque quidem nihil assumenda.',11,2,'2018-08-02 10:18:53',NULL),
    (8,'ea','Magni illo cupiditate sit optio error nemo sunt. Rem non autem itaque enim non. Ut est culpa sapiente accusamus officiis voluptate voluptatibus necessitatibus. Eveniet adipisci et tempore et enim quasi voluptate id. Reprehenderit sit et exercitationem voluptatum dignissimos ab aut totam facere. Ea et accusantium assumenda.',11,0,'2012-11-09 15:37:37',NULL),
    (9,'enim','Occaecati facilis repellat quaerat tenetur culpa minima. Non fuga eligendi deleniti repudiandae a. Laborum porro explicabo est quisquam ut. Qui adipisci qui consequatur nihil et sequi quia ullam doloribus.',11,2,'2013-04-23 09:46:33',NULL),
    (10,'harum','Incidunt ratione eius qui sit optio fugit fuga facere. At fuga similique rem illum. Repellat explicabo dolores distinctio fuga voluptates eum ut qui.',20,0,'2012-02-06 14:19:18','2012-05-27 11:28:44'),
    (11,'qui','Ratione recusandae et suscipit et veniam numquam. Mollitia aliquid ullam voluptatem. Soluta consequatur ex et fugiat illum recusandae. Veniam qui amet nostrum veniam culpa omnis recusandae. Qui et amet voluptatem omnis ut occaecati debitis aspernatur ea. Vitae ut ea in officiis alias.',21,3,'2022-04-07 07:06:05',NULL),
    (12,'nulla','Deleniti eum veniam sit rerum. Autem in molestiae quia non ratione dolor reiciendis sit. Ut quae repellat et rerum.',22,3,'2020-12-19 17:28:48','2022-08-16 09:00:06'),
    (13,'sed','Id et aperiam reprehenderit quis alias. Magni ex qui exercitationem atque quia id quasi. Dolorem minus minus aspernatur voluptates magni commodi et. Ducimus atque ipsum et ipsam corrupti dolorem voluptatem. Hic velit enim. Veniam maiores tempora omnis fugit qui fugiat doloremque aut.',26,3,'2021-10-24 11:18:28',NULL),
    (14,'provident','Ullam sed laborum dicta hic ex aliquam dolor animi. Provident facere perspiciatis accusamus vel dolorem suscipit numquam voluptas. Voluptates autem sint voluptatem et odio aut voluptas consequuntur. Cum veniam mollitia a aut et incidunt. Eum animi voluptatem.',27,3,'2015-08-04 18:02:35',NULL),
    (15,'accusamus','Aut veritatis iure nihil ut quod quibusdam aut. Praesentium quia id soluta et. Laborum qui sint omnis beatae.',27,3,'2017-04-21 03:00:29',NULL),
    (16,'voluptatem','Ipsum error veritatis velit omnis labore quod non et. Tempora error aut. Ab et eveniet doloribus.',29,1,'2022-12-28 23:36:31',NULL),
    (17,'deserunt','Iusto dolores sint occaecati similique exercitationem. Consequatur omnis et perspiciatis adipisci. Occaecati dolorem quia velit ea vel et blanditiis.',33,3,'2024-02-02 12:40:13',NULL),
    (18,'cumque','Cumque officia distinctio vitae. Tempore possimus aut ut perspiciatis et omnis ducimus sequi. Sed cum hic non eius. Ea aut et ratione non. Necessitatibus fuga sint accusamus accusantium explicabo commodi voluptate earum ut. Consequatur laborum ducimus inventore et molestias.',33,2,'2024-01-24 06:21:12',NULL),
    (19,'voluptatem','Est animi qui libero voluptatibus velit consectetur nobis nesciunt. Aliquam voluptate consequatur laborum quod error et voluptatem vero nesciunt. Quam dolorum illum aliquid. Debitis perferendis nam consectetur velit est consequatur minus magni ducimus. Quas voluptas odio blanditiis rerum doloribus doloremque voluptate dolores. Perspiciatis harum dignissimos sint harum qui et ipsam.',35,1,'2024-03-15 06:23:24',NULL),
    (20,'dolorum','Fugit minus neque fugit dolorem. Maiores nesciunt accusamus odio adipisci aperiam id sunt mollitia. Vero eveniet fugiat ratione rem ratione et. Ipsam sapiente quas.',35,3,'2024-04-07 17:27:38',NULL),
    (21,'et','Saepe in molestiae et doloribus id. Modi qui quibusdam est non nam ad consequuntur quae repudiandae. Nulla voluptatem sint. Dignissimos hic eum quasi soluta velit consequatur eveniet. Ut nemo autem cumque omnis velit et. Deserunt error aut voluptas est.',37,2,'2013-10-17 01:38:23','2023-03-31 19:35:08'),
    (22,'perspiciatis','Laborum illum facilis voluptatibus expedita vitae cumque. Totam distinctio pariatur sapiente tenetur laudantium. Molestiae sequi porro earum quia. Velit quibusdam praesentium recusandae voluptas omnis. Et recusandae sequi numquam eum et ut ab ex voluptatem.',37,2,'2015-04-14 18:30:40',NULL),
    (23,'aut','In reiciendis doloremque aut in veritatis ratione repellat earum. Qui est sunt perspiciatis hic aut molestiae. Beatae et quia rerum rem qui itaque. Id provident omnis incidunt.',45,2,'2022-04-19 22:00:01',NULL),
    (24,'pariatur','Odit pariatur repellendus consequatur omnis. Omnis laborum consequatur. Ea qui numquam eum soluta explicabo qui est commodi. Error nulla fuga suscipit porro aut voluptatum. Quia iusto ut.',45,2,'2021-11-17 09:32:31',NULL),
    (25,'beatae','Quis consectetur consequatur fugit est. Placeat et nisi est omnis. Iusto libero accusamus dignissimos alias ut beatae ut voluptas debitis. Ut facilis doloremque sunt sit illum eum dolor sapiente qui.',46,1,'2023-04-05 12:37:33',NULL),
    (26,'non','Laboriosam quidem sit iure eos. Enim recusandae omnis ex mollitia quae et eius qui. A recusandae est molestiae ea assumenda omnis eum.',48,2,'2021-09-25 10:21:08',NULL),
    (27,'nostrum','Commodi molestiae earum et et explicabo quos. Velit itaque magni amet. Et delectus cum voluptatem aut est reiciendis explicabo enim aliquam.',51,1,'2022-11-22 22:52:39',NULL),
    (28,'consequatur','Nemo pariatur sit quos alias cupiditate odio consequatur labore doloremque. Voluptates voluptates fugiat itaque aspernatur quo facere nemo. Qui nobis quibusdam aut necessitatibus exercitationem itaque minus mollitia asperiores. Sed omnis deserunt voluptatibus consequatur. Cumque et fugiat vero sequi qui vitae sunt. Saepe sequi enim sint at sint vel.',55,2,'2023-11-03 20:45:02',NULL),
    (29,'atque','Et autem eos. Iste iure aspernatur quia vero reprehenderit ea ut. Aut facere quis aut repellendus consequuntur sapiente possimus impedit. Nostrum est tenetur est.',59,2,'2017-12-09 17:29:44',NULL),
    (30,'in','Rerum vel pariatur nihil. Ex est labore maiores temporibus ut delectus eveniet accusamus. Similique mollitia error exercitationem placeat voluptas voluptatibus quo voluptatum. Corporis aliquid qui impedit qui et vero voluptatum. A laborum non et perspiciatis quis.',60,1,'2023-01-26 14:32:40',NULL),
    (31,'molestiae','Sed molestias ut et ut est sapiente. Aspernatur voluptas cupiditate rerum quos numquam temporibus perferendis qui. Nemo facilis beatae repellendus omnis perspiciatis culpa laboriosam rerum.',60,2,'2017-09-02 09:39:29',NULL),
    (32,'modi','Aut quia sunt nulla expedita dolorem. Et similique voluptas quia perspiciatis sunt. Eligendi aut praesentium animi et voluptatum itaque. Et officiis autem et doloremque aut cum.',60,1,'2016-10-15 07:20:33',NULL),
    (33,'suscipit','Vel excepturi in voluptatem minima aliquid veritatis. Sunt fugiat dignissimos. Consequuntur fuga saepe at quos rerum. Omnis est commodi sunt ab veniam dolor. Blanditiis iste vero rem porro possimus.',63,1,'2024-03-31 10:49:28',NULL),
    (34,'incidunt','Nisi maiores molestias dolores at ut quod. Est vitae cum ut cumque ratione ut magni. Magni quia culpa quae quia omnis deserunt. Quis dolorum sapiente nemo beatae temporibus maiores officiis dolor quo. Mollitia voluptatem provident sint aliquid sed voluptatem. Sit aperiam consequatur perferendis.',63,1,'2024-03-27 06:37:47',NULL),
    (35,'ex','Autem aut sint. Aut iste aut nihil atque tenetur eum. Ducimus corrupti sint aut quibusdam sequi. Explicabo officiis commodi totam mollitia illo.',64,1,'2016-10-27 10:59:03',NULL),
    (36,'libero','Vero natus et. Est tempora repellendus. Voluptates nemo eos nulla dignissimos. Dolorum vero dolor magnam dolorem reiciendis cumque vel. Amet voluptatem natus explicabo rerum quae ad magnam quam. Alias amet dolore et rerum voluptatem eos doloremque.',64,1,'2022-05-08 00:06:21','2023-01-12 01:51:53'),
    (37,'quod','Sunt quia ea harum odio dolor. Et incidunt omnis labore. Quia et aut. Autem provident voluptatem quaerat omnis sint.',66,3,'2023-11-05 07:50:21',NULL),
    (38,'quod','Accusamus itaque delectus vel dolorem sequi aut sed aliquid aut. Dolorum iste quis eos ipsam omnis. Molestias accusamus minima doloremque. Pariatur enim accusantium.',66,3,'2024-03-16 23:28:59',NULL),
    (39,'enim','Consectetur voluptas itaque dignissimos. Quisquam ea et. Et ab libero repellat illum praesentium. Laudantium cumque sit eos aperiam animi rerum. Quia delectus veniam ut quod. Voluptate sunt omnis quis delectus ad.',68,3,'2023-10-26 23:57:16',NULL),
    (40,'quas','Nobis sequi voluptates aut omnis omnis. Commodi provident aspernatur maiores. Reprehenderit molestiae quae et dolore quibusdam provident deleniti amet voluptatibus. Aliquam rem eaque qui expedita. Magni ut quibusdam facilis omnis et.',69,0,'2022-04-30 16:05:45',NULL),
    (41,'sunt','Vel delectus reprehenderit voluptas dicta. Illo aut sunt iusto. Mollitia placeat dolor sapiente doloremque sequi quo esse ut nemo.',69,1,'2021-09-08 14:24:43',NULL),
    (42,'laboriosam','Earum nesciunt et ullam reprehenderit similique. Repudiandae nostrum optio quisquam aut earum provident quam dolor. Omnis ut veritatis totam voluptatem rerum. Quo vel tempore.',69,0,'2021-09-10 02:45:05',NULL),
    (43,'cumque','Officiis consequatur est consequatur ducimus voluptas. Aliquam quo officiis vel aperiam eum nobis consequatur quam. Iusto pariatur nihil non explicabo est commodi est. Et vero asperiores voluptatibus magnam ut libero eius. Dolorem fugiat quaerat ut doloribus corrupti veniam. Eum necessitatibus dicta a nihil.',76,3,'2022-08-18 06:06:38','2022-09-17 21:38:35'),
    (44,'molestiae','Doloremque sequi cumque impedit dolorem corporis consequuntur asperiores. Voluptas sit neque eos qui. Est rerum laudantium omnis molestiae quam voluptatem quis. Nostrum quod praesentium suscipit quis incidunt numquam consectetur non a. Ipsam illum eum laborum facilis ratione.',76,2,'2016-03-28 04:49:44',NULL),
    (45,'et','Magni quis libero velit. Fugit voluptas illum laboriosam quos. In quisquam animi aliquid voluptas fuga delectus. Omnis exercitationem omnis molestiae iste commodi illo doloremque omnis expedita. Dicta consequuntur repudiandae officia qui est iusto. Aliquam necessitatibus voluptates est est.',77,3,'2022-05-28 04:19:48',NULL),
    (46,'dolor','Exercitationem illo inventore. Similique qui molestiae voluptatem et in et ipsa. Molestiae asperiores cumque esse nisi dolores aliquid. Tempore veritatis consectetur consequatur sit occaecati quisquam illum quasi ipsa. Facere pariatur expedita voluptate quos aut.',77,1,'2024-02-12 22:51:02',NULL),
    (47,'minus','Recusandae tenetur cum quia animi iusto dolorem maiores. Nemo a minima minima cupiditate. Nulla aut iusto alias repellat enim error numquam rerum. Saepe sint reiciendis dolorem distinctio non commodi et incidunt. Dolor dolorum debitis autem rerum ut earum rerum sit.',80,0,'2011-03-01 11:18:05',NULL),
    (48,'sed','Labore quia omnis numquam autem illum in at ratione adipisci. Excepturi rem dicta quo. Consequatur nemo quas minus.',80,1,'2015-03-16 22:24:55',NULL),
    (49,'eveniet','Qui facilis qui. Laudantium est accusamus magni quam iste id ipsa. Sunt autem qui commodi deleniti eum minus saepe maxime. Esse laboriosam ipsum quos doloribus itaque enim. Voluptate qui nulla quia.',85,3,'2023-08-01 04:00:21',NULL),
    (50,'aut','Quas maiores rerum dolorum harum sunt. Ullam ea in reiciendis inventore ex commodi. Earum quidem nesciunt explicabo facere sint provident est molestiae. Dolores rem aperiam id ea accusantium rerum sed recusandae. Aut quia laudantium earum rerum necessitatibus.',85,2,'2022-06-05 18:56:49',NULL),
    (51,'expedita','Et quos necessitatibus et ut ab velit. Unde et possimus ipsa ea natus iusto. Sint in laborum temporibus cum est doloremque. Assumenda minus delectus et omnis iusto.',86,2,'2023-01-27 05:25:49',NULL),
    (52,'laudantium','Facilis a veniam dolores sint occaecati facere molestiae ipsum cumque. Voluptatum nostrum reiciendis ut. Eum non animi reprehenderit non officiis vero dolorum soluta. Voluptatem tenetur repellendus dolor harum quisquam aperiam nihil eius occaecati.',88,2,'2018-05-14 07:15:40',NULL),
    (53,'architecto','Animi voluptas velit eum provident omnis non sunt a. Qui omnis tempora omnis recusandae earum maiores deserunt. Repudiandae ut natus maiores magnam et cumque quo blanditiis. Saepe excepturi ea vero qui voluptatem omnis nemo. Fugiat voluptatem officiis. Rerum nihil totam nobis magni dolorum nisi est id itaque.',88,1,'2024-01-06 23:26:28',NULL),
    (54,'deserunt','Dolor culpa pariatur dolores dolorum est. Ut vel alias. Qui quisquam libero itaque sed ut ratione veniam.',95,0,'2023-09-07 07:54:28',NULL),
    (55,'neque','Quod eius perspiciatis perferendis aliquid nemo impedit nemo impedit. Odit laborum repellendus cumque et tenetur quia sunt. Excepturi ipsum voluptates reprehenderit. Sit saepe veritatis aliquid suscipit voluptatem iure. Qui laborum reiciendis voluptatem rerum.',99,2,'2015-08-26 17:43:07',NULL),
    (56,'autem','Fugiat laboriosam animi quidem officia adipisci reprehenderit deleniti. Excepturi voluptatem accusantium. Id excepturi consequuntur odio cumque quam ad est. Eum natus perspiciatis reprehenderit omnis quia et non iure quia. Incidunt dolor nihil quibusdam eius sit possimus.',99,2,'2023-05-15 16:36:17',NULL),
    (57,'sit','Iste maiores sed perspiciatis et recusandae. Qui nemo qui. Dolor non autem aut aliquam quidem et. Vel placeat laudantium reiciendis.',99,2,'2014-04-11 05:33:15',NULL),
    (58,'consequatur','Tenetur a quo. Animi est odio non amet nemo aut vel deleniti. Ut aut sint deleniti necessitatibus cum atque odit earum recusandae. Et fugiat ipsum. Maxime dignissimos maiores a.',101,2,'2023-02-01 21:09:43',NULL),
    (59,'ut','Ut eius sed tenetur eveniet eligendi sed molestiae. Voluptatem cumque vero quis sit sequi fugiat non fuga. Cupiditate consequatur quos perferendis hic aut quia quis. Laudantium blanditiis qui corporis et. Voluptas culpa laborum perspiciatis mollitia esse fuga facilis quis.',101,3,'2021-09-10 16:17:42',NULL),
    (60,'sint','Odit doloribus voluptatum ducimus aperiam. Culpa vitae et praesentium autem quis quam. Aut necessitatibus sed optio. Cum sit cupiditate ut voluptas officia mollitia impedit explicabo.',103,2,'2018-02-03 22:25:09',NULL),
    (61,'et','Unde impedit unde. Fugiat reprehenderit doloremque. Ut voluptates voluptate ipsam vel nulla molestias et velit.',103,2,'2018-05-19 23:34:34',NULL),
    (62,'dolor','Expedita ut consequatur nemo excepturi ullam. Pariatur enim asperiores in necessitatibus voluptatem velit autem tempora numquam. Doloremque facere pariatur neque et consequatur ut. Dicta est aspernatur cumque perferendis quis quas. Aut qui repellendus.',104,3,'2018-03-23 22:19:05',NULL),
    (63,'quia','Veritatis rerum voluptatem rerum quia. Nisi earum est rerum eos ea. Quidem saepe sunt vel sapiente eligendi eius laudantium sunt possimus.',106,1,'2019-02-07 11:45:14',NULL),
    (64,'distinctio','Qui cupiditate qui quod enim quibusdam ut ducimus sit labore. Sit necessitatibus non dolorem omnis. Aut qui laudantium in rem.',106,2,'2014-07-04 10:11:05',NULL),
    (65,'eaque','Quaerat nostrum et. Cupiditate sapiente iste. Omnis et molestiae sit ipsum quis cum quidem officiis. Vel qui voluptate. Voluptatum aut est dolores cupiditate minima.',107,1,'2020-09-07 17:49:02',NULL),
    (66,'omnis','Cupiditate nostrum et ipsam ullam ea eius mollitia voluptatem. Facere praesentium id velit provident molestiae. Modi sit reiciendis distinctio consequuntur maiores laborum. Qui autem eaque aspernatur rem quia similique et voluptatibus ut. Nemo mollitia molestiae.',111,1,'2023-11-12 09:18:42',NULL),
    (67,'quia','Dolores facilis voluptas quo enim quibusdam cum quia. Sint inventore est adipisci expedita qui ipsum. Et distinctio temporibus ut ullam quas. Error maxime dolor. Ratione omnis quia quam in consequuntur fugit qui.',111,1,'2021-11-15 06:35:39',NULL),
    (68,'et','Dicta ab aut omnis debitis sit. Ad aspernatur ex odit dolorem et nemo non. Consequatur sed autem voluptas qui dolorem. Enim doloribus aut voluptatem eum.',111,4,'2022-04-08 23:08:00',NULL),
    (69,'dolorem','Unde fuga velit nam. Voluptatem ut dolore consequuntur. Autem deserunt dolore aliquid eveniet ab. Facilis error quia error exercitationem omnis voluptas nobis nisi vel. Dolor est reprehenderit eos dolor commodi accusamus est et.',113,2,'2022-06-14 02:46:27',NULL),
    (70,'consequatur','A delectus non porro reiciendis. Modi est aut quis illum dicta quia. Sapiente est ut natus necessitatibus.',113,1,'2017-08-26 18:23:37',NULL),
    (71,'tempore','Et ex placeat corrupti quis reprehenderit quas consequatur. Ullam voluptatem alias aut. Praesentium et saepe occaecati in deserunt ad iusto. Et eum molestias et libero nihil.',116,2,'2023-01-19 22:24:32',NULL),
    (72,'et','Deserunt qui architecto sed laudantium nobis rerum sapiente. Quia debitis iusto laborum illum maxime quaerat. Et nihil fugit.',118,2,'2021-02-25 09:17:51',NULL),
    (73,'veniam','Neque nulla rerum architecto rerum dignissimos blanditiis. Harum iste asperiores. Alias vel nam quis delectus rerum.',118,0,'2022-07-06 13:58:23',NULL),
    (74,'quo','Quia dolorem natus et consequatur provident. Consectetur voluptas qui corporis. Deleniti aut est pariatur magnam aut. Adipisci repudiandae et. Aut corporis sequi.',122,2,'2020-05-27 06:27:37',NULL),
    (75,'rerum','Dolor est deserunt inventore ipsam non fugit. Molestias pariatur libero quidem et adipisci. Hic vel modi possimus at consectetur dolores. Hic perspiciatis quia inventore quos voluptates impedit. Voluptatem nisi doloremque autem temporibus sequi.',122,1,'2012-08-19 19:41:11',NULL),
    (76,'neque','Odio id rerum est perferendis. Minima aut atque tempora pariatur ipsa maxime ex nobis quidem. Qui dolorem ipsa voluptas. Libero asperiores voluptates quia voluptas nostrum nulla delectus qui quo. Aliquam quod inventore veritatis recusandae eos qui laborum aspernatur sunt. Dolore qui enim in quis labore iusto totam sit quos.',123,1,'2016-09-29 15:17:37',NULL),
    (77,'praesentium','Eveniet nostrum autem iure vel modi sunt voluptas. Libero dicta eligendi sed. Nihil consequatur tempore alias labore dolores dolorem. Dolores voluptas iure. Id fugiat tempora necessitatibus sint odit voluptatem sit iste. Totam et a qui aut deleniti distinctio.',125,0,'2017-01-29 15:54:39',NULL),
    (78,'maiores','Culpa ut consectetur est aperiam. Eos tenetur voluptas dolor. Qui cum aliquam. Nihil placeat sit. A accusantium rerum est nulla voluptas dolore.',126,1,'2012-02-05 07:20:23','2016-08-27 22:52:07'),
    (79,'totam','Ut consequatur perspiciatis. Expedita quam nihil reprehenderit cumque porro delectus dolores nihil. Neque recusandae beatae. Voluptatem quis voluptate voluptatem qui expedita. Quod debitis quia alias explicabo corrupti. Ut dolores exercitationem enim modi sed recusandae.',126,2,'2019-08-01 15:43:51',NULL),
    (80,'ab','Voluptas ut non dolorem. Itaque quis odio ea sed. Sed eveniet sed laudantium quia amet iure maiores ab cupiditate. Sed praesentium quibusdam suscipit doloremque. Recusandae modi distinctio in eos occaecati nihil.',127,1,'2012-03-28 04:56:51','2021-09-05 23:15:20'),
    (81,'ut','Quod voluptatem nesciunt autem iste. Debitis natus et at tenetur ducimus earum quasi dolore accusamus. Libero quas aut ipsum saepe quasi. Quo nihil et voluptas error explicabo accusantium reiciendis et animi.',128,2,'2021-04-05 12:06:32',NULL),
    (82,'ratione','Quisquam impedit minus vero vel dicta libero. Voluptatem soluta magni autem sint voluptate dicta sed omnis suscipit. Illum sint laborum perferendis aspernatur laborum qui inventore omnis.',128,3,'2023-09-10 10:13:56',NULL),
    (83,'quaerat','Iusto consequatur distinctio. Cum mollitia hic reiciendis et sed sequi. Ipsa velit accusantium ea enim temporibus sint. Quo et expedita aut et. Voluptatum blanditiis quas ducimus autem eos et.',134,2,'2021-03-12 08:35:46','2023-09-14 01:55:04'),
    (84,'ipsam','Qui rem magnam harum aliquam magnam omnis non. Eos repellendus adipisci cumque. Laborum consectetur nisi fuga adipisci perspiciatis aut molestiae sit sit. Dolores nisi dolore est quae officia porro dolorem quam.',134,2,'2017-11-06 04:51:27',NULL),
    (85,'in','Corrupti quas illum aliquid. Aut modi doloribus in in distinctio voluptas. Quas optio iusto aliquam rem mollitia ad.',139,1,'2023-07-16 20:51:36',NULL),
    (86,'doloremque','Corrupti non eaque quod rerum veniam consectetur dolores. Magni ipsa exercitationem. Aperiam natus rerum voluptas asperiores dolorum ut quaerat ex. Illo voluptatem dolor. Sint sunt aut enim.',139,1,'2020-12-05 01:01:45',NULL),
    (87,'aut','Sequi voluptatem ut officiis nesciunt odio rerum. Maiores dignissimos hic libero expedita. Voluptas ab inventore ad voluptas quam sed.',139,2,'2021-03-05 18:50:55',NULL),
    (88,'et','Reprehenderit et cumque et voluptatem ipsa amet iusto. Excepturi et illo perferendis doloribus non non ipsam voluptate aut. Consequuntur officiis consequuntur placeat qui voluptas nihil hic. Est voluptatem nisi architecto autem ut. Hic culpa omnis nulla qui. Exercitationem qui minima non aliquid amet dolorem.',144,4,'2017-11-28 00:13:08',NULL),
    (89,'assumenda','Ea quaerat sequi hic voluptas. Eum in qui. Ab eveniet in nemo aut vero saepe sed necessitatibus. Aliquid quis aut consequuntur rerum. Eos sit voluptatibus tenetur voluptatem eum impedit.',144,3,'2012-11-04 11:44:58',NULL),
    (90,'adipisci','Numquam et veniam nesciunt quia ipsam. Unde iusto molestias libero ea. Voluptatibus atque sit voluptatem corrupti est commodi. Minus rem velit omnis autem voluptatum doloremque mollitia. Vel sapiente aliquid eos qui.',150,2,'2024-03-21 06:40:05','2024-04-05 11:59:36');


INSERT INTO bsze3_blog.blog_edit_logs (id,blog_entry_id,edited_by,edited_at) VALUES
    (1,3,6,'2024-04-11 21:13:23'),
    (2,4,8,'2024-04-11 21:13:23'),
    (3,5,8,'2024-04-11 21:13:23'),
    (4,6,10,'2024-04-11 21:13:23'),
    (5,7,11,'2024-04-11 21:13:23'),
    (6,8,11,'2024-04-11 21:13:23'),
    (7,9,11,'2024-04-11 21:13:23'),
    (8,13,26,'2024-04-11 21:13:23'),
    (9,16,29,'2024-04-11 21:13:23'),
    (10,17,33,'2024-04-11 21:13:23'),
    (11,18,33,'2024-04-11 21:13:23'),
    (12,19,35,'2024-04-11 21:13:23'),
    (13,20,35,'2024-04-11 21:13:23'),
    (14,22,37,'2024-04-11 21:13:23'),
    (15,26,48,'2024-04-11 21:13:23'),
    (16,28,55,'2024-04-11 21:13:23'),
    (17,29,59,'2024-04-11 21:13:23'),
    (18,33,63,'2024-04-11 21:13:23'),
    (19,34,63,'2024-04-11 21:13:23'),
    (20,37,66,'2024-04-11 21:13:23'),
    (21,38,66,'2024-04-11 21:13:24'),
    (22,39,68,'2024-04-11 21:13:24'),
    (23,40,69,'2024-04-11 21:13:24'),
    (24,41,69,'2024-04-11 21:13:24'),
    (25,42,69,'2024-04-11 21:13:24'),
    (26,47,80,'2024-04-11 21:13:24'),
    (27,48,80,'2024-04-11 21:13:24'),
    (28,49,85,'2024-04-11 21:13:24'),
    (29,50,85,'2024-04-11 21:13:24'),
    (30,51,86,'2024-04-11 21:13:24'),
    (31,54,95,'2024-04-11 21:13:24'),
    (32,55,99,'2024-04-11 21:13:24'),
    (33,56,99,'2024-04-11 21:13:24'),
    (34,57,99,'2024-04-11 21:13:24'),
    (35,58,101,'2024-04-11 21:13:24'),
    (36,59,101,'2024-04-11 21:13:24'),
    (37,71,116,'2024-04-11 21:13:24'),
    (38,72,118,'2024-04-11 21:13:24'),
    (39,73,118,'2024-04-11 21:13:24');


INSERT INTO bsze3_blog.blog_views (id,blog_entry_id,viewed_by,viewed_at) VALUES
    (1,1,97,'2013-07-11 07:13:12'),
    (2,5,34,'2020-10-29 01:55:52'),
    (3,5,42,'2022-06-29 08:57:11'),
    (4,5,119,'2023-01-17 03:33:14'),
    (5,6,69,'2023-10-22 08:55:32'),
    (6,7,88,'2023-09-23 17:49:44'),
    (7,7,64,'2020-05-14 19:28:31'),
    (8,9,4,'2013-06-01 23:37:27'),
    (9,9,4,'2020-03-31 03:43:10'),
    (10,11,40,'2023-08-28 17:49:38'),
    (11,11,37,'2022-04-11 07:31:56'),
    (12,11,24,'2022-08-24 04:35:48'),
    (13,12,46,'2022-06-05 16:29:14'),
    (14,12,5,'2022-08-05 13:06:39'),
    (15,12,102,'2020-12-26 00:03:17'),
    (16,13,124,'2022-10-17 19:34:25'),
    (17,13,91,'2022-03-27 10:47:16'),
    (18,13,129,'2023-12-13 23:53:33'),
    (19,14,141,'2018-09-18 15:46:27'),
    (20,14,51,'2018-10-23 14:24:11'),
    (21,14,42,'2017-04-23 22:10:51'),
    (22,15,60,'2017-10-13 15:21:06'),
    (23,15,123,'2022-09-09 02:19:20'),
    (24,15,1,'2020-10-25 22:53:22'),
    (25,16,56,'2023-03-28 22:15:43'),
    (26,17,29,'2024-02-17 13:06:11'),
    (27,17,101,'2024-03-01 13:06:02'),
    (28,17,115,'2024-03-10 16:10:57'),
    (29,18,85,'2024-03-14 20:27:15'),
    (30,18,70,'2024-01-30 14:11:12'),
    (31,19,142,'2024-03-18 08:23:19'),
    (32,20,6,'2024-04-07 19:31:24'),
    (33,20,24,'2024-04-09 09:05:24'),
    (34,20,96,'2024-04-10 22:16:31'),
    (35,21,127,'2017-08-11 19:37:38'),
    (36,21,80,'2023-03-25 17:25:54'),
    (37,22,96,'2018-02-04 03:09:33'),
    (38,22,79,'2020-05-07 17:03:47'),
    (39,23,62,'2023-06-04 07:24:55'),
    (40,23,101,'2023-05-14 03:11:14'),
    (41,24,84,'2023-08-05 03:44:10'),
    (42,24,130,'2023-02-02 06:43:41'),
    (43,25,92,'2024-03-25 05:11:30'),
    (44,26,93,'2023-06-22 21:49:59'),
    (45,26,64,'2021-11-19 19:33:30'),
    (46,27,31,'2023-12-20 22:22:29'),
    (47,28,147,'2024-02-11 17:22:30'),
    (48,28,97,'2024-02-29 23:57:06'),
    (49,29,92,'2018-06-21 03:05:12'),
    (50,29,64,'2023-03-07 09:47:29'),
    (51,30,120,'2024-03-16 19:21:08'),
    (52,31,83,'2021-11-02 03:42:50'),
    (53,31,37,'2019-07-15 06:23:57'),
    (54,32,129,'2017-03-12 13:03:31'),
    (55,33,92,'2024-04-06 20:22:39'),
    (56,34,58,'2024-03-31 21:05:20'),
    (57,35,95,'2019-08-18 16:34:49'),
    (58,36,116,'2022-11-16 07:26:36'),
    (59,37,42,'2023-12-01 18:06:31'),
    (60,37,97,'2024-01-15 03:33:54'),
    (61,37,40,'2024-01-22 22:12:18'),
    (62,38,120,'2024-04-06 09:06:08'),
    (63,38,33,'2024-03-17 19:51:33'),
    (64,38,90,'2024-03-24 15:55:37'),
    (65,39,140,'2024-01-22 00:35:29'),
    (66,39,142,'2023-11-22 23:24:38'),
    (67,39,98,'2023-12-22 03:45:55'),
    (68,41,136,'2023-11-07 07:05:03'),
    (69,43,136,'2022-09-14 07:47:56'),
    (70,43,118,'2022-08-26 20:36:00'),
    (71,43,80,'2022-09-13 18:57:43'),
    (72,44,47,'2022-01-01 19:13:08'),
    (73,44,51,'2022-04-06 06:26:53'),
    (74,45,105,'2023-10-04 16:15:10'),
    (75,45,118,'2022-09-19 17:57:21'),
    (76,45,11,'2022-08-06 10:24:30'),
    (77,46,11,'2024-03-08 18:30:51'),
    (78,48,19,'2021-08-07 17:18:46'),
    (79,49,51,'2024-02-25 01:05:41'),
    (80,49,97,'2023-12-09 06:33:09'),
    (81,49,10,'2023-09-21 06:04:22'),
    (82,50,14,'2024-04-09 22:32:37'),
    (83,50,51,'2023-03-19 09:17:13'),
    (84,51,78,'2023-08-05 09:40:35'),
    (85,51,136,'2023-05-06 07:44:25'),
    (86,52,58,'2021-05-27 18:34:23'),
    (87,52,150,'2022-04-22 16:13:14'),
    (88,53,147,'2024-01-22 21:11:52'),
    (89,55,45,'2020-01-18 04:16:17'),
    (90,55,136,'2018-10-10 01:13:15'),
    (91,56,30,'2023-10-01 20:25:37'),
    (92,56,14,'2024-04-01 15:10:01'),
    (93,57,141,'2021-12-15 13:30:08'),
    (94,57,124,'2015-02-01 01:57:45'),
    (95,58,11,'2023-10-03 03:59:58'),
    (96,58,11,'2023-11-15 20:36:14'),
    (97,59,96,'2023-03-09 01:53:48'),
    (98,59,59,'2021-11-01 06:53:20'),
    (99,59,1,'2023-05-03 04:54:22'),
    (100,60,49,'2019-07-26 12:26:30'),
    (101,60,60,'2022-12-07 04:59:51'),
    (102,61,124,'2019-10-12 04:37:02'),
    (103,61,59,'2022-10-02 22:12:33'),
    (104,62,76,'2018-05-17 20:36:12'),
    (105,62,39,'2023-04-11 08:26:16'),
    (106,62,45,'2021-07-17 10:45:47'),
    (107,63,112,'2023-12-18 10:07:29'),
    (108,64,67,'2015-06-10 14:06:04'),
    (109,64,95,'2020-11-18 22:54:32'),
    (110,65,82,'2022-11-16 02:03:48'),
    (111,66,5,'2024-01-01 11:32:53'),
    (112,67,118,'2022-12-21 17:06:00'),
    (113,68,142,'2023-10-01 02:45:27'),
    (114,68,34,'2023-10-22 17:06:59'),
    (115,68,48,'2023-08-31 11:28:58'),
    (116,68,133,'2023-08-29 16:12:23'),
    (117,69,130,'2023-01-06 22:57:21'),
    (118,69,117,'2023-08-10 21:07:32'),
    (119,70,58,'2018-07-06 05:30:12'),
    (120,71,23,'2023-07-18 17:36:22'),
    (121,71,24,'2023-07-05 20:26:14'),
    (122,72,129,'2021-10-15 18:19:38'),
    (123,72,37,'2021-12-16 02:06:21'),
    (124,74,40,'2023-05-09 12:01:10'),
    (125,74,20,'2021-12-10 23:26:28'),
    (126,75,139,'2018-04-21 01:30:37'),
    (127,76,58,'2020-12-21 12:21:47'),
    (128,78,32,'2014-11-30 14:55:52'),
    (129,79,43,'2022-01-17 23:52:11'),
    (130,79,130,'2021-09-28 22:09:15'),
    (131,80,99,'2015-07-21 14:13:25'),
    (132,81,141,'2022-03-26 20:00:20'),
    (133,81,60,'2023-02-08 07:48:31'),
    (134,82,26,'2023-10-05 15:37:31'),
    (135,82,114,'2024-01-22 22:03:58'),
    (136,82,140,'2023-12-07 06:48:31'),
    (137,83,73,'2023-08-16 11:29:20'),
    (138,83,68,'2022-10-06 08:25:17'),
    (139,84,2,'2018-04-28 16:45:30'),
    (140,84,16,'2020-09-17 04:12:26'),
    (141,85,140,'2023-12-19 16:51:00'),
    (142,86,20,'2022-03-15 02:10:35'),
    (143,87,30,'2022-12-29 20:27:55'),
    (144,87,64,'2022-12-09 11:05:00'),
    (145,88,125,'2021-02-09 11:42:56'),
    (146,88,2,'2018-05-10 13:54:02'),
    (147,88,88,'2022-02-18 22:27:37'),
    (148,88,59,'2022-05-06 04:27:41'),
    (149,89,80,'2020-09-06 03:17:58'),
    (150,89,124,'2016-02-28 17:44:55'),
    (151,89,3,'2021-05-01 14:33:50'),
    (152,90,23,'2024-03-31 05:07:25'),
    (153,90,108,'2024-03-31 01:48:13'),
    (154,1,1,'2011-07-27 18:32:20'),
    (155,2,1,'2019-07-29 07:07:23'),
    (156,3,1,'2023-12-21 21:13:42'),
    (157,4,1,'2023-10-01 09:26:55'),
    (158,5,1,'2019-12-18 20:53:04'),
    (159,6,1,'2023-04-19 15:29:17'),
    (160,7,1,'2018-08-02 10:18:53'),
    (161,8,1,'2012-11-09 15:37:37'),
    (162,9,1,'2013-04-23 09:46:33'),
    (163,10,1,'2012-02-06 14:19:18'),
    (164,11,1,'2022-04-07 07:06:05'),
    (165,12,1,'2020-12-19 17:28:48'),
    (166,13,1,'2021-10-24 11:18:28'),
    (167,14,1,'2015-08-04 18:02:35'),
    (168,15,1,'2017-04-21 03:00:29'),
    (169,16,1,'2022-12-28 23:36:31'),
    (170,17,1,'2024-02-02 12:40:13'),
    (171,18,1,'2024-01-24 06:21:12'),
    (172,19,1,'2024-03-15 06:23:24'),
    (173,20,1,'2024-04-07 17:27:38'),
    (174,21,1,'2013-10-17 01:38:23'),
    (175,22,1,'2015-04-14 18:30:40'),
    (176,23,1,'2022-04-19 22:00:01'),
    (177,24,1,'2021-11-17 09:32:31'),
    (178,25,1,'2023-04-05 12:37:33'),
    (179,26,1,'2021-09-25 10:21:08'),
    (180,27,1,'2022-11-22 22:52:39'),
    (181,28,1,'2023-11-03 20:45:02'),
    (182,29,1,'2017-12-09 17:29:44'),
    (183,30,1,'2023-01-26 14:32:40'),
    (184,31,1,'2017-09-02 09:39:29'),
    (185,32,1,'2016-10-15 07:20:33'),
    (186,33,1,'2024-03-31 10:49:28'),
    (187,34,1,'2024-03-27 06:37:47'),
    (188,35,1,'2016-10-27 10:59:03'),
    (189,36,1,'2022-05-08 00:06:21'),
    (190,37,1,'2023-11-05 07:50:21'),
    (191,38,1,'2024-03-16 23:28:59'),
    (192,39,1,'2023-10-26 23:57:16'),
    (193,40,1,'2022-04-30 16:05:45'),
    (194,41,1,'2021-09-08 14:24:43'),
    (195,42,1,'2021-09-10 02:45:05'),
    (196,43,1,'2022-08-18 06:06:38'),
    (197,44,1,'2016-03-28 04:49:44'),
    (198,45,1,'2022-05-28 04:19:48'),
    (199,46,1,'2024-02-12 22:51:02'),
    (200,47,1,'2011-03-01 11:18:05'),
    (201,48,1,'2015-03-16 22:24:55'),
    (202,49,1,'2023-08-01 04:00:21'),
    (203,50,1,'2022-06-05 18:56:49'),
    (204,51,1,'2023-01-27 05:25:49'),
    (205,52,1,'2018-05-14 07:15:40'),
    (206,53,1,'2024-01-06 23:26:28'),
    (207,54,1,'2023-09-07 07:54:28'),
    (208,55,1,'2015-08-26 17:43:07'),
    (209,56,1,'2023-05-15 16:36:17'),
    (210,57,1,'2014-04-11 05:33:15'),
    (211,58,1,'2023-02-01 21:09:43'),
    (212,59,1,'2021-09-10 16:17:42'),
    (213,60,1,'2018-02-03 22:25:09'),
    (214,61,1,'2018-05-19 23:34:34'),
    (215,62,1,'2018-03-23 22:19:05'),
    (216,63,1,'2019-02-07 11:45:14'),
    (217,64,1,'2014-07-04 10:11:05'),
    (218,65,1,'2020-09-07 17:49:02'),
    (219,66,1,'2023-11-12 09:18:42'),
    (220,67,1,'2021-11-15 06:35:39'),
    (221,68,1,'2022-04-08 23:08:00'),
    (222,69,1,'2022-06-14 02:46:27'),
    (223,70,1,'2017-08-26 18:23:37'),
    (224,71,1,'2023-01-19 22:24:32'),
    (225,72,1,'2021-02-25 09:17:51'),
    (226,73,1,'2022-07-06 13:58:23'),
    (227,74,1,'2020-05-27 06:27:37'),
    (228,75,1,'2012-08-19 19:41:11'),
    (229,76,1,'2016-09-29 15:17:37'),
    (230,77,1,'2017-01-29 15:54:39'),
    (231,78,1,'2012-02-05 07:20:23'),
    (232,79,1,'2019-08-01 15:43:51'),
    (233,80,1,'2012-03-28 04:56:51'),
    (234,81,1,'2021-04-05 12:06:32'),
    (235,82,1,'2023-09-10 10:13:56'),
    (236,83,1,'2021-03-12 08:35:46'),
    (237,84,1,'2017-11-06 04:51:27'),
    (238,85,1,'2023-07-16 20:51:36'),
    (239,86,1,'2020-12-05 01:01:45'),
    (240,87,1,'2021-03-05 18:50:55'),
    (241,88,1,'2017-11-28 00:13:08'),
    (242,89,1,'2012-11-04 11:44:58'),
    (243,90,1,'2024-03-21 06:40:05');
