-- Angol oszlop neveket választottam, aztán remélem a megfelelő szót is

DROP DATABASE IF EXISTS bsze3;

CREATE DATABASE bsze3
    CHARACTER SET = 'utf8mb4'
    COLLATE = 'utf8mb4_hungarian_ci';

USE bsze3;

CREATE TABLE students (
    education_id CHAR(11) NOT NULL PRIMARY KEY,
    full_name VARCHAR(70) NOT NULL,
    birthdate DATE NOT NULL,
    age TINYINT UNSIGNED
        AS (TIMESTAMPDIFF(YEAR, birthdate, CURDATE())),
    sex ENUM('Male', 'Female') NULL,
    place_of_residence VARCHAR(128) NOT NULL,
    class VARCHAR(18) NOT NULL
);

CREATE TABLE professions (
    id INT UNSIGNED NOT NULL AUTO_INCREMENT PRIMARY KEY,
    profession VARCHAR(128) NOT NULL UNIQUE
);

CREATE TABLE students_professions (
    student_id CHAR(11) NOT NULL,
    profession_id INT UNSIGNED NOT NULL,
    PRIMARY KEY (student_id, profession_id),
    CONSTRAINT fk_profession_student
        FOREIGN KEY (student_id)
        REFERENCES students (education_id)
        ON DELETE CASCADE
        ON UPDATE CASCADE,
    CONSTRAINT fk_student_profession
        FOREIGN KEY (profession_id)
        REFERENCES professions (id)
        ON DELETE CASCADE
        ON UPDATE CASCADE
);

CREATE TABLE subjects (
    id INT UNSIGNED NOT NULL AUTO_INCREMENT PRIMARY KEY,
    school_subject VARCHAR(128) NOT NULL UNIQUE
);

CREATE TABLE grades (
    id INT UNSIGNED NOT NULL AUTO_INCREMENT PRIMARY KEY,
    grade TINYINT NOT NULL,
    subject_id INT UNSIGNED NULL,
    student_id CHAR(11) NOT NULL,
    CONSTRAINT chk_grade
        CHECK (grade >= 1 AND grade <= 5),
    CONSTRAINT fk_grade_subject
        FOREIGN KEY (subject_id)
        REFERENCES subjects (id)
        ON DELETE SET NULL
        ON UPDATE CASCADE,
    CONSTRAINT fk_grade_student
        FOREIGN KEY (student_id)
        REFERENCES students (education_id)
        ON DELETE CASCADE
        ON UPDATE CASCADE
);

CREATE TABLE absences (
    absence_date DATE NOT NULL,
    proven BOOLEAN NOT NULL DEFAULT FALSE,
    class TINYINT NOT NULL,
    subject_id INT UNSIGNED NULL,
    student_id CHAR(11) NOT NULL,
    PRIMARY KEY (absence_date, class, student_id),
    CONSTRAINT chk_class
        CHECK (class >= 0 AND class <= 15),
    CONSTRAINT fk_absence_subject
        FOREIGN KEY (subject_id)
        REFERENCES subjects (id)
        ON DELETE SET NULL
        ON UPDATE CASCADE,
    CONSTRAINT fk_absence_student
        FOREIGN KEY (student_id)
        REFERENCES students (education_id)
        ON DELETE CASCADE
        ON UPDATE CASCADE
);

CREATE TABLE topics (
    id INT UNSIGNED NOT NULL AUTO_INCREMENT PRIMARY KEY,
    topic VARCHAR(128) NOT NULL UNIQUE,
    subject_id INT UNSIGNED NULL,
    CONSTRAINT fk_topic_subject
        FOREIGN KEY (subject_id)
        REFERENCES subjects (id)
        ON DELETE CASCADE
        ON UPDATE CASCADE
);

CREATE TABLE kahoot_tests (
    id INT UNSIGNED NOT NULL AUTO_INCREMENT PRIMARY KEY,
    number_of_questions TINYINT UNSIGNED NOT NULL,
    started_at DATETIME NOT NULL DEFAULT NOW(),
    subject_id INT UNSIGNED NULL,
    topic_id INT UNSIGNED NULL,
    CONSTRAINT chk_number_of_questions
        CHECK (number_of_questions > 0),
    CONSTRAINT fk_kahoot_subject
        FOREIGN KEY (subject_id)
        REFERENCES subjects (id)
        ON DELETE CASCADE
        ON UPDATE CASCADE,
    CONSTRAINT fk_kahoot_topic
        FOREIGN KEY (topic_id)
        REFERENCES topics (id)
        ON DELETE SET NULL
        ON UPDATE CASCADE
);

CREATE TABLE kahoot_test_results (
    score MEDIUMINT UNSIGNED NOT NULL,
    number_of_failed_responses TINYINT UNSIGNED NOT NULL,
    place TINYINT UNSIGNED NOT NULL,
    student_id CHAR(11) NULL,
    kahoot_test_id INT UNSIGNED NOT NULL,
    PRIMARY KEY(place, kahoot_test_id),
    CONSTRAINT chk_place
        CHECK (place > 0),
    CONSTRAINT fk_kahoot_result_student
        FOREIGN KEY (student_id)
        REFERENCES students (education_id)
        ON DELETE SET NULL
        ON UPDATE CASCADE,
    CONSTRAINT fk_kahoot_result_kahoot_test
        FOREIGN KEY (kahoot_test_id)
        REFERENCES kahoot_tests (id)
        ON DELETE CASCADE
        ON UPDATE CASCADE
);

-- Generált adatok
INSERT INTO bsze3.students (education_id,full_name,birthdate,sex,place_of_residence,class) VALUES
	 ('00274830455','Nagy Petra','1983-11-13','Female','Kübekháza','1/13b.be szoft'),
	 ('01265247113','Németh Ábel','1993-02-19','Male','Mártély','1/13b.be szoft'),
	 ('01792532068','Török Eszter','1980-12-22','Female','Sándorfalva','1/13d.be szoft'),
	 ('02409986414','Takács Dominik','1977-11-07','Male','Mártély','1/13c.be szoft'),
	 ('02430851118','Kiss Erika','1994-09-09','Female','Székkutas','1/13e.be szoft'),
	 ('02462202476','Németh Szofi','2000-11-21','Female','Ambrózfalva','1/13f.be szoft'),
	 ('02881891722','Oláh Zsolt István','1982-07-28','Male','Kiskunhalas','1/13.be szoft'),
	 ('03836985025','Molnár Alex','1961-08-13','Male','Óföldeák','1/13d.be szoft'),
	 ('04787110801','Oláh Adél','1981-01-21','Female','Mártély','1/13b.be szoft'),
	 ('04973896544','Takács József','2004-11-13','Male','Óföldeák','1/13f.be szoft'),
	 ('05089891441','Kovács József Miklós','1956-09-03','Male','Hódmezővásárhely','1/13.be szoft'),
	 ('05469513410','Gál József','1953-06-25','Male','Klárafalva','1/13c.be szoft'),
	 ('05925042708','Szabó János','1972-03-07','Male','Csengele','1/13f.be szoft'),
	 ('05927029466','Török Ildikó','1967-08-18','Female','Orosháza','1/13e.be szoft'),
	 ('06066945438','Csernus Fruzsina','1948-12-25','Female','Kübekháza','1/13.be szoft'),
	 ('06523405594','Fekete Bence','1949-01-13','Male','Mórahalom','1/13c.be szoft'),
	 ('06962474111','Simon Kata','1978-08-26','Female','Újszentiván','1/13b.be szoft'),
	 ('07046021785','Gál Nóra','1999-09-19','Female','Algyő','1/13b.be szoft'),
	 ('07231828007','Balogh Kata','1960-06-01','Female','Üllés','1/13c.be szoft'),
	 ('07439307150','Varga Eszter','1952-09-07','Female','Királyhegyes','1/13f.be szoft'),
	 ('08408551342','Simon Krisztina','1951-02-12','Female','Földeák','1/13d.be szoft'),
	 ('08546264050','Papp Gergő','1987-01-22','Male','Ambrózfalva','1/13e.be szoft'),
	 ('08642200163','Takács Gergő','1980-04-20','Male','Székkutas','1/13d.be szoft'),
	 ('09067876021','Szilágyi Eszter','2002-04-04','Female','Orosháza','1/13e.be szoft'),
	 ('09103781439','Szabó Noémi','1954-03-03','Female','Kövegy','1/13e.be szoft'),
	 ('09123941774','Gál András','1954-12-12','Male','Tiszasziget','1/13c.be szoft'),
	 ('09252674431','Balogh Ádám','1991-08-01','Male','Csanytelek','1/13e.be szoft'),
	 ('09659144390','Varga Gábor','1991-05-06','Male','Klárafalva','1/13.be szoft'),
	 ('09766695951','Fehér Szofi','1974-03-15','Female','Zákányszék','1/13c.be szoft'),
	 ('09842199930','Balogh Ildikó','1996-07-22','Female','Óföldeák','1/13b.be szoft'),
	 ('10133506019','Oláh Júlia','1956-10-08','Female','Békéscsaba','1/13c.be szoft'),
	 ('10484664237','Szilágyi Bianka','1953-10-10','Female','Sándorfalva','1/13d.be szoft'),
	 ('10720885907','Horváth Zsófia','1955-08-08','Female','Tömörkény','1/13c.be szoft'),
	 ('11795968696','Szabó Zita','1962-01-27','Female','Kövegy','1/13e.be szoft'),
	 ('11962790867','Szabó Natália','1995-08-12','Female','Sándorfalva','1/13b.be szoft'),
	 ('12049197584','Horváth Péter','1953-03-20','Male','Üllés','1/13.be szoft'),
	 ('12346466261','Oláh Ábel','1947-12-04','Male','Üllés','1/13b.be szoft'),
	 ('12678974107','Szalontai Péter','1963-12-04','Male','Sándorfalva','1/13.be szoft'),
	 ('13955119314','Sztankovics Alex','1971-11-04','Male','Öttömös','1/13.be szoft'),
	 ('14087542556','Balázs Gergő','1952-10-04','Male','Dóc','1/13d.be szoft'),
	 ('14229970948','Kaszab András','1964-05-08','Male','Újszentiván','1/13.be szoft'),
	 ('14674578557','Tóth Eszter','1965-03-14','Female','Üllés','1/13d.be szoft'),
	 ('14735683652','Török Bianka','1979-05-24','Female','Kiskunfélegyháza','1/13c.be szoft'),
	 ('16123837065','Fekete Judit','1995-05-15','Female','Csengele','1/13e.be szoft'),
	 ('16788776889','Németh Kata','2001-02-26','Female','Forráskút','1/13c.be szoft'),
	 ('17034986935','Lakatos Dóra','2000-07-06','Female','Öttömös','1/13d.be szoft'),
	 ('17198233056','Töröcsik Ákos','1955-11-01','Male','Ferencszállás','1/13.be szoft'),
	 ('17707391832','Kovács Ábel','1952-07-16','Male','Negyér','1/13d.be szoft'),
	 ('17951957771','Lakatos Natália','1979-09-23','Female','Kecskemét','1/13d.be szoft'),
	 ('17956147941','Szabó Ádám','1969-04-21','Male','Felgyő','1/13f.be szoft'),
	 ('19923928965','Huszka Leila Renáta','1983-10-09','Female','Szentes','1/13.be szoft'),
	 ('20172253094','Gál Vanda','1991-04-05','Female','Öttömös','1/13c.be szoft'),
	 ('20559867980','Mészáros Dominik','1967-10-10','Male','Zákányszék','1/13e.be szoft'),
	 ('20858714062','Gál Bence','2003-11-26','Male','Csengele','1/13d.be szoft'),
	 ('21257928429','Dombi Balázs','1949-02-26','Male','Üllés','1/13.be szoft'),
	 ('21737244145','Török József','1950-03-26','Male','Balástya','1/13e.be szoft'),
	 ('21783906804','Takács Vivien','1971-01-14','Female','Nagylak','1/13b.be szoft'),
	 ('22216779509','Mészáros Alexandra','2004-02-15','Female','Királyhegyes','1/13b.be szoft'),
	 ('22839562594','Varga Ábel','1947-12-14','Male','Balástya','1/13b.be szoft'),
	 ('24101488897','Mészáros Zsófia','1971-05-21','Female','Ferencszállás','1/13c.be szoft'),
	 ('24341352367','Szabó Alex','1969-12-28','Male','Domaszék','1/13b.be szoft'),
	 ('24393969108','Nagy Vivien','1979-05-09','Female','Mórahalom','1/13e.be szoft'),
	 ('24513514216','Szilágyi Dominik','1967-03-17','Male','Szeged','1/13d.be szoft'),
	 ('24728213091','Balogh Luca','1981-08-12','Female','Székkutas','1/13d.be szoft'),
	 ('25428097043','Patócs Andor','1957-03-28','Male','Ópusztaszer','1/13.be szoft'),
	 ('26222584584','Horváth Vanda','1994-03-11','Female','Kiskunhalas','1/13d.be szoft'),
	 ('27831989869','Török Szabolcs','2001-12-05','Male','Kiskunhalas','1/13f.be szoft'),
	 ('27956586401','Mészáros Olivér','1960-12-16','Male','Sándorfalva','1/13e.be szoft'),
	 ('28792664137','Székely Levente','1951-10-27','Male','Sándorfalva','1/13.be szoft'),
	 ('28860772200','Balázs Odett','1950-01-21','Female','Kiskunhalas','1/13c.be szoft'),
	 ('28960388271','Lakatos Dóra','2002-02-22','Female','Dóc','1/13b.be szoft'),
	 ('29829251519','Wittmann Gyula','1945-06-15','Male','Pitvaros','1/13.be szoft'),
	 ('30663408624','Szilágyi Bence','1981-09-11','Male','Forráskút','1/13f.be szoft'),
	 ('31334658562','Molnár Szabolcs','1985-02-07','Male','Csanádalberti','1/13b.be szoft'),
	 ('31532004501','Nagy Olivér','1956-08-24','Male','Ambrózfalva','1/13c.be szoft'),
	 ('31679759461','Tóth Zsombor','1987-01-10','Male','Csanádpalota','1/13d.be szoft'),
	 ('31872687857','Kramer Fanni Júlia','2002-08-22','Female','Kübekháza','1/13.be szoft'),
	 ('32141498368','Papp Judit','2002-02-03','Female','Sándorfalva','1/13f.be szoft'),
	 ('32223224403','Horváth Tamás','1967-04-04','Male','Makó','1/13b.be szoft'),
	 ('32787531790','Lajkó Levente','1985-02-07','Male','Baks','1/13.be szoft'),
	 ('32930751868','Gál Kata','1996-05-27','Female','Pitvaros','1/13f.be szoft'),
	 ('32970293750','Farkas Zsolt','1995-01-10','Male','Csanádpalota','1/13b.be szoft'),
	 ('34519047121','Balogh Luca','1980-07-11','Female','Mártély','1/13e.be szoft'),
	 ('34954677327','Fehér András','1974-06-02','Male','Szeged','1/13e.be szoft'),
	 ('35295677760','Molnár Eszter','1945-04-28','Female','Ambrózfalva','1/13f.be szoft'),
	 ('35992536483','Balázs Krisztián','1987-11-23','Male','Klárafalva','1/13e.be szoft'),
	 ('36499010360','Farkas Máté','1995-06-03','Male','Kecskemét','1/13e.be szoft'),
	 ('36776910863','Mészáros Odett','1981-05-21','Female','Tömörkény','1/13e.be szoft'),
	 ('38740091214','Varga Ákos','1964-06-15','Male','Nagylak','1/13f.be szoft'),
	 ('38764382864','Balogh Luca','1990-03-28','Female','Mindszent','1/13d.be szoft'),
	 ('39912986227','Grezsa Zoltán Gábor','1969-12-01','Male','Kövegy','1/13.be szoft'),
	 ('40665059662','Varga Bence','1991-12-18','Male','Nagylak','1/13e.be szoft'),
	 ('40726092721','Szabó Bianka','1993-03-19','Female','Csanádpalota','1/13b.be szoft'),
	 ('40825001571','Rácz Erika','1986-08-09','Female','Negyér','1/13e.be szoft'),
	 ('41243450595','Simon Gábor','1958-03-03','Male','Békéscsaba','1/13.be szoft'),
	 ('41565468954','Kopincu Máté','1971-06-01','Male','Röszke','1/13.be szoft'),
	 ('41751788791','Szilágyi Krisztina','1973-12-01','Female','Hódmezővásárhely','1/13f.be szoft'),
	 ('43183270005','Kovács János','1969-12-13','Male','Csengele','1/13d.be szoft'),
	 ('43742434302','Gál Tamás','2004-11-18','Male','Mindszent','1/13e.be szoft'),
	 ('43950822199','Fekete Dominik','1972-04-10','Male','Sándorfalva','1/13d.be szoft'),
	 ('44304014611','Erdélyi Dávid','2003-02-24','Male','Csanádpalota','1/13.be szoft'),
	 ('44532563434','Fehér András','1985-05-08','Male','Csanádalberti','1/13d.be szoft'),
	 ('45042098931','Takács Alex','1948-04-01','Male','Algyő','1/13d.be szoft'),
	 ('45342165526','Kiss Csongor','1967-09-19','Male','Békéscsaba','1/13.be szoft'),
	 ('45584340867','Kiss Eszter','1982-03-14','Female','Pusztaszer','1/13c.be szoft'),
	 ('45688062825','Török Róbert','1957-06-20','Male','Algyő','1/13f.be szoft'),
	 ('46262685509','Takács Nóra','2001-02-09','Female','Királyhegyes','1/13f.be szoft'),
	 ('46611582644','Papp Krisztián','1968-05-02','Male','Balástya','1/13e.be szoft'),
	 ('46624031437','Rácz Odett','1983-05-23','Female','Óföldeák','1/13f.be szoft'),
	 ('47106973485','Fehér Zsolt','1983-07-27','Male','Csanádpalota','1/13c.be szoft'),
	 ('47147250536','Kovács Krisztián József','1954-01-16','Male','Kecskemét','1/13.be szoft'),
	 ('47663389037','Németh Júlia','1975-05-25','Female','Balástya','1/13b.be szoft'),
	 ('48755077539','Lakatos Eszter','1963-01-11','Female','Sándorfalva','1/13d.be szoft'),
	 ('49506615143','Gajda Mihály Bence','1992-05-13','Male','Balástya','1/13.be szoft'),
	 ('49594310313','Takács János','1949-01-12','Male','Szentes','1/13f.be szoft'),
	 ('50398894528','Takács Olivér','1969-09-25','Male','Kövegy','1/13f.be szoft'),
	 ('50728197047','Gál Nóra','1997-11-14','Female','Ferencszállás','1/13e.be szoft'),
	 ('51008179761','Kovács Bence','1968-03-13','Male','Nagylak','1/13d.be szoft'),
	 ('51900409814','Varga Adél','1967-12-17','Female','Apátfalva','1/13b.be szoft'),
	 ('52330144383','Balázs Péter','1972-12-26','Male','Csanytelek','1/13d.be szoft'),
	 ('52462956406','Rácz Ábel','1965-03-22','Male','Hódmezővásárhely','1/13d.be szoft'),
	 ('52593162540','Molnár Erika','1970-01-17','Female','Tiszasziget','1/13f.be szoft'),
	 ('53037641837','Varga Olivér','1967-08-17','Male','Domaszék','1/13b.be szoft'),
	 ('53454289204','Szabó Gergő','1956-02-28','Male','Tiszasziget','1/13d.be szoft'),
	 ('53491779515','Horváth Olivér','1951-01-02','Male','Makó','1/13e.be szoft'),
	 ('53718311094','Tóth Adél','1962-03-14','Female','Dóc','1/13c.be szoft'),
	 ('53732444593','Fehér János','1964-12-25','Male','Negyér','1/13f.be szoft'),
	 ('54359768968','Fekete Alexandra','1998-07-07','Female','Királyhegyes','1/13d.be szoft'),
	 ('54444744881','Balogh Szabolcs','1995-11-21','Male','Kecskemét','1/13c.be szoft'),
	 ('55670083503','Szilágyi Zita','1958-01-06','Female','Mártély','1/13e.be szoft'),
	 ('56108026118','Kovács Szofi','1953-03-13','Female','Dóc','1/13c.be szoft'),
	 ('56493082204','Szathmári Jenő','1995-02-04','Male','Tiszasziget','1/13.be szoft'),
	 ('57168870389','Kiss Ildikó','1966-12-01','Female','Kiskunhalas','1/13b.be szoft'),
	 ('57223912030','Takács András','1978-10-27','Male','Csengele','1/13.be szoft'),
	 ('57249720991','Papp Adél','1973-07-24','Female','Óföldeák','1/13f.be szoft'),
	 ('57532815130','Rácz Krisztina','1956-06-16','Female','Röszke','1/13d.be szoft'),
	 ('58098773221','Balogh Máté','2004-02-27','Male','Székkutas','1/13f.be szoft'),
	 ('58111280669','Kovács Bianka','1969-12-14','Female','Pitvaros','1/13f.be szoft'),
	 ('58507214561','Török Kata','2002-06-05','Female','Magyarcsanád','1/13f.be szoft'),
	 ('58730751375','Kovács Dániel','1988-10-02','Male','Nagylak','1/13.be szoft'),
	 ('58733768944','Varga Ádám','1991-01-28','Male','Kiskunhalas','1/13c.be szoft'),
	 ('59610641761','Nagy Szofi','1987-09-06','Female','Nagylak','1/13d.be szoft'),
	 ('59885136610','Zsótér Kata','1946-01-27','Female','Algyő','1/13.be szoft'),
	 ('60148009591','Papp József','1990-05-14','Male','Királyhegyes','1/13b.be szoft'),
	 ('60200112736','Fekete Krisztián','1977-09-26','Male','Magyarcsanád','1/13b.be szoft'),
	 ('60715956297','Takács Alexandra','1961-03-04','Female','Tiszasziget','1/13d.be szoft'),
	 ('61482107951','Tóth János','2003-08-04','Male','Csanádpalota','1/13f.be szoft'),
	 ('61710413633','Kiss Vivien','1997-08-09','Female','Szatymaz','1/13d.be szoft'),
	 ('62359984238','Fekete Ábel','1989-04-04','Male','Pusztaszer','1/13f.be szoft'),
	 ('62446775808','Rácz Zsombor','1986-11-06','Male','Zákányszék','1/13b.be szoft'),
	 ('62557612265','Tóth Zsombor','2000-11-23','Male','Kövegy','1/13b.be szoft'),
	 ('62656854883','Takács Petra','1967-01-23','Female','Ópusztaszer','1/13c.be szoft'),
	 ('63996261183','Török Péter','1977-06-11','Male','Orosháza','1/13c.be szoft'),
	 ('64344449801','Szilágyi Gergő','1946-11-20','Male','Csengele','1/13f.be szoft'),
	 ('64429481554','Gál Zsófia','1989-06-12','Female','Királyhegyes','1/13d.be szoft'),
	 ('64458587025','Molnár Nóra','1968-02-01','Female','Deszk','1/13e.be szoft'),
	 ('64471128990','Márkus Netti Teodóra','1971-08-20','Female','Tiszasziget','1/13.be szoft'),
	 ('64563729248','Gál Szabolcs','1995-02-18','Male','Mártély','1/13e.be szoft'),
	 ('64632759079','Kiss Natália','1997-08-19','Female','Üllés','1/13c.be szoft'),
	 ('64694219136','Tóth Benedek','2003-12-17','Male','Tömörkény','1/13c.be szoft'),
	 ('65045960241','Németh Zita','2002-10-19','Female','Dóc','1/13b.be szoft'),
	 ('65104522615','Kovács Gergő','1987-03-25','Male','Mórahalom','1/13e.be szoft'),
	 ('65246225270','Szabó Szofi','1998-12-04','Female','Üllés','1/13f.be szoft'),
	 ('65365309683','Nagy Szabolcs','1960-04-10','Male','Szentes','1/13e.be szoft'),
	 ('65726202777','Balázs Krisztina','1957-11-12','Female','Zákányszék','1/13f.be szoft'),
	 ('67105094210','Szabó Benedek','2000-09-15','Male','Öttömös','1/13c.be szoft'),
	 ('68096252401','Fehér Luca','1988-01-24','Female','Székkutas','1/13d.be szoft'),
	 ('68855275675','Simon Krisztián','1961-05-04','Male','Mártély','1/13c.be szoft'),
	 ('69330123247','Rácz András','1972-10-10','Male','Kövegy','1/13f.be szoft'),
	 ('69606750259','Fekete Rita','1999-12-16','Female','Tömörkény','1/13.be szoft'),
	 ('71002982790','Nagy Vanda','1948-04-04','Female','Kiskunhalas','1/13c.be szoft'),
	 ('71267231159','Mészáros Júlia','1976-12-08','Female','Pitvaros','1/13b.be szoft'),
	 ('71823111528','Rácz Luca','1970-09-10','Female','Kecskemét','1/13c.be szoft'),
	 ('72381371935','Lakatos Krisztián','1984-11-19','Male','Üllés','1/13c.be szoft'),
	 ('73231801482','Simon Alexandra','1954-04-24','Female','Domaszék','1/13b.be szoft'),
	 ('73595595249','Lakatos Nóra','1981-10-22','Female','Kübekháza','1/13e.be szoft'),
	 ('73739497423','Gál Krisztina','1977-08-24','Female','Újszentiván','1/13c.be szoft'),
	 ('74024270999','Gál Ákos','1995-07-09','Male','Hódmezővásárhely','1/13d.be szoft'),
	 ('75349419679','Németh Dóra','1954-03-17','Female','Székkutas','1/13d.be szoft'),
	 ('75835056316','Balogh Ádám','1966-06-13','Male','Királyhegyes','1/13.be szoft'),
	 ('76431120318','Oláh Petra','1999-08-07','Female','Baks','1/13d.be szoft'),
	 ('76948060150','Fekete Attila','1954-04-10','Male','Szeged','1/13e.be szoft'),
	 ('77392892749','Kiss Dominik','1950-02-01','Male','Kiskunfélegyháza','1/13c.be szoft'),
	 ('78204265715','Tóth Zsombor','1989-11-12','Male','Csanytelek','1/13d.be szoft'),
	 ('79122730934','Kiss Erika','1990-01-28','Female','Kiskunfélegyháza','1/13f.be szoft'),
	 ('79424575754','Molnár Tamás','1966-11-23','Male','Röszke','1/13f.be szoft'),
	 ('79433850706','Németh Bence','1945-12-26','Male','Csanádpalota','1/13e.be szoft'),
	 ('79522620556','Fehér Krisztián','1989-04-26','Male','Pusztaszer','1/13e.be szoft'),
	 ('80269687161','Papp Krisztián','1980-02-23','Male','Mártély','1/13f.be szoft'),
	 ('80309999964','Balogh András','1978-07-22','Male','Apátfalva','1/13f.be szoft'),
	 ('81532124605','Takács János','1945-12-24','Male','Ambrózfalva','1/13b.be szoft'),
	 ('81738060810','Nagy Natália','1957-05-14','Female','Szatymaz','1/13f.be szoft'),
	 ('82896307325','Papp Zsófia','1947-07-07','Female','Sándorfalva','1/13c.be szoft'),
	 ('83227977470','Szilágyi Bence','1983-06-07','Male','Öttömös','1/13e.be szoft'),
	 ('83921388465','Fehér Vivien','1949-02-09','Female','Mórahalom','1/13b.be szoft'),
	 ('84154204515','Horváth Bianka','1950-08-04','Female','Királyhegyes','1/13f.be szoft'),
	 ('84408911752','Agatic Alex','1955-07-23','Male','Öttömös','1/13.be szoft'),
	 ('84477975256','Simon József','1992-03-04','Male','Röszke','1/13e.be szoft'),
	 ('84785347969','Balogh Alex','1976-04-27','Male','Domaszék','1/13e.be szoft'),
	 ('84789812534','Balázs Judit','1978-09-26','Female','Székkutas','1/13b.be szoft'),
	 ('84900355226','Varga Tamás','1950-12-03','Male','Csanádalberti','1/13b.be szoft'),
	 ('85103004268','Molnár Erika','1981-05-15','Female','Mindszent','1/13f.be szoft'),
	 ('86180692739','Kiss Júlia','1948-07-26','Female','Óföldeák','1/13c.be szoft'),
	 ('86318981352','Vörös Ferenc','1979-06-08','Male','Röszke','1/13.be szoft'),
	 ('86419684507','Kiss Olivér','1975-01-28','Male','Öttömös','1/13c.be szoft'),
	 ('87061732290','Takács Erika','1968-12-18','Female','Csengele','1/13d.be szoft'),
	 ('87587933669','Németh Olivér','1972-12-15','Male','Óföldeák','1/13b.be szoft'),
	 ('88266193612','Kovács Zita','1993-02-11','Female','Csanádpalota','1/13d.be szoft'),
	 ('88549333356','Lakatos Szofi','1997-02-12','Female','Szatymaz','1/13c.be szoft'),
	 ('88644771238','Varga Attila','1969-01-02','Male','Forráskút','1/13c.be szoft'),
	 ('89647339254','Nagy Zsolt','2004-05-20','Male','Szeged','1/13c.be szoft'),
	 ('89821355437','Kiss Ildikó','1969-12-22','Female','Szentes','1/13c.be szoft'),
	 ('90427886063','Tóth Zsolt','1946-01-17','Male','Negyér','1/13b.be szoft'),
	 ('90544543752','Takács Dominik','1958-09-11','Male','Csanádpalota','1/13b.be szoft'),
	 ('90965848321','Ajtai Zsolt Dávid','1986-06-05','Male','Csanádpalota','1/13.be szoft'),
	 ('91788335614','Szabó Gergő','1981-01-03','Male','Deszk','1/13d.be szoft'),
	 ('91951557610','Oláh Bianka','1969-02-10','Female','Negyér','1/13f.be szoft'),
	 ('92388962418','Papp Noémi','1987-10-22','Female','Pusztaszer','1/13c.be szoft'),
	 ('92799638839','Takács Ábel','1945-06-23','Male','Röszke','1/13e.be szoft'),
	 ('94022970343','Kovács Erika','1947-06-19','Female','Óföldeák','1/13e.be szoft'),
	 ('94180116196','Csóti István','1969-02-10','Male','Békéscsaba','1/13.be szoft'),
	 ('94391849600','Rácz Zsolt','1985-12-03','Male','Apátfalva','1/13e.be szoft'),
	 ('94679922593','Pécsi Bianka','1954-07-15','Female','Üllés','1/13.be szoft'),
	 ('95251865420','Varga Adél','2000-03-07','Female','Ambrózfalva','1/13b.be szoft'),
	 ('95733152893','Ördög Krisztofer Jenő','1990-10-12','Male','Békéscsaba','1/13.be szoft'),
	 ('95754720379','Szilágyi József','1976-03-22','Male','Röszke','1/13b.be szoft'),
	 ('95789434059','Kónya Brigitta','2004-04-02','Female','Mártély','1/13.be szoft'),
	 ('96247578890','Gál Gergő','1983-06-06','Male','Tömörkény','1/13b.be szoft'),
	 ('96719912081','Gál Ábel','1993-05-02','Male','Mindszent','1/13e.be szoft'),
	 ('96822550538','Mészáros Péter','1991-01-07','Male','Magyarcsanád','1/13f.be szoft'),
	 ('97481127987','Simon Krisztián','1985-12-25','Male','Újszentiván','1/13f.be szoft'),
	 ('97766754022','Fehér Dominik','1971-07-15','Male','Kiszombor','1/13b.be szoft'),
	 ('98442863321','Ritter Csaba Zoltán','1989-08-23','Male','Kövegy','1/13.be szoft'),
	 ('98765981124','Molnár Ferenc Manó','1960-02-14','Male','Kiszombor','1/13.be szoft');

INSERT INTO bsze3.professions (profession) VALUES
	 ('Állatorvos'),
	 ('Ápoló'),
	 ('Árufeltöltő'),
	 ('Bíró'),
	 ('Cukrász'),
	 ('DBA'),
	 ('Eladó'),
	 ('Énekes'),
	 ('Építész'),
	 ('Építészmérnök'),
	 ('Építőmunkás'),
	 ('Festő'),
	 ('Fodrász'),
	 ('Fordító'),
	 ('Fotós'),
	 ('Földműves'),
	 ('Futár'),
	 ('Grafikus'),
	 ('Gyógypedagógus'),
	 ('Író'),
	 ('Irodai alkalmazott'),
	 ('Jogász'),
	 ('Katona'),
	 ('Kémikus'),
	 ('Kertész'),
	 ('Könyvelő'),
	 ('Közgazdász'),
	 ('Marketinges'),
	 ('Masszőr'),
	 ('Orvos'),
	 ('Pilóta'),
	 ('Programozó'),
	 ('Pszichológus'),
	 ('Raktáros'),
	 ('Rendezvényszervező'),
	 ('Rendőr'),
	 ('Rendszergazda'),
	 ('Séf'),
	 ('Sportedző'),
	 ('Szabó'),
	 ('Színész'),
	 ('Szociális munkás'),
	 ('Takarító'),
	 ('Tanár'),
	 ('Történész'),
	 ('Tűzoltó'),
	 ('Újságíró'),
	 ('Ügyintéző'),
	 ('Ügyvéd'),
	 ('Villanyszerelő'),
	 ('Webfejlesztő');

INSERT INTO bsze3.students_professions (student_id,profession_id) VALUES
	 ('01265247113',5),
	 ('01792532068',14),
	 ('01792532068',23),
	 ('02409986414',3),
	 ('02430851118',10),
	 ('02462202476',50),
	 ('02881891722',3),
	 ('03836985025',33),
	 ('03836985025',44),
	 ('04787110801',14),
	 ('04787110801',16),
	 ('04973896544',4),
	 ('04973896544',38),
	 ('05089891441',23),
	 ('05089891441',24),
	 ('05469513410',30),
	 ('05925042708',9),
	 ('05925042708',42),
	 ('05927029466',21),
	 ('06066945438',8),
	 ('06066945438',9),
	 ('06523405594',4),
	 ('06962474111',10),
	 ('07046021785',20),
	 ('07439307150',1),
	 ('08546264050',26),
	 ('08546264050',49),
	 ('08642200163',40),
	 ('08642200163',45),
	 ('09067876021',47),
	 ('09252674431',24),
	 ('09842199930',2),
	 ('09842199930',8),
	 ('10484664237',26),
	 ('10720885907',11),
	 ('12346466261',22),
	 ('12346466261',29),
	 ('12678974107',11),
	 ('12678974107',12),
	 ('13955119314',10),
	 ('14087542556',24),
	 ('14087542556',49),
	 ('14674578557',34),
	 ('14674578557',50),
	 ('16788776889',11),
	 ('16788776889',26),
	 ('17034986935',5),
	 ('17034986935',43),
	 ('17707391832',39),
	 ('17956147941',7),
	 ('19923928965',7),
	 ('20172253094',6),
	 ('20172253094',13),
	 ('20858714062',25),
	 ('20858714062',26),
	 ('21737244145',48),
	 ('21783906804',4),
	 ('22216779509',22),
	 ('22839562594',33),
	 ('22839562594',34),
	 ('24513514216',46),
	 ('26222584584',13),
	 ('26222584584',38),
	 ('27956586401',25),
	 ('27956586401',32),
	 ('28792664137',1),
	 ('28792664137',21),
	 ('28860772200',35),
	 ('28860772200',39),
	 ('28960388271',17),
	 ('31679759461',26),
	 ('32141498368',10),
	 ('32223224403',28),
	 ('32787531790',2),
	 ('32930751868',2),
	 ('32930751868',39),
	 ('32970293750',17),
	 ('34519047121',1),
	 ('34519047121',6),
	 ('34954677327',41),
	 ('34954677327',46),
	 ('35295677760',17),
	 ('36776910863',4),
	 ('36776910863',13),
	 ('38740091214',4),
	 ('38740091214',13),
	 ('38764382864',4),
	 ('38764382864',8),
	 ('39912986227',16),
	 ('39912986227',17),
	 ('40665059662',9),
	 ('40665059662',16),
	 ('40825001571',48),
	 ('41243450595',13),
	 ('41565468954',12),
	 ('41565468954',15),
	 ('41751788791',19),
	 ('41751788791',30),
	 ('43742434302',1),
	 ('43742434302',42),
	 ('43950822199',48),
	 ('44304014611',23),
	 ('44304014611',26),
	 ('44532563434',39),
	 ('45584340867',29),
	 ('45584340867',37),
	 ('46262685509',6),
	 ('46262685509',8),
	 ('46624031437',2),
	 ('46624031437',15),
	 ('47106973485',13),
	 ('47106973485',36),
	 ('48755077539',30),
	 ('48755077539',39),
	 ('49506615143',22),
	 ('49506615143',25),
	 ('49594310313',35),
	 ('52330144383',12),
	 ('52462956406',9),
	 ('52462956406',12),
	 ('53037641837',11),
	 ('53037641837',15),
	 ('53454289204',24),
	 ('53454289204',39),
	 ('54359768968',26),
	 ('54444744881',37),
	 ('55670083503',1),
	 ('55670083503',31),
	 ('56108026118',45),
	 ('56493082204',20),
	 ('57168870389',30),
	 ('57249720991',29),
	 ('57249720991',30),
	 ('58111280669',49),
	 ('58733768944',21),
	 ('59885136610',6),
	 ('60148009591',6),
	 ('60200112736',19),
	 ('60200112736',35),
	 ('60715956297',14),
	 ('60715956297',31),
	 ('61482107951',18),
	 ('62446775808',13),
	 ('62557612265',2),
	 ('62557612265',24),
	 ('62656854883',22),
	 ('63996261183',43),
	 ('64344449801',33),
	 ('64458587025',4),
	 ('64458587025',12),
	 ('64471128990',1),
	 ('64471128990',2),
	 ('64563729248',23),
	 ('64563729248',40),
	 ('64694219136',39),
	 ('64694219136',44),
	 ('65104522615',40),
	 ('65365309683',50),
	 ('67105094210',17),
	 ('68096252401',47),
	 ('68855275675',13),
	 ('68855275675',15),
	 ('69330123247',14),
	 ('69606750259',5),
	 ('71002982790',40),
	 ('71267231159',8),
	 ('71267231159',13),
	 ('71823111528',10),
	 ('72381371935',36),
	 ('72381371935',37),
	 ('73231801482',3),
	 ('73231801482',17),
	 ('73739497423',38),
	 ('73739497423',42),
	 ('74024270999',39),
	 ('75349419679',13),
	 ('75349419679',36),
	 ('77392892749',27),
	 ('78204265715',20),
	 ('78204265715',47),
	 ('79122730934',3),
	 ('79122730934',31),
	 ('79433850706',12),
	 ('79522620556',13),
	 ('79522620556',40),
	 ('80269687161',27),
	 ('80309999964',8),
	 ('80309999964',44),
	 ('81532124605',11),
	 ('83227977470',20),
	 ('83227977470',40),
	 ('83921388465',5),
	 ('84154204515',48),
	 ('84408911752',19),
	 ('84477975256',7),
	 ('84477975256',8),
	 ('84789812534',13),
	 ('84789812534',31),
	 ('85103004268',10),
	 ('85103004268',45),
	 ('86180692739',17),
	 ('86318981352',5),
	 ('87061732290',42),
	 ('87587933669',27),
	 ('87587933669',32),
	 ('88644771238',37),
	 ('88644771238',38),
	 ('89647339254',15),
	 ('89647339254',19),
	 ('89821355437',41),
	 ('90544543752',4),
	 ('90544543752',5),
	 ('90965848321',11),
	 ('90965848321',27),
	 ('91788335614',9),
	 ('91951557610',36),
	 ('92388962418',11),
	 ('92388962418',18),
	 ('92799638839',17),
	 ('92799638839',51),
	 ('94180116196',13),
	 ('94180116196',18),
	 ('94391849600',32),
	 ('94679922593',3),
	 ('94679922593',4),
	 ('95733152893',6),
	 ('95733152893',14),
	 ('95754720379',29),
	 ('95789434059',3),
	 ('95789434059',4),
	 ('96719912081',25),
	 ('96719912081',34),
	 ('98442863321',3),
	 ('98765981124',15),
	 ('98765981124',22);

INSERT INTO bsze3.subjects (school_subject) VALUES
	 ('Adatbázis-kezelés I.'),
	 ('Asztali alkalmazások fejlesztése / C# alapok és haladó'),
	 ('IKT projektmunka I. / Python IKT gyakorlat'),
	 ('IKT projektmunka I. / Web IKT gyakorlat'),
	 ('Informatikai és távközlési alapok I. / Elektronika'),
	 ('Informatikai és távközlési alapok I. / ITA1 elmélet és ITA1 gyakorlat'),
	 ('Informatikai és távközlési alapok II. / Hálózatok elmélet és gyakorlat'),
	 ('Informatikai és távközlési alapok II. / ITA2 elmélet és ITA2 gyakorlat'),
	 ('Munkavállalói ismeretek'),
	 ('Programozási alapok / Python gyakorlat'),
	 ('Programozási alapok / Web gyakorlat'),
	 ('Szakmai angol'),
	 ('Szoftvertesztelés'),
	 ('Webprogramozás / CMS'),
	 ('Webprogramozás / HTML5, CSS3 kiegészítés'),
	 ('Webprogramozás / JavaScript');

INSERT INTO bsze3.grades (grade,subject_id,student_id) VALUES
	 (3,4,'64471128990'),
	 (2,8,'64471128990'),
	 (5,10,'31872687857'),
	 (3,14,'95789434059'),
	 (3,10,'95789434059'),
	 (2,3,'95789434059'),
	 (4,12,'95789434059'),
	 (5,14,'95789434059'),
	 (2,5,'69606750259'),
	 (2,8,'94679922593'),
	 (1,9,'94679922593'),
	 (5,6,'19923928965'),
	 (3,6,'19923928965'),
	 (3,3,'19923928965'),
	 (1,5,'19923928965'),
	 (4,5,'06066945438'),
	 (5,9,'06066945438'),
	 (2,16,'06066945438'),
	 (3,16,'06066945438'),
	 (1,14,'06066945438'),
	 (4,7,'29829251519'),
	 (2,7,'29829251519'),
	 (2,16,'86318981352'),
	 (2,14,'17198233056'),
	 (2,7,'17198233056'),
	 (2,12,'17198233056'),
	 (4,3,'17198233056'),
	 (2,14,'17198233056'),
	 (5,11,'57223912030'),
	 (4,3,'57223912030'),
	 (4,10,'57223912030'),
	 (2,4,'13955119314'),
	 (5,13,'13955119314'),
	 (5,16,'12678974107'),
	 (4,10,'12678974107'),
	 (3,8,'12678974107'),
	 (5,7,'41243450595'),
	 (1,5,'41243450595'),
	 (3,13,'41243450595'),
	 (4,10,'41243450595'),
	 (2,2,'41243450595'),
	 (3,5,'25428097043'),
	 (4,11,'25428097043'),
	 (2,3,'25428097043'),
	 (5,8,'25428097043'),
	 (4,5,'25428097043'),
	 (1,6,'95733152893'),
	 (2,4,'95733152893'),
	 (1,8,'02881891722'),
	 (4,6,'02881891722'),
	 (4,16,'02881891722'),
	 (3,12,'02881891722'),
	 (4,5,'02881891722'),
	 (3,12,'32787531790'),
	 (1,13,'32787531790'),
	 (1,7,'32787531790'),
	 (2,11,'32787531790'),
	 (2,1,'32787531790'),
	 (4,15,'39912986227'),
	 (3,12,'39912986227'),
	 (3,8,'39912986227'),
	 (5,15,'39912986227'),
	 (4,15,'39912986227'),
	 (2,15,'21257928429'),
	 (5,1,'21257928429'),
	 (3,2,'94180116196'),
	 (4,10,'94180116196'),
	 (1,10,'94180116196'),
	 (4,15,'94180116196'),
	 (2,16,'94180116196'),
	 (1,11,'75835056316'),
	 (2,12,'75835056316'),
	 (1,15,'75835056316'),
	 (4,6,'84408911752'),
	 (2,5,'09659144390'),
	 (1,16,'09659144390'),
	 (1,6,'09659144390'),
	 (1,4,'09659144390'),
	 (1,8,'56493082204'),
	 (2,9,'98442863321'),
	 (4,9,'98765981124'),
	 (5,1,'98765981124'),
	 (4,11,'98765981124'),
	 (3,9,'98765981124'),
	 (5,2,'47147250536'),
	 (1,15,'05089891441'),
	 (1,8,'05089891441'),
	 (3,15,'58730751375'),
	 (5,4,'58730751375'),
	 (2,8,'58730751375'),
	 (4,5,'58730751375'),
	 (4,8,'58730751375'),
	 (1,8,'12049197584'),
	 (4,15,'12049197584'),
	 (4,1,'12049197584'),
	 (2,14,'12049197584'),
	 (4,13,'12049197584'),
	 (5,14,'49506615143'),
	 (5,13,'44304014611'),
	 (1,4,'44304014611'),
	 (5,10,'44304014611'),
	 (1,12,'44304014611'),
	 (1,13,'90965848321'),
	 (1,13,'90965848321'),
	 (2,5,'90965848321'),
	 (3,6,'90965848321'),
	 (5,15,'96247578890'),
	 (4,12,'96247578890'),
	 (3,5,'96247578890'),
	 (3,14,'96247578890'),
	 (5,11,'96247578890'),
	 (1,14,'97766754022'),
	 (2,12,'97766754022'),
	 (5,8,'97766754022'),
	 (1,9,'97766754022'),
	 (2,13,'90427886063'),
	 (3,7,'90427886063'),
	 (1,16,'90427886063'),
	 (5,15,'71267231159'),
	 (5,2,'71267231159'),
	 (3,14,'51900409814'),
	 (4,16,'28960388271'),
	 (4,4,'28960388271'),
	 (4,9,'28960388271'),
	 (5,16,'28960388271'),
	 (3,2,'83921388465'),
	 (3,1,'83921388465'),
	 (3,2,'83921388465'),
	 (1,3,'83921388465'),
	 (3,5,'65045960241'),
	 (2,9,'65045960241'),
	 (1,11,'65045960241'),
	 (5,7,'65045960241'),
	 (3,12,'95251865420'),
	 (3,5,'00274830455'),
	 (1,9,'00274830455'),
	 (1,10,'00274830455'),
	 (2,10,'60148009591'),
	 (4,8,'60148009591'),
	 (1,16,'60148009591'),
	 (5,1,'60148009591'),
	 (3,15,'60148009591'),
	 (2,13,'07046021785'),
	 (5,1,'07046021785'),
	 (1,3,'62557612265'),
	 (3,4,'12346466261'),
	 (5,7,'12346466261'),
	 (3,8,'12346466261'),
	 (4,12,'12346466261'),
	 (2,13,'06962474111'),
	 (1,7,'06962474111'),
	 (3,16,'11962790867'),
	 (4,3,'11962790867'),
	 (2,5,'11962790867'),
	 (1,5,'57168870389'),
	 (2,9,'57168870389'),
	 (1,9,'01265247113'),
	 (1,14,'01265247113'),
	 (1,11,'01265247113'),
	 (1,5,'84789812534'),
	 (3,11,'87587933669'),
	 (3,7,'73231801482'),
	 (2,14,'73231801482'),
	 (5,7,'73231801482'),
	 (1,12,'73231801482'),
	 (1,8,'73231801482'),
	 (4,11,'62446775808'),
	 (1,13,'62446775808'),
	 (4,8,'62446775808'),
	 (1,14,'84900355226'),
	 (4,15,'84900355226'),
	 (4,2,'84900355226'),
	 (4,14,'84900355226'),
	 (5,11,'95754720379'),
	 (5,1,'32970293750'),
	 (4,13,'32970293750'),
	 (5,5,'32970293750'),
	 (5,15,'32970293750'),
	 (4,9,'47663389037'),
	 (4,16,'47663389037'),
	 (2,1,'47663389037'),
	 (2,5,'47663389037'),
	 (1,15,'53037641837'),
	 (3,16,'53037641837'),
	 (4,2,'53037641837'),
	 (2,13,'53037641837'),
	 (5,1,'53037641837'),
	 (3,9,'22839562594'),
	 (3,7,'22839562594'),
	 (3,14,'22839562594'),
	 (1,4,'60200112736'),
	 (5,13,'60200112736'),
	 (3,2,'60200112736'),
	 (3,9,'60200112736'),
	 (2,8,'60200112736'),
	 (2,13,'90544543752'),
	 (4,10,'90544543752'),
	 (3,2,'09842199930'),
	 (1,7,'24341352367'),
	 (1,1,'24341352367'),
	 (4,7,'24341352367'),
	 (1,9,'24341352367'),
	 (2,4,'24341352367'),
	 (4,4,'31334658562'),
	 (4,10,'31334658562'),
	 (2,8,'31334658562'),
	 (1,10,'31334658562'),
	 (4,1,'31334658562'),
	 (1,10,'09766695951'),
	 (1,15,'09766695951'),
	 (1,7,'47106973485'),
	 (3,14,'47106973485'),
	 (1,1,'88644771238'),
	 (4,3,'06523405594'),
	 (2,9,'88549333356'),
	 (4,11,'88549333356'),
	 (2,15,'88549333356'),
	 (4,1,'88549333356'),
	 (5,3,'71002982790'),
	 (2,13,'86180692739'),
	 (4,14,'07231828007'),
	 (1,1,'07231828007'),
	 (3,13,'24101488897'),
	 (1,12,'24101488897'),
	 (5,14,'24101488897'),
	 (4,6,'67105094210'),
	 (4,7,'45584340867'),
	 (1,15,'45584340867'),
	 (2,2,'45584340867'),
	 (2,9,'53718311094'),
	 (3,2,'14735683652'),
	 (2,13,'14735683652'),
	 (3,13,'14735683652'),
	 (3,9,'14735683652'),
	 (1,3,'63996261183'),
	 (5,4,'63996261183'),
	 (5,16,'63996261183'),
	 (5,8,'63996261183'),
	 (3,2,'05469513410'),
	 (4,14,'92388962418'),
	 (3,16,'92388962418'),
	 (5,9,'92388962418'),
	 (1,1,'20172253094'),
	 (1,4,'58733768944'),
	 (2,3,'58733768944'),
	 (5,7,'58733768944'),
	 (4,1,'86419684507'),
	 (2,14,'86419684507'),
	 (3,8,'86419684507'),
	 (2,16,'16788776889'),
	 (5,10,'16788776889'),
	 (2,2,'16788776889'),
	 (5,14,'16788776889'),
	 (5,2,'16788776889'),
	 (3,2,'31532004501'),
	 (4,4,'31532004501'),
	 (5,1,'31532004501'),
	 (2,14,'31532004501'),
	 (2,3,'31532004501'),
	 (4,4,'72381371935'),
	 (2,11,'64694219136'),
	 (2,16,'64694219136'),
	 (3,14,'64694219136'),
	 (2,7,'64694219136'),
	 (3,13,'64694219136'),
	 (2,6,'02409986414'),
	 (5,8,'02409986414'),
	 (4,8,'02409986414'),
	 (5,5,'71823111528'),
	 (1,12,'71823111528'),
	 (4,15,'71823111528'),
	 (5,5,'71823111528'),
	 (1,16,'71823111528'),
	 (4,12,'62656854883'),
	 (1,12,'62656854883'),
	 (4,11,'62656854883'),
	 (1,3,'62656854883'),
	 (5,6,'62656854883'),
	 (4,11,'10720885907'),
	 (5,3,'10720885907'),
	 (3,8,'10720885907'),
	 (5,4,'10720885907'),
	 (4,7,'10720885907'),
	 (3,3,'77392892749'),
	 (4,2,'77392892749'),
	 (2,12,'77392892749'),
	 (1,14,'77392892749'),
	 (2,5,'77392892749'),
	 (1,14,'56108026118'),
	 (3,16,'56108026118'),
	 (5,2,'56108026118'),
	 (3,13,'56108026118'),
	 (4,7,'56108026118'),
	 (4,3,'01792532068'),
	 (5,15,'24513514216'),
	 (5,6,'24513514216'),
	 (5,7,'24513514216'),
	 (1,2,'78204265715'),
	 (5,9,'78204265715'),
	 (3,7,'78204265715'),
	 (5,12,'78204265715'),
	 (1,8,'31679759461'),
	 (4,12,'31679759461'),
	 (2,6,'31679759461'),
	 (3,7,'52462956406'),
	 (1,12,'17707391832'),
	 (2,1,'68096252401'),
	 (4,4,'68096252401'),
	 (1,2,'68096252401'),
	 (5,5,'43950822199'),
	 (4,7,'43950822199'),
	 (1,7,'52330144383'),
	 (5,11,'38764382864'),
	 (1,9,'38764382864'),
	 (4,4,'38764382864'),
	 (5,7,'38764382864'),
	 (4,2,'10484664237'),
	 (5,6,'10484664237'),
	 (1,16,'10484664237'),
	 (1,15,'43183270005'),
	 (4,4,'44532563434'),
	 (1,14,'44532563434'),
	 (5,11,'44532563434'),
	 (3,7,'44532563434'),
	 (1,3,'91788335614'),
	 (4,4,'91788335614'),
	 (2,10,'91788335614'),
	 (4,8,'91788335614'),
	 (2,14,'91788335614'),
	 (4,11,'08642200163'),
	 (1,12,'08642200163'),
	 (4,3,'54359768968'),
	 (1,12,'54359768968'),
	 (2,4,'54359768968'),
	 (5,15,'54359768968'),
	 (1,8,'54359768968'),
	 (4,12,'88266193612'),
	 (5,16,'88266193612'),
	 (4,4,'88266193612'),
	 (5,8,'88266193612'),
	 (4,2,'57532815130'),
	 (5,15,'57532815130'),
	 (2,14,'57532815130'),
	 (1,5,'57532815130'),
	 (2,2,'57532815130'),
	 (5,15,'76431120318'),
	 (4,12,'76431120318'),
	 (3,2,'76431120318'),
	 (5,1,'20858714062'),
	 (3,7,'20858714062'),
	 (3,11,'20858714062'),
	 (3,11,'20858714062'),
	 (1,3,'75349419679'),
	 (4,11,'24728213091'),
	 (1,11,'24728213091'),
	 (5,10,'24728213091'),
	 (3,13,'24728213091'),
	 (4,6,'24728213091'),
	 (5,6,'08408551342'),
	 (4,1,'08408551342'),
	 (5,6,'08408551342'),
	 (2,9,'08408551342'),
	 (1,6,'74024270999'),
	 (4,4,'74024270999'),
	 (2,9,'74024270999'),
	 (5,12,'74024270999'),
	 (2,2,'74024270999'),
	 (3,7,'48755077539'),
	 (5,16,'48755077539'),
	 (1,5,'48755077539'),
	 (1,2,'26222584584'),
	 (4,13,'26222584584'),
	 (2,4,'26222584584'),
	 (2,15,'26222584584'),
	 (4,11,'26222584584'),
	 (5,3,'87061732290'),
	 (4,16,'87061732290'),
	 (4,16,'03836985025'),
	 (3,1,'03836985025'),
	 (4,8,'03836985025'),
	 (4,6,'03836985025'),
	 (1,7,'53454289204'),
	 (3,3,'53454289204'),
	 (2,6,'53454289204'),
	 (4,10,'53454289204'),
	 (3,16,'17951957771'),
	 (4,4,'17951957771'),
	 (1,12,'17951957771'),
	 (4,6,'17951957771'),
	 (3,14,'17951957771'),
	 (3,11,'14087542556'),
	 (2,10,'14674578557'),
	 (3,3,'14674578557'),
	 (5,4,'14674578557'),
	 (1,3,'21737244145'),
	 (5,3,'21737244145'),
	 (5,10,'21737244145'),
	 (2,13,'21737244145'),
	 (1,1,'83227977470'),
	 (4,5,'83227977470'),
	 (4,12,'83227977470'),
	 (2,2,'83227977470'),
	 (1,16,'79522620556'),
	 (2,14,'16123837065'),
	 (4,2,'16123837065'),
	 (5,11,'16123837065'),
	 (1,2,'16123837065'),
	 (4,4,'35992536483'),
	 (3,14,'35992536483'),
	 (4,14,'35992536483'),
	 (2,3,'05927029466'),
	 (5,8,'05927029466'),
	 (4,5,'05927029466'),
	 (3,8,'05927029466'),
	 (1,7,'64458587025'),
	 (2,7,'64458587025'),
	 (3,14,'64458587025'),
	 (5,5,'96719912081'),
	 (1,2,'96719912081'),
	 (2,5,'96719912081'),
	 (5,16,'09067876021'),
	 (2,12,'09067876021'),
	 (3,16,'09067876021'),
	 (1,5,'64563729248'),
	 (3,2,'65104522615'),
	 (3,6,'65104522615'),
	 (4,3,'65104522615'),
	 (1,16,'76948060150'),
	 (1,15,'08546264050'),
	 (1,6,'08546264050'),
	 (2,12,'08546264050'),
	 (2,16,'08546264050'),
	 (3,4,'73595595249'),
	 (2,15,'46611582644'),
	 (1,9,'46611582644'),
	 (1,16,'09103781439'),
	 (1,12,'34954677327'),
	 (4,15,'34954677327'),
	 (1,1,'34954677327'),
	 (3,2,'34954677327'),
	 (2,1,'34954677327'),
	 (2,1,'53491779515'),
	 (3,7,'53491779515'),
	 (2,16,'53491779515'),
	 (1,12,'53491779515'),
	 (3,16,'65365309683'),
	 (3,13,'11795968696'),
	 (5,1,'11795968696'),
	 (5,16,'11795968696'),
	 (1,7,'11795968696'),
	 (4,10,'79433850706'),
	 (2,4,'79433850706'),
	 (5,15,'79433850706'),
	 (3,10,'79433850706'),
	 (2,3,'36776910863'),
	 (5,11,'36776910863'),
	 (3,3,'36776910863'),
	 (1,13,'36776910863'),
	 (3,6,'55670083503'),
	 (1,14,'55670083503'),
	 (3,13,'55670083503'),
	 (5,9,'55670083503'),
	 (5,12,'55670083503'),
	 (2,10,'27956586401'),
	 (5,10,'27956586401'),
	 (5,10,'27956586401'),
	 (2,3,'84785347969'),
	 (5,7,'84785347969'),
	 (5,11,'84785347969'),
	 (3,2,'84785347969'),
	 (1,13,'84785347969'),
	 (5,9,'09252674431'),
	 (4,10,'94391849600'),
	 (3,9,'94391849600'),
	 (5,16,'94391849600'),
	 (1,6,'94391849600'),
	 (2,15,'94391849600'),
	 (5,16,'24393969108'),
	 (1,15,'24393969108'),
	 (1,12,'24393969108'),
	 (5,1,'24393969108'),
	 (3,9,'02430851118'),
	 (3,3,'02430851118'),
	 (4,3,'84477975256'),
	 (1,5,'84477975256'),
	 (3,14,'84477975256'),
	 (1,4,'94022970343'),
	 (5,13,'94022970343'),
	 (3,5,'36499010360'),
	 (2,6,'36499010360'),
	 (2,1,'20559867980'),
	 (1,2,'20559867980'),
	 (3,7,'20559867980'),
	 (3,9,'84154204515'),
	 (4,10,'57249720991'),
	 (5,6,'57249720991'),
	 (5,13,'57249720991'),
	 (3,10,'65726202777'),
	 (2,3,'65726202777'),
	 (2,9,'65726202777'),
	 (5,5,'46262685509'),
	 (1,12,'46262685509'),
	 (1,8,'65246225270'),
	 (1,7,'65246225270'),
	 (4,3,'65246225270'),
	 (3,16,'65246225270'),
	 (4,11,'65246225270'),
	 (3,1,'96822550538'),
	 (3,9,'96822550538'),
	 (5,10,'96822550538'),
	 (1,8,'07439307150'),
	 (2,8,'07439307150'),
	 (2,10,'07439307150'),
	 (5,4,'07439307150'),
	 (1,8,'52593162540'),
	 (3,7,'52593162540'),
	 (3,11,'52593162540'),
	 (4,3,'52593162540'),
	 (4,5,'52593162540'),
	 (3,13,'46624031437'),
	 (1,5,'46624031437'),
	 (3,6,'46624031437'),
	 (4,13,'97481127987'),
	 (1,15,'97481127987'),
	 (4,14,'38740091214'),
	 (1,5,'38740091214'),
	 (3,4,'38740091214'),
	 (5,7,'38740091214'),
	 (4,13,'50398894528'),
	 (3,7,'50398894528'),
	 (4,9,'50398894528'),
	 (4,6,'85103004268'),
	 (2,9,'41751788791'),
	 (5,4,'41751788791'),
	 (5,7,'41751788791'),
	 (2,11,'17956147941'),
	 (3,13,'17956147941'),
	 (2,14,'17956147941'),
	 (3,7,'58111280669'),
	 (2,8,'02462202476'),
	 (3,3,'02462202476'),
	 (4,11,'02462202476'),
	 (5,2,'02462202476'),
	 (3,10,'02462202476'),
	 (4,1,'53732444593'),
	 (5,6,'53732444593'),
	 (5,4,'62359984238'),
	 (3,4,'62359984238'),
	 (4,4,'62359984238'),
	 (4,7,'62359984238'),
	 (4,4,'58507214561'),
	 (4,1,'58507214561'),
	 (3,13,'58507214561'),
	 (3,4,'58507214561'),
	 (1,14,'58507214561'),
	 (1,15,'27831989869'),
	 (3,9,'27831989869'),
	 (5,16,'27831989869'),
	 (2,10,'27831989869'),
	 (2,1,'32141498368'),
	 (2,11,'32141498368'),
	 (2,7,'32141498368'),
	 (1,9,'32141498368'),
	 (1,15,'32141498368'),
	 (3,11,'05925042708'),
	 (5,10,'05925042708'),
	 (5,8,'05925042708'),
	 (3,5,'79122730934'),
	 (2,7,'79122730934'),
	 (1,10,'79122730934'),
	 (1,3,'79122730934'),
	 (4,3,'79122730934'),
	 (5,11,'04973896544'),
	 (3,13,'04973896544'),
	 (1,9,'04973896544'),
	 (1,3,'04973896544'),
	 (2,8,'04973896544'),
	 (3,15,'79424575754'),
	 (5,5,'79424575754'),
	 (2,5,'69330123247'),
	 (2,9,'64344449801'),
	 (3,14,'64344449801'),
	 (1,9,'64344449801'),
	 (1,3,'80269687161'),
	 (2,2,'58098773221'),
	 (4,3,'58098773221'),
	 (1,12,'58098773221'),
	 (3,5,'58098773221'),
	 (2,6,'91951557610'),
	 (2,9,'91951557610'),
	 (3,14,'32930751868');

INSERT INTO bsze3.absences (absence_date,proven,class,subject_id,student_id) VALUES
	 ('2024-01-02',0,1,7,'69330123247'),
	 ('2024-01-03',0,0,8,'47106973485'),
	 ('2024-01-03',0,7,8,'47106973485'),
	 ('2024-01-03',0,8,9,'72381371935'),
	 ('2024-01-03',0,15,9,'72381371935'),
	 ('2024-01-04',0,1,4,'61710413633'),
	 ('2024-01-04',0,2,4,'61710413633'),
	 ('2024-01-04',0,4,4,'61710413633'),
	 ('2024-01-04',0,12,5,'28860772200'),
	 ('2024-01-04',0,14,5,'28860772200'),
	 ('2024-01-04',0,15,5,'28860772200'),
	 ('2024-01-05',0,0,15,'54444744881'),
	 ('2024-01-05',0,1,11,'41243450595'),
	 ('2024-01-05',0,5,15,'54444744881'),
	 ('2024-01-05',0,7,11,'41243450595'),
	 ('2024-01-05',0,12,15,'54444744881'),
	 ('2024-01-06',0,3,13,'51900409814'),
	 ('2024-01-06',0,7,13,'51900409814'),
	 ('2024-01-06',0,14,13,'51900409814'),
	 ('2024-01-07',0,0,1,'11962790867'),
	 ('2024-01-07',0,0,6,'21783906804'),
	 ('2024-01-07',0,2,1,'11962790867'),
	 ('2024-01-07',0,5,1,'11962790867'),
	 ('2024-01-07',0,13,6,'21783906804'),
	 ('2024-01-07',0,14,6,'21783906804'),
	 ('2024-01-08',0,7,5,'58733768944'),
	 ('2024-01-08',0,12,5,'58733768944'),
	 ('2024-01-08',0,15,5,'58733768944'),
	 ('2024-01-09',0,2,2,'92799638839'),
	 ('2024-01-09',0,6,2,'92799638839'),
	 ('2024-01-09',0,9,2,'92799638839'),
	 ('2024-01-10',0,1,16,'41243450595'),
	 ('2024-01-10',0,2,16,'41243450595'),
	 ('2024-01-10',0,9,16,'41243450595'),
	 ('2024-01-11',0,1,12,'20559867980'),
	 ('2024-01-11',0,2,6,'35295677760'),
	 ('2024-01-11',0,7,12,'20559867980'),
	 ('2024-01-11',0,7,6,'35295677760'),
	 ('2024-01-11',0,8,12,'20559867980'),
	 ('2024-01-13',0,2,16,'10484664237'),
	 ('2024-01-13',0,4,16,'10484664237'),
	 ('2024-01-13',0,7,7,'79122730934'),
	 ('2024-01-13',0,8,16,'10484664237'),
	 ('2024-01-13',0,15,7,'79122730934'),
	 ('2024-01-14',0,0,4,'28860772200'),
	 ('2024-01-14',0,1,4,'28860772200'),
	 ('2024-01-14',0,8,4,'28860772200'),
	 ('2024-01-15',0,0,4,'24341352367'),
	 ('2024-01-15',0,2,3,'64344449801'),
	 ('2024-01-15',0,4,4,'24341352367'),
	 ('2024-01-15',0,8,3,'64344449801'),
	 ('2024-01-15',0,15,3,'64344449801'),
	 ('2024-01-16',0,0,6,'58730751375'),
	 ('2024-01-16',0,13,6,'58730751375'),
	 ('2024-01-17',0,1,16,'51900409814'),
	 ('2024-01-17',0,4,1,'58730751375'),
	 ('2024-01-17',0,8,1,'58730751375'),
	 ('2024-01-17',0,12,16,'51900409814'),
	 ('2024-01-17',0,15,16,'51900409814'),
	 ('2024-01-18',0,0,3,'07046021785'),
	 ('2024-01-18',0,7,3,'07046021785'),
	 ('2024-01-18',0,13,3,'07046021785'),
	 ('2024-01-19',0,1,12,'31872687857'),
	 ('2024-01-19',0,2,12,'31872687857'),
	 ('2024-01-19',0,14,12,'31872687857'),
	 ('2024-01-20',0,2,13,'65726202777'),
	 ('2024-01-20',0,5,13,'65726202777'),
	 ('2024-01-20',0,6,16,'76948060150'),
	 ('2024-01-20',0,10,16,'76948060150'),
	 ('2024-01-20',0,12,16,'76948060150'),
	 ('2024-01-20',0,14,13,'65726202777'),
	 ('2024-01-21',0,0,3,'49594310313'),
	 ('2024-01-21',0,5,3,'49594310313'),
	 ('2024-01-21',0,12,3,'49594310313'),
	 ('2024-01-22',0,2,6,'78204265715'),
	 ('2024-01-22',0,4,15,'83227977470'),
	 ('2024-01-22',0,7,16,'53491779515'),
	 ('2024-01-22',0,8,16,'53491779515'),
	 ('2024-01-22',0,10,16,'53491779515'),
	 ('2024-01-22',0,11,6,'78204265715'),
	 ('2024-01-22',0,12,15,'83227977470'),
	 ('2024-01-22',0,14,6,'78204265715'),
	 ('2024-01-22',0,14,15,'83227977470'),
	 ('2024-01-23',0,5,11,'71002982790'),
	 ('2024-01-23',0,10,11,'71002982790'),
	 ('2024-01-23',0,12,11,'71002982790'),
	 ('2024-01-24',0,5,7,'87587933669'),
	 ('2024-01-24',0,10,7,'87587933669'),
	 ('2024-01-24',0,15,7,'87587933669'),
	 ('2024-01-25',0,2,15,'45342165526'),
	 ('2024-01-25',0,4,11,'09123941774'),
	 ('2024-01-25',0,5,15,'45342165526'),
	 ('2024-01-25',0,15,11,'09123941774'),
	 ('2024-01-26',0,11,1,'81532124605'),
	 ('2024-01-26',0,13,1,'81532124605'),
	 ('2024-01-27',0,7,2,'94022970343'),
	 ('2024-01-27',0,9,8,'68096252401'),
	 ('2024-01-27',0,11,8,'68096252401'),
	 ('2024-01-27',0,12,2,'94022970343'),
	 ('2024-01-27',0,13,2,'94022970343'),
	 ('2024-01-27',0,15,8,'68096252401'),
	 ('2024-01-28',0,2,16,'05469513410'),
	 ('2024-01-28',0,5,16,'05469513410'),
	 ('2024-01-28',0,15,16,'05469513410'),
	 ('2024-02-01',0,1,5,'28792664137'),
	 ('2024-02-01',0,5,5,'28792664137'),
	 ('2024-02-01',0,11,5,'28792664137'),
	 ('2024-02-02',0,0,3,'13955119314'),
	 ('2024-02-02',0,3,3,'13955119314'),
	 ('2024-02-02',0,9,3,'13955119314'),
	 ('2024-02-03',1,7,15,'38764382864'),
	 ('2024-02-03',1,9,15,'38764382864'),
	 ('2024-02-03',1,11,15,'38764382864'),
	 ('2024-02-04',0,6,5,'95789434059'),
	 ('2024-02-04',0,8,5,'95789434059'),
	 ('2024-02-04',0,9,5,'95789434059'),
	 ('2024-02-07',1,10,5,'86180692739'),
	 ('2024-02-07',1,13,5,'86180692739'),
	 ('2024-02-07',1,14,5,'86180692739'),
	 ('2024-02-09',0,1,9,'49594310313'),
	 ('2024-02-09',0,4,9,'49594310313'),
	 ('2024-02-09',0,14,9,'49594310313'),
	 ('2024-02-10',0,2,1,'89821355437'),
	 ('2024-02-10',0,3,3,'58098773221'),
	 ('2024-02-10',0,4,1,'89821355437'),
	 ('2024-02-10',0,8,1,'89821355437'),
	 ('2024-02-10',0,9,3,'58098773221'),
	 ('2024-02-10',0,15,3,'58098773221'),
	 ('2024-02-11',0,0,5,'17034986935'),
	 ('2024-02-11',0,8,5,'17034986935'),
	 ('2024-02-11',0,13,5,'17034986935'),
	 ('2024-02-12',0,4,11,'73231801482'),
	 ('2024-02-12',0,6,4,'57168870389'),
	 ('2024-02-12',0,7,11,'73231801482'),
	 ('2024-02-12',0,8,11,'73231801482'),
	 ('2024-02-12',0,12,4,'57168870389'),
	 ('2024-02-12',0,15,4,'57168870389'),
	 ('2024-02-13',0,0,4,'65104522615'),
	 ('2024-02-13',0,2,8,'03836985025'),
	 ('2024-02-13',0,3,4,'65104522615'),
	 ('2024-02-13',0,8,8,'03836985025'),
	 ('2024-02-13',0,10,4,'65104522615'),
	 ('2024-02-13',0,12,8,'03836985025'),
	 ('2024-02-14',0,1,11,'49506615143'),
	 ('2024-02-14',0,2,11,'49506615143'),
	 ('2024-02-14',0,14,11,'49506615143'),
	 ('2024-02-15',0,0,2,'94391849600'),
	 ('2024-02-15',0,1,2,'94391849600'),
	 ('2024-02-15',0,5,12,'17956147941'),
	 ('2024-02-15',0,6,1,'39912986227'),
	 ('2024-02-15',0,8,1,'39912986227'),
	 ('2024-02-15',0,10,12,'17956147941'),
	 ('2024-02-15',0,11,1,'39912986227'),
	 ('2024-02-15',0,13,2,'94391849600'),
	 ('2024-02-15',0,14,12,'17956147941'),
	 ('2024-02-16',0,2,3,'83227977470'),
	 ('2024-02-16',0,14,3,'83227977470'),
	 ('2024-02-16',0,15,3,'83227977470'),
	 ('2024-02-17',0,2,13,'53491779515'),
	 ('2024-02-17',0,3,2,'44532563434'),
	 ('2024-02-17',0,9,2,'44532563434'),
	 ('2024-02-17',0,10,13,'53491779515'),
	 ('2024-02-17',0,11,2,'44532563434'),
	 ('2024-02-17',0,12,13,'53491779515'),
	 ('2024-02-18',0,4,2,'84789812534'),
	 ('2024-02-18',0,6,2,'84789812534'),
	 ('2024-02-18',0,14,2,'84789812534'),
	 ('2024-02-19',0,2,3,'40726092721'),
	 ('2024-02-19',0,7,3,'40726092721'),
	 ('2024-02-19',0,9,3,'40726092721'),
	 ('2024-02-20',0,5,3,'03836985025'),
	 ('2024-02-20',0,9,3,'03836985025'),
	 ('2024-02-20',0,10,3,'03836985025'),
	 ('2024-02-21',0,2,16,'64632759079'),
	 ('2024-02-21',0,4,16,'64632759079'),
	 ('2024-02-21',0,13,16,'64632759079'),
	 ('2024-02-22',0,6,5,'95754720379'),
	 ('2024-02-22',0,8,5,'95754720379'),
	 ('2024-02-22',0,15,5,'95754720379'),
	 ('2024-02-23',0,0,7,'08642200163'),
	 ('2024-02-23',0,2,12,'17198233056'),
	 ('2024-02-23',0,7,7,'08642200163'),
	 ('2024-02-23',0,8,12,'17198233056'),
	 ('2024-02-23',0,9,7,'08642200163'),
	 ('2024-02-23',0,14,12,'17198233056'),
	 ('2024-02-24',0,4,12,'96822550538'),
	 ('2024-02-24',0,5,12,'96822550538'),
	 ('2024-02-24',0,10,12,'96822550538'),
	 ('2024-02-26',0,1,8,'13955119314'),
	 ('2024-02-26',0,2,16,'20559867980'),
	 ('2024-02-26',0,4,16,'20559867980'),
	 ('2024-02-26',0,10,16,'20559867980'),
	 ('2024-02-26',0,11,8,'13955119314'),
	 ('2024-02-26',0,15,8,'13955119314'),
	 ('2024-03-01',0,0,13,'53732444593'),
	 ('2024-03-01',0,0,10,'72381371935'),
	 ('2024-03-01',0,6,12,'84785347969'),
	 ('2024-03-01',0,7,4,'84477975256'),
	 ('2024-03-01',0,8,10,'72381371935'),
	 ('2024-03-01',0,8,12,'84785347969'),
	 ('2024-03-01',0,9,12,'84785347969'),
	 ('2024-03-01',0,10,13,'53732444593'),
	 ('2024-03-01',0,14,10,'72381371935'),
	 ('2024-03-01',0,15,4,'84477975256'),
	 ('2024-03-03',0,4,13,'64694219136'),
	 ('2024-03-03',0,7,13,'64694219136'),
	 ('2024-03-03',0,11,15,'71823111528'),
	 ('2024-03-03',0,12,15,'71823111528'),
	 ('2024-03-03',0,14,13,'64694219136'),
	 ('2024-03-03',0,14,15,'71823111528'),
	 ('2024-03-04',0,1,3,'09252674431'),
	 ('2024-03-04',0,11,3,'09252674431'),
	 ('2024-03-04',0,14,3,'09252674431'),
	 ('2024-03-05',0,2,1,'28860772200'),
	 ('2024-03-05',0,7,1,'28860772200'),
	 ('2024-03-05',0,13,1,'28860772200'),
	 ('2024-03-07',0,8,12,'94022970343'),
	 ('2024-03-07',0,15,12,'94022970343'),
	 ('2024-03-09',0,4,14,'57532815130'),
	 ('2024-03-09',0,7,14,'57532815130'),
	 ('2024-03-09',0,8,5,'63996261183'),
	 ('2024-03-09',0,10,5,'63996261183'),
	 ('2024-03-09',0,11,14,'57532815130'),
	 ('2024-03-09',0,13,5,'63996261183'),
	 ('2024-03-10',0,5,15,'65246225270'),
	 ('2024-03-10',0,7,3,'25428097043'),
	 ('2024-03-10',0,9,15,'65246225270'),
	 ('2024-03-10',0,13,15,'65246225270'),
	 ('2024-03-10',0,14,3,'25428097043'),
	 ('2024-03-12',0,12,13,'87061732290'),
	 ('2024-03-12',0,13,13,'87061732290'),
	 ('2024-03-15',0,1,14,'06962474111'),
	 ('2024-03-15',0,2,14,'06962474111'),
	 ('2024-03-15',0,4,5,'91788335614'),
	 ('2024-03-15',0,8,5,'91788335614'),
	 ('2024-03-15',0,14,14,'06962474111'),
	 ('2024-03-15',0,14,5,'91788335614'),
	 ('2024-03-16',0,5,2,'68855275675'),
	 ('2024-03-16',0,11,4,'85103004268'),
	 ('2024-03-16',0,13,2,'68855275675'),
	 ('2024-03-16',0,13,4,'85103004268'),
	 ('2024-03-16',0,15,2,'68855275675'),
	 ('2024-03-16',0,15,4,'85103004268'),
	 ('2024-03-17',0,1,6,'05927029466'),
	 ('2024-03-17',0,4,6,'05927029466'),
	 ('2024-03-17',0,8,11,'58098773221'),
	 ('2024-03-17',0,9,11,'58098773221'),
	 ('2024-03-17',0,15,6,'05927029466'),
	 ('2024-03-17',0,15,11,'58098773221'),
	 ('2024-03-18',0,3,16,'02881891722'),
	 ('2024-03-18',0,3,15,'64471128990'),
	 ('2024-03-18',0,4,15,'64471128990'),
	 ('2024-03-18',0,5,1,'24101488897'),
	 ('2024-03-18',0,9,1,'24101488897'),
	 ('2024-03-18',0,13,16,'02881891722'),
	 ('2024-03-18',0,13,1,'24101488897'),
	 ('2024-03-18',0,14,16,'02881891722'),
	 ('2024-03-18',0,15,15,'64471128990'),
	 ('2024-03-19',0,5,3,'20559867980'),
	 ('2024-03-19',0,12,3,'20559867980'),
	 ('2024-03-19',0,15,3,'20559867980'),
	 ('2024-03-20',0,0,10,'90427886063'),
	 ('2024-03-20',0,3,10,'90427886063'),
	 ('2024-03-20',0,10,10,'90427886063'),
	 ('2024-03-22',0,4,10,'21737244145'),
	 ('2024-03-22',0,8,10,'21737244145'),
	 ('2024-03-22',0,9,10,'21737244145'),
	 ('2024-03-23',0,1,6,'73595595249'),
	 ('2024-03-23',0,2,9,'94391849600'),
	 ('2024-03-23',0,5,9,'94391849600'),
	 ('2024-03-23',0,12,9,'94391849600'),
	 ('2024-03-23',0,14,6,'73595595249'),
	 ('2024-03-26',0,2,4,'09067876021'),
	 ('2024-03-26',0,8,4,'09067876021'),
	 ('2024-03-26',0,11,4,'09067876021'),
	 ('2024-03-28',0,1,16,'84154204515'),
	 ('2024-03-28',0,4,16,'84154204515'),
	 ('2024-03-28',0,5,12,'57249720991'),
	 ('2024-03-28',0,6,12,'57249720991'),
	 ('2024-03-28',0,9,16,'84154204515'),
	 ('2024-03-28',0,10,12,'57249720991'),
	 ('2024-03-28',0,11,5,'08546264050'),
	 ('2024-03-28',0,13,5,'08546264050'),
	 ('2024-04-01',0,0,13,'25428097043'),
	 ('2024-04-01',0,4,13,'25428097043'),
	 ('2024-04-02',0,2,12,'65246225270'),
	 ('2024-04-02',0,7,12,'65246225270'),
	 ('2024-04-02',0,12,12,'65246225270'),
	 ('2024-04-04',0,1,11,'46611582644'),
	 ('2024-04-04',0,4,11,'46611582644'),
	 ('2024-04-04',0,5,11,'46611582644'),
	 ('2024-04-05',0,2,4,'53718311094'),
	 ('2024-04-05',0,5,4,'53718311094'),
	 ('2024-04-05',0,7,4,'53718311094'),
	 ('2024-04-05',0,8,5,'61710413633'),
	 ('2024-04-05',0,14,5,'61710413633'),
	 ('2024-04-07',0,3,1,'32141498368'),
	 ('2024-04-07',0,9,1,'32141498368'),
	 ('2024-04-07',0,15,1,'32141498368'),
	 ('2024-04-08',0,1,11,'51900409814'),
	 ('2024-04-08',0,1,9,'58730751375'),
	 ('2024-04-08',0,3,9,'58730751375'),
	 ('2024-04-08',0,4,9,'14674578557'),
	 ('2024-04-08',0,5,9,'14674578557'),
	 ('2024-04-08',0,6,11,'51900409814'),
	 ('2024-04-08',0,8,9,'58730751375'),
	 ('2024-04-08',0,11,11,'51900409814'),
	 ('2024-04-08',0,14,9,'14674578557'),
	 ('2024-04-11',0,0,16,'61482107951'),
	 ('2024-04-11',0,6,16,'61482107951'),
	 ('2024-04-11',0,11,9,'02430851118'),
	 ('2024-04-11',0,13,9,'02430851118'),
	 ('2024-04-11',0,14,9,'02430851118'),
	 ('2024-04-13',0,1,3,'31872687857'),
	 ('2024-04-13',0,2,8,'09766695951'),
	 ('2024-04-13',0,6,12,'35295677760'),
	 ('2024-04-13',0,8,8,'09766695951'),
	 ('2024-04-13',0,10,12,'35295677760'),
	 ('2024-04-13',0,11,3,'31872687857'),
	 ('2024-04-13',0,12,8,'09766695951'),
	 ('2024-04-13',0,12,3,'31872687857'),
	 ('2024-04-14',0,6,9,'45688062825'),
	 ('2024-04-14',0,6,7,'80309999964'),
	 ('2024-04-14',0,9,9,'45688062825'),
	 ('2024-04-14',0,11,7,'80309999964'),
	 ('2024-04-14',0,15,9,'45688062825'),
	 ('2024-04-15',0,1,15,'45342165526'),
	 ('2024-04-15',0,3,15,'45342165526'),
	 ('2024-04-15',0,6,5,'73231801482'),
	 ('2024-04-15',0,10,5,'73231801482'),
	 ('2024-04-15',0,11,15,'45342165526'),
	 ('2024-04-15',0,14,5,'73231801482'),
	 ('2024-04-16',0,0,6,'86318981352'),
	 ('2024-04-16',0,7,6,'86318981352'),
	 ('2024-04-17',0,1,16,'38764382864'),
	 ('2024-04-17',0,13,16,'38764382864'),
	 ('2024-04-18',0,6,14,'32223224403'),
	 ('2024-04-18',0,8,14,'32223224403'),
	 ('2024-04-18',0,15,14,'32223224403'),
	 ('2024-04-19',0,2,16,'02409986414'),
	 ('2024-04-19',0,6,3,'95733152893'),
	 ('2024-04-19',0,7,3,'95733152893'),
	 ('2024-04-19',0,8,16,'02409986414'),
	 ('2024-04-19',0,8,8,'32223224403'),
	 ('2024-04-19',0,9,16,'02409986414'),
	 ('2024-04-19',0,9,8,'32223224403'),
	 ('2024-04-19',0,11,3,'95733152893'),
	 ('2024-04-19',0,14,8,'32223224403'),
	 ('2024-04-20',0,2,2,'10133506019'),
	 ('2024-04-20',0,2,6,'17034986935'),
	 ('2024-04-20',0,6,6,'17034986935'),
	 ('2024-04-20',0,7,2,'10133506019'),
	 ('2024-04-20',0,13,6,'17034986935'),
	 ('2024-04-20',0,14,2,'10133506019'),
	 ('2024-04-21',0,1,3,'14674578557'),
	 ('2024-04-21',0,2,10,'49506615143'),
	 ('2024-04-21',0,2,12,'73231801482'),
	 ('2024-04-21',0,3,3,'14674578557'),
	 ('2024-04-21',0,4,3,'14674578557'),
	 ('2024-04-21',0,5,12,'73231801482'),
	 ('2024-04-21',0,10,10,'49506615143'),
	 ('2024-04-21',0,11,12,'73231801482'),
	 ('2024-04-21',0,14,10,'49506615143'),
	 ('2024-04-22',0,6,1,'62656854883'),
	 ('2024-04-22',0,11,1,'62656854883'),
	 ('2024-04-23',0,6,4,'07046021785'),
	 ('2024-04-23',0,9,4,'07046021785'),
	 ('2024-04-23',0,14,4,'07046021785'),
	 ('2024-04-25',0,3,4,'75349419679'),
	 ('2024-04-25',0,9,4,'75349419679'),
	 ('2024-04-25',0,12,4,'75349419679'),
	 ('2024-04-27',0,0,16,'21783906804'),
	 ('2024-04-27',0,9,16,'21783906804'),
	 ('2024-04-27',0,14,16,'21783906804'),
	 ('2024-05-03',0,2,16,'24101488897'),
	 ('2024-05-03',0,3,16,'24101488897'),
	 ('2024-05-03',0,7,14,'86180692739'),
	 ('2024-05-03',0,9,14,'86180692739'),
	 ('2024-05-03',0,13,16,'24101488897'),
	 ('2024-05-03',0,14,14,'86180692739'),
	 ('2024-05-04',0,1,7,'01792532068'),
	 ('2024-05-04',0,6,7,'01792532068'),
	 ('2024-05-04',0,7,7,'01792532068'),
	 ('2024-05-05',0,5,2,'79122730934'),
	 ('2024-05-05',0,6,2,'79122730934'),
	 ('2024-05-05',0,8,2,'79122730934'),
	 ('2024-05-07',0,4,2,'05469513410'),
	 ('2024-05-07',0,5,6,'11795968696'),
	 ('2024-05-07',0,6,2,'05469513410'),
	 ('2024-05-07',0,8,6,'11795968696'),
	 ('2024-05-07',0,12,2,'05469513410'),
	 ('2024-05-09',0,1,6,'62557612265'),
	 ('2024-05-09',0,4,6,'62557612265'),
	 ('2024-05-09',0,9,6,'62557612265'),
	 ('2024-05-10',0,3,5,'81532124605'),
	 ('2024-05-10',0,13,5,'81532124605'),
	 ('2024-05-11',0,3,9,'45584340867'),
	 ('2024-05-11',0,8,9,'45584340867'),
	 ('2024-05-11',0,9,8,'62446775808'),
	 ('2024-05-11',0,12,9,'45584340867'),
	 ('2024-05-11',0,12,8,'62446775808'),
	 ('2024-05-11',0,13,8,'62446775808'),
	 ('2024-05-12',0,1,5,'12346466261'),
	 ('2024-05-12',0,12,5,'12346466261'),
	 ('2024-05-12',0,14,5,'12346466261'),
	 ('2024-05-13',0,4,7,'47663389037'),
	 ('2024-05-13',0,8,7,'47663389037'),
	 ('2024-05-13',0,9,7,'47663389037'),
	 ('2024-05-16',0,7,16,'30663408624'),
	 ('2024-05-16',0,13,16,'30663408624'),
	 ('2024-05-18',0,2,3,'02881891722'),
	 ('2024-05-18',0,2,2,'52593162540'),
	 ('2024-05-18',0,3,13,'06523405594'),
	 ('2024-05-18',0,5,13,'06523405594'),
	 ('2024-05-18',0,6,3,'02881891722'),
	 ('2024-05-18',0,7,2,'52593162540'),
	 ('2024-05-18',0,14,3,'02881891722'),
	 ('2024-05-18',0,14,2,'52593162540'),
	 ('2024-05-19',0,7,4,'96247578890'),
	 ('2024-05-19',0,8,4,'96247578890'),
	 ('2024-05-20',0,5,4,'50728197047'),
	 ('2024-05-20',0,10,4,'50728197047'),
	 ('2024-05-20',0,13,4,'50728197047'),
	 ('2024-05-21',0,3,12,'49594310313'),
	 ('2024-05-21',0,5,13,'17707391832'),
	 ('2024-05-21',0,7,12,'49594310313'),
	 ('2024-05-21',0,8,12,'49594310313'),
	 ('2024-05-21',0,10,13,'17707391832'),
	 ('2024-05-21',0,12,13,'17707391832'),
	 ('2024-05-22',0,10,10,'26222584584'),
	 ('2024-05-22',0,12,10,'26222584584'),
	 ('2024-05-22',0,13,10,'26222584584'),
	 ('2024-05-23',0,0,14,'10484664237'),
	 ('2024-05-23',0,8,14,'10484664237'),
	 ('2024-05-24',0,2,11,'73595595249'),
	 ('2024-05-24',0,6,4,'21783906804'),
	 ('2024-05-24',0,8,11,'73595595249'),
	 ('2024-05-24',0,9,11,'73595595249'),
	 ('2024-05-24',0,10,4,'21783906804'),
	 ('2024-05-24',0,11,4,'21783906804'),
	 ('2024-05-26',0,2,16,'24341352367'),
	 ('2024-05-26',0,8,16,'24341352367'),
	 ('2024-05-26',0,9,16,'24341352367'),
	 ('2024-05-27',0,3,5,'69606750259'),
	 ('2024-05-27',0,6,12,'78204265715'),
	 ('2024-05-27',0,9,12,'78204265715'),
	 ('2024-05-27',0,10,5,'69606750259'),
	 ('2024-05-27',0,13,5,'69606750259'),
	 ('2024-05-27',0,14,12,'78204265715'),
	 ('2024-06-04',0,2,1,'47663389037'),
	 ('2024-06-04',0,9,1,'47663389037'),
	 ('2024-06-04',0,10,1,'47663389037'),
	 ('2024-06-06',0,1,10,'27956586401'),
	 ('2024-06-06',0,5,4,'39912986227'),
	 ('2024-06-06',0,7,10,'27956586401'),
	 ('2024-06-06',0,7,4,'39912986227'),
	 ('2024-06-06',0,12,4,'39912986227'),
	 ('2024-06-06',0,13,10,'27956586401'),
	 ('2024-06-07',0,5,6,'32787531790'),
	 ('2024-06-07',0,6,6,'32787531790'),
	 ('2024-06-07',0,10,6,'32787531790'),
	 ('2024-06-10',0,3,14,'62656854883'),
	 ('2024-06-10',0,11,14,'62656854883'),
	 ('2024-06-11',0,3,11,'94180116196'),
	 ('2024-06-11',0,5,11,'94180116196'),
	 ('2024-06-12',0,1,13,'41243450595'),
	 ('2024-06-12',0,5,8,'31334658562'),
	 ('2024-06-12',0,8,8,'31334658562'),
	 ('2024-06-12',0,11,13,'41243450595'),
	 ('2024-06-12',0,13,13,'41243450595'),
	 ('2024-06-12',0,14,8,'31334658562'),
	 ('2024-06-14',0,1,15,'47147250536'),
	 ('2024-06-14',0,5,6,'91788335614'),
	 ('2024-06-14',0,7,15,'47147250536'),
	 ('2024-06-14',0,10,15,'47147250536'),
	 ('2024-06-14',0,12,6,'91788335614'),
	 ('2024-06-14',0,13,6,'91788335614'),
	 ('2024-06-15',0,1,7,'14735683652'),
	 ('2024-06-15',0,6,1,'56108026118'),
	 ('2024-06-15',0,7,7,'14735683652'),
	 ('2024-06-15',0,7,1,'56108026118'),
	 ('2024-06-15',0,10,7,'14735683652'),
	 ('2024-06-15',0,11,1,'56108026118'),
	 ('2024-06-15',1,13,14,'87587933669'),
	 ('2024-06-15',1,14,14,'87587933669'),
	 ('2024-06-15',1,15,14,'87587933669'),
	 ('2024-06-16',0,3,7,'54359768968'),
	 ('2024-06-16',0,5,7,'54359768968'),
	 ('2024-06-16',0,12,7,'54359768968'),
	 ('2024-06-17',0,3,3,'06066945438'),
	 ('2024-06-17',0,4,3,'06066945438'),
	 ('2024-06-17',0,11,3,'06066945438'),
	 ('2024-06-18',0,1,9,'84785347969'),
	 ('2024-06-18',0,10,9,'84785347969'),
	 ('2024-06-18',0,12,9,'84785347969'),
	 ('2024-06-19',0,2,12,'88266193612'),
	 ('2024-06-19',0,3,4,'52462956406'),
	 ('2024-06-19',0,4,4,'52462956406'),
	 ('2024-06-19',0,5,4,'46611582644'),
	 ('2024-06-19',0,7,13,'09842199930'),
	 ('2024-06-19',0,7,4,'46611582644'),
	 ('2024-06-19',0,9,12,'88266193612'),
	 ('2024-06-19',0,13,13,'09842199930'),
	 ('2024-06-19',0,14,13,'09842199930'),
	 ('2024-06-19',0,14,4,'46611582644'),
	 ('2024-06-19',0,15,4,'52462956406'),
	 ('2024-06-21',0,1,5,'11795968696'),
	 ('2024-06-21',0,2,6,'53732444593'),
	 ('2024-06-21',0,4,8,'87061732290'),
	 ('2024-06-21',0,5,6,'53732444593'),
	 ('2024-06-21',0,6,5,'11795968696'),
	 ('2024-06-21',0,7,6,'53732444593'),
	 ('2024-06-21',0,9,8,'87061732290'),
	 ('2024-06-21',0,11,8,'87061732290'),
	 ('2024-06-21',0,13,5,'11795968696'),
	 ('2024-06-23',0,4,13,'40665059662'),
	 ('2024-06-23',0,6,13,'40665059662'),
	 ('2024-06-23',0,9,13,'40665059662'),
	 ('2024-06-24',0,2,8,'17951957771'),
	 ('2024-06-24',0,5,4,'43183270005'),
	 ('2024-06-24',0,6,4,'43183270005'),
	 ('2024-06-24',0,9,8,'17951957771'),
	 ('2024-06-24',0,11,4,'43183270005'),
	 ('2024-06-24',0,15,8,'17951957771'),
	 ('2024-06-25',0,2,16,'17198233056'),
	 ('2024-06-25',0,12,16,'17198233056'),
	 ('2024-06-25',0,13,16,'17198233056'),
	 ('2024-06-26',0,6,12,'77392892749'),
	 ('2024-06-26',0,7,7,'67105094210'),
	 ('2024-06-26',0,8,12,'77392892749'),
	 ('2024-06-26',0,10,12,'77392892749'),
	 ('2024-06-26',0,12,7,'67105094210'),
	 ('2024-07-01',0,0,12,'96822550538'),
	 ('2024-07-01',0,1,2,'17956147941'),
	 ('2024-07-01',0,1,12,'96822550538'),
	 ('2024-07-01',0,3,2,'17956147941'),
	 ('2024-07-01',0,9,12,'96822550538'),
	 ('2024-07-01',0,15,2,'17956147941'),
	 ('2024-07-02',0,5,14,'97766754022'),
	 ('2024-07-02',0,6,14,'97766754022'),
	 ('2024-07-02',0,7,14,'97766754022'),
	 ('2024-07-03',0,7,6,'97481127987'),
	 ('2024-07-03',0,11,6,'97481127987'),
	 ('2024-07-03',0,13,6,'97481127987'),
	 ('2024-07-05',0,0,1,'09659144390'),
	 ('2024-07-05',0,9,1,'09659144390'),
	 ('2024-07-05',0,10,1,'09659144390'),
	 ('2024-07-06',0,4,9,'58507214561'),
	 ('2024-07-06',0,14,9,'58507214561'),
	 ('2024-07-06',0,15,9,'58507214561'),
	 ('2024-07-07',0,6,16,'10484664237'),
	 ('2024-07-07',0,8,16,'10484664237'),
	 ('2024-07-07',0,10,16,'10484664237'),
	 ('2024-07-09',0,0,10,'57249720991'),
	 ('2024-07-09',0,2,10,'57249720991'),
	 ('2024-07-09',0,9,10,'57249720991'),
	 ('2024-07-10',0,0,11,'31532004501'),
	 ('2024-07-10',0,2,11,'31532004501'),
	 ('2024-07-10',0,8,11,'31532004501'),
	 ('2024-07-11',0,8,1,'86180692739'),
	 ('2024-07-11',0,9,1,'86180692739'),
	 ('2024-07-11',0,13,1,'86180692739'),
	 ('2024-07-13',0,2,9,'27956586401'),
	 ('2024-07-13',0,5,9,'27956586401'),
	 ('2024-07-13',0,7,9,'27956586401'),
	 ('2024-07-14',0,0,16,'86318981352'),
	 ('2024-07-14',0,3,15,'41751788791'),
	 ('2024-07-14',0,6,16,'86318981352'),
	 ('2024-07-14',0,8,15,'41751788791'),
	 ('2024-07-14',0,10,15,'41751788791'),
	 ('2024-07-14',0,11,16,'86318981352'),
	 ('2024-07-16',0,2,5,'95754720379'),
	 ('2024-07-16',0,3,9,'87587933669'),
	 ('2024-07-16',0,4,5,'95754720379'),
	 ('2024-07-16',0,5,5,'95754720379'),
	 ('2024-07-16',0,7,9,'87587933669'),
	 ('2024-07-16',0,11,9,'87587933669'),
	 ('2024-07-17',0,1,5,'94022970343'),
	 ('2024-07-17',0,2,13,'28792664137'),
	 ('2024-07-17',0,5,5,'94022970343'),
	 ('2024-07-17',0,7,5,'94022970343'),
	 ('2024-07-17',0,9,13,'28792664137'),
	 ('2024-07-17',0,11,13,'28792664137'),
	 ('2024-07-19',0,5,6,'01792532068'),
	 ('2024-07-19',0,8,6,'01792532068'),
	 ('2024-07-19',0,12,6,'01792532068'),
	 ('2024-07-21',0,1,13,'04787110801'),
	 ('2024-07-21',0,2,13,'04787110801'),
	 ('2024-07-21',0,5,13,'04787110801'),
	 ('2024-07-22',0,2,14,'09103781439'),
	 ('2024-07-22',0,4,14,'09103781439'),
	 ('2024-07-22',0,14,14,'09103781439'),
	 ('2024-07-23',0,0,5,'30663408624'),
	 ('2024-07-23',0,1,5,'30663408624'),
	 ('2024-07-23',0,3,9,'21737244145'),
	 ('2024-07-23',0,5,9,'21737244145'),
	 ('2024-07-23',0,6,9,'21737244145'),
	 ('2024-07-23',0,7,5,'05925042708'),
	 ('2024-07-23',0,8,5,'05925042708'),
	 ('2024-07-23',0,9,5,'30663408624'),
	 ('2024-07-23',0,12,5,'05925042708'),
	 ('2024-07-24',0,0,2,'16788776889'),
	 ('2024-07-24',0,0,5,'45584340867'),
	 ('2024-07-24',0,2,2,'16788776889'),
	 ('2024-07-24',0,4,5,'45584340867'),
	 ('2024-07-24',0,5,9,'07046021785'),
	 ('2024-07-24',0,5,2,'16788776889'),
	 ('2024-07-24',0,8,5,'45584340867'),
	 ('2024-07-24',0,11,9,'07046021785'),
	 ('2024-07-24',0,14,9,'07046021785'),
	 ('2024-07-25',0,0,7,'76431120318'),
	 ('2024-07-25',0,5,2,'64632759079'),
	 ('2024-07-25',0,6,6,'21257928429'),
	 ('2024-07-25',0,7,2,'64632759079'),
	 ('2024-07-25',0,9,6,'21257928429'),
	 ('2024-07-25',0,10,7,'76431120318'),
	 ('2024-07-25',0,12,6,'21257928429'),
	 ('2024-07-25',0,14,2,'64632759079'),
	 ('2024-07-25',0,15,7,'76431120318'),
	 ('2024-07-27',0,0,2,'84154204515'),
	 ('2024-07-27',0,1,2,'84154204515'),
	 ('2024-07-27',0,6,9,'62446775808'),
	 ('2024-07-27',0,10,9,'62446775808'),
	 ('2024-07-27',0,12,9,'62446775808'),
	 ('2024-07-27',0,13,2,'84154204515'),
	 ('2024-08-04',0,0,10,'05927029466'),
	 ('2024-08-04',0,1,16,'90965848321'),
	 ('2024-08-04',0,5,9,'24341352367'),
	 ('2024-08-04',0,5,16,'90965848321'),
	 ('2024-08-04',0,11,9,'24341352367'),
	 ('2024-08-04',0,11,16,'90965848321'),
	 ('2024-08-04',0,13,10,'05927029466'),
	 ('2024-08-04',0,13,9,'24341352367'),
	 ('2024-08-04',0,14,10,'05927029466'),
	 ('2024-08-06',0,3,12,'95733152893'),
	 ('2024-08-06',0,4,12,'95733152893'),
	 ('2024-08-07',0,5,4,'64694219136'),
	 ('2024-08-07',0,12,4,'64694219136'),
	 ('2024-08-07',0,13,4,'64694219136'),
	 ('2024-08-08',0,10,11,'63996261183'),
	 ('2024-08-08',0,12,11,'63996261183'),
	 ('2024-08-08',0,13,11,'63996261183'),
	 ('2024-08-11',0,5,12,'41751788791'),
	 ('2024-08-11',0,11,12,'41751788791'),
	 ('2024-08-11',0,14,12,'41751788791'),
	 ('2024-08-14',0,2,1,'06962474111'),
	 ('2024-08-14',0,3,1,'06962474111'),
	 ('2024-08-14',0,4,14,'17951957771'),
	 ('2024-08-14',0,6,14,'17951957771'),
	 ('2024-08-14',0,12,7,'02409986414'),
	 ('2024-08-14',0,12,14,'17951957771'),
	 ('2024-08-14',0,13,1,'06962474111'),
	 ('2024-08-14',0,15,7,'02409986414'),
	 ('2024-08-16',0,1,13,'05925042708'),
	 ('2024-08-16',0,3,13,'05925042708'),
	 ('2024-08-16',0,5,13,'13955119314'),
	 ('2024-08-16',0,8,13,'13955119314'),
	 ('2024-08-16',0,8,12,'32141498368'),
	 ('2024-08-16',0,9,12,'32141498368'),
	 ('2024-08-16',0,11,13,'05925042708'),
	 ('2024-08-16',0,14,12,'32141498368'),
	 ('2024-08-21',0,9,16,'24393969108'),
	 ('2024-08-21',0,12,16,'24393969108'),
	 ('2024-08-23',0,2,1,'95789434059'),
	 ('2024-08-23',0,4,1,'43742434302'),
	 ('2024-08-23',0,8,1,'43742434302'),
	 ('2024-08-23',0,8,1,'95789434059'),
	 ('2024-08-23',0,10,1,'43742434302'),
	 ('2024-08-23',0,13,1,'95789434059'),
	 ('2024-08-24',0,1,12,'47106973485'),
	 ('2024-08-24',0,6,12,'47106973485'),
	 ('2024-08-24',0,9,12,'47106973485'),
	 ('2024-08-25',0,0,3,'52330144383'),
	 ('2024-08-25',0,5,3,'52330144383'),
	 ('2024-08-25',0,10,14,'88549333356'),
	 ('2024-08-25',0,12,3,'52330144383'),
	 ('2024-08-25',0,12,14,'88549333356'),
	 ('2024-08-25',0,15,14,'88549333356'),
	 ('2024-08-26',0,8,9,'77392892749'),
	 ('2024-08-26',0,9,9,'77392892749'),
	 ('2024-09-01',0,2,11,'84785347969'),
	 ('2024-09-01',0,6,11,'84785347969'),
	 ('2024-09-01',0,8,11,'84785347969'),
	 ('2024-09-02',0,3,14,'11795968696'),
	 ('2024-09-02',0,6,7,'40665059662'),
	 ('2024-09-02',0,8,14,'11795968696'),
	 ('2024-09-02',0,10,7,'40665059662'),
	 ('2024-09-02',0,15,7,'40665059662'),
	 ('2024-09-03',0,6,15,'83921388465'),
	 ('2024-09-03',0,7,15,'83921388465'),
	 ('2024-09-03',0,14,15,'83921388465'),
	 ('2024-09-05',0,0,5,'79122730934'),
	 ('2024-09-05',0,5,5,'79122730934'),
	 ('2024-09-05',0,7,5,'79122730934'),
	 ('2024-09-06',0,1,11,'80309999964'),
	 ('2024-09-06',0,2,12,'84900355226'),
	 ('2024-09-06',0,4,16,'73739497423'),
	 ('2024-09-06',0,4,11,'80309999964'),
	 ('2024-09-06',0,5,16,'73739497423'),
	 ('2024-09-06',0,6,12,'84900355226'),
	 ('2024-09-06',0,11,16,'73739497423'),
	 ('2024-09-06',0,12,11,'80309999964'),
	 ('2024-09-06',0,12,12,'84900355226'),
	 ('2024-09-09',0,6,3,'62656854883'),
	 ('2024-09-09',0,9,3,'62656854883'),
	 ('2024-09-09',0,11,3,'62656854883'),
	 ('2024-09-13',0,4,6,'69330123247'),
	 ('2024-09-13',0,9,10,'08546264050'),
	 ('2024-09-13',0,9,6,'69330123247'),
	 ('2024-09-13',0,12,10,'08546264050'),
	 ('2024-09-13',0,14,10,'08546264050'),
	 ('2024-09-13',0,14,6,'69330123247'),
	 ('2024-09-14',0,4,11,'16123837065'),
	 ('2024-09-14',0,9,11,'16123837065'),
	 ('2024-09-14',0,11,11,'16123837065'),
	 ('2024-09-15',0,4,11,'86318981352'),
	 ('2024-09-15',0,7,11,'86318981352'),
	 ('2024-09-15',0,11,11,'86318981352'),
	 ('2024-09-17',0,2,7,'57168870389'),
	 ('2024-09-17',0,3,7,'57168870389'),
	 ('2024-09-17',0,8,7,'57168870389'),
	 ('2024-09-18',0,0,3,'08408551342'),
	 ('2024-09-18',0,5,3,'08408551342'),
	 ('2024-09-18',0,5,15,'14674578557'),
	 ('2024-09-18',0,6,15,'14674578557'),
	 ('2024-09-18',0,12,3,'08408551342'),
	 ('2024-09-19',0,0,12,'55670083503'),
	 ('2024-09-19',0,0,1,'62557612265'),
	 ('2024-09-19',0,7,6,'30663408624'),
	 ('2024-09-19',0,8,12,'55670083503'),
	 ('2024-09-19',0,10,6,'30663408624'),
	 ('2024-09-19',0,10,1,'62557612265'),
	 ('2024-09-19',0,11,1,'62557612265'),
	 ('2024-09-19',0,12,6,'30663408624'),
	 ('2024-09-19',0,12,12,'55670083503'),
	 ('2024-09-20',0,6,10,'80309999964'),
	 ('2024-09-20',0,7,10,'80309999964'),
	 ('2024-09-20',0,8,10,'80309999964'),
	 ('2024-09-21',0,0,6,'90427886063'),
	 ('2024-09-21',0,11,6,'90427886063'),
	 ('2024-09-21',0,15,6,'90427886063'),
	 ('2024-09-23',0,2,13,'40726092721'),
	 ('2024-09-23',0,5,1,'12346466261'),
	 ('2024-09-23',0,5,4,'22216779509'),
	 ('2024-09-23',0,7,1,'12346466261'),
	 ('2024-09-23',0,9,4,'22216779509'),
	 ('2024-09-23',0,11,1,'12346466261'),
	 ('2024-09-23',0,12,4,'22216779509'),
	 ('2024-09-23',0,12,13,'40726092721'),
	 ('2024-09-23',0,15,13,'40726092721'),
	 ('2024-09-25',0,1,2,'27831989869'),
	 ('2024-09-25',0,5,12,'83227977470'),
	 ('2024-09-25',0,11,12,'83227977470'),
	 ('2024-09-25',0,12,12,'83227977470'),
	 ('2024-09-25',0,14,2,'27831989869'),
	 ('2024-09-28',0,2,15,'09252674431'),
	 ('2024-09-28',0,10,15,'09252674431'),
	 ('2024-09-28',0,12,15,'09252674431'),
	 ('2024-10-01',0,0,10,'47663389037'),
	 ('2024-10-01',0,4,2,'16788776889'),
	 ('2024-10-01',0,5,10,'47663389037'),
	 ('2024-10-01',0,8,2,'16788776889'),
	 ('2024-10-01',0,9,2,'16788776889'),
	 ('2024-10-01',0,10,10,'47663389037'),
	 ('2024-10-02',0,0,12,'98442863321'),
	 ('2024-10-02',0,4,12,'98442863321'),
	 ('2024-10-02',0,7,12,'98442863321'),
	 ('2024-10-02',0,12,1,'47147250536'),
	 ('2024-10-02',0,13,1,'47147250536'),
	 ('2024-10-02',0,14,1,'47147250536'),
	 ('2024-10-03',0,0,2,'35295677760'),
	 ('2024-10-03',0,1,2,'35295677760'),
	 ('2024-10-03',0,11,2,'35295677760'),
	 ('2024-10-04',0,1,2,'88266193612'),
	 ('2024-10-04',0,2,11,'58111280669'),
	 ('2024-10-04',0,4,11,'58111280669'),
	 ('2024-10-04',0,6,2,'88266193612'),
	 ('2024-10-04',0,11,11,'58111280669'),
	 ('2024-10-04',0,12,2,'88266193612'),
	 ('2024-10-06',0,3,14,'05927029466'),
	 ('2024-10-06',0,5,14,'05927029466'),
	 ('2024-10-06',0,9,14,'05927029466'),
	 ('2024-10-10',0,3,5,'24101488897'),
	 ('2024-10-10',0,8,5,'24101488897'),
	 ('2024-10-10',0,14,5,'24101488897'),
	 ('2024-10-12',0,1,2,'97481127987'),
	 ('2024-10-12',0,5,2,'97481127987'),
	 ('2024-10-12',0,6,2,'97481127987'),
	 ('2024-10-15',0,0,4,'47106973485'),
	 ('2024-10-15',0,4,4,'47106973485'),
	 ('2024-10-15',0,6,4,'47106973485'),
	 ('2024-10-18',0,7,16,'59610641761'),
	 ('2024-10-18',0,10,16,'59610641761'),
	 ('2024-10-18',0,13,16,'59610641761'),
	 ('2024-10-19',0,0,3,'69606750259'),
	 ('2024-10-19',0,15,3,'69606750259'),
	 ('2024-10-20',0,2,1,'11962790867'),
	 ('2024-10-20',0,6,1,'11962790867'),
	 ('2024-10-20',0,12,1,'11962790867'),
	 ('2024-10-21',0,6,12,'22839562594'),
	 ('2024-10-21',0,7,12,'22839562594'),
	 ('2024-10-21',0,10,12,'22839562594'),
	 ('2024-10-22',0,1,4,'92799638839'),
	 ('2024-10-22',0,6,4,'92799638839'),
	 ('2024-10-22',0,12,4,'92799638839'),
	 ('2024-10-23',0,0,15,'72381371935'),
	 ('2024-10-23',0,1,15,'72381371935'),
	 ('2024-10-23',0,6,5,'31532004501'),
	 ('2024-10-23',0,7,15,'72381371935'),
	 ('2024-10-23',0,11,5,'31532004501'),
	 ('2024-10-23',0,14,5,'31532004501'),
	 ('2024-10-24',0,4,11,'73739497423'),
	 ('2024-10-24',0,6,2,'95789434059'),
	 ('2024-10-24',0,7,2,'95789434059'),
	 ('2024-10-24',0,9,11,'73739497423'),
	 ('2024-10-24',0,15,11,'73739497423'),
	 ('2024-10-24',0,15,2,'95789434059'),
	 ('2024-10-26',0,1,14,'96247578890'),
	 ('2024-10-27',0,6,11,'36776910863'),
	 ('2024-10-27',0,10,11,'36776910863'),
	 ('2024-10-28',0,3,13,'55670083503'),
	 ('2024-10-28',0,7,13,'55670083503'),
	 ('2024-10-28',0,12,13,'55670083503'),
	 ('2024-11-01',0,10,5,'22839562594'),
	 ('2024-11-01',0,11,5,'22839562594'),
	 ('2024-11-01',0,15,5,'22839562594'),
	 ('2024-11-03',0,0,8,'95733152893'),
	 ('2024-11-03',0,8,8,'95733152893'),
	 ('2024-11-03',0,13,8,'95733152893'),
	 ('2024-11-05',0,0,9,'84477975256'),
	 ('2024-11-05',0,3,9,'84477975256'),
	 ('2024-11-05',0,4,9,'84477975256'),
	 ('2024-11-05',0,5,7,'41565468954'),
	 ('2024-11-05',0,6,9,'14735683652'),
	 ('2024-11-05',0,10,7,'41565468954'),
	 ('2024-11-05',0,15,9,'14735683652'),
	 ('2024-11-05',0,15,7,'41565468954'),
	 ('2024-11-06',0,0,7,'97766754022'),
	 ('2024-11-06',0,1,7,'32223224403'),
	 ('2024-11-06',0,7,7,'32223224403'),
	 ('2024-11-06',0,12,7,'32223224403'),
	 ('2024-11-06',0,13,7,'97766754022'),
	 ('2024-11-07',1,4,15,'96822550538'),
	 ('2024-11-07',1,7,15,'96822550538'),
	 ('2024-11-07',0,9,5,'52330144383'),
	 ('2024-11-07',1,14,15,'96822550538'),
	 ('2024-11-07',0,15,5,'52330144383'),
	 ('2024-11-08',0,0,8,'04787110801'),
	 ('2024-11-08',0,9,8,'04787110801'),
	 ('2024-11-08',0,12,8,'04787110801'),
	 ('2024-11-09',0,2,5,'90544543752'),
	 ('2024-11-09',0,5,5,'90544543752'),
	 ('2024-11-09',0,12,5,'90544543752'),
	 ('2024-11-10',0,0,9,'02409986414'),
	 ('2024-11-10',0,0,14,'65726202777'),
	 ('2024-11-10',0,4,9,'02409986414'),
	 ('2024-11-10',0,4,13,'17956147941'),
	 ('2024-11-10',0,6,13,'17956147941'),
	 ('2024-11-10',0,6,14,'65726202777'),
	 ('2024-11-10',0,8,14,'65726202777'),
	 ('2024-11-10',0,11,9,'02409986414'),
	 ('2024-11-10',0,15,13,'17956147941'),
	 ('2024-11-11',0,0,10,'44532563434'),
	 ('2024-11-11',0,0,6,'94391849600'),
	 ('2024-11-11',0,2,6,'94391849600'),
	 ('2024-11-11',0,8,10,'44532563434'),
	 ('2024-11-11',0,13,10,'44532563434'),
	 ('2024-11-11',0,15,6,'94391849600'),
	 ('2024-11-12',1,1,16,'94180116196'),
	 ('2024-11-12',1,8,16,'94180116196'),
	 ('2024-11-12',1,13,16,'94180116196'),
	 ('2024-11-14',0,6,13,'25428097043'),
	 ('2024-11-14',0,9,13,'40665059662'),
	 ('2024-11-14',0,10,13,'40665059662'),
	 ('2024-11-14',0,14,13,'25428097043'),
	 ('2024-11-14',0,15,13,'25428097043'),
	 ('2024-11-14',0,15,13,'40665059662'),
	 ('2024-11-15',1,1,10,'07231828007'),
	 ('2024-11-15',1,10,10,'07231828007'),
	 ('2024-11-15',0,11,7,'07231828007'),
	 ('2024-11-15',0,14,7,'07231828007'),
	 ('2024-11-15',1,15,10,'07231828007'),
	 ('2024-11-17',0,0,2,'26222584584'),
	 ('2024-11-17',0,1,2,'26222584584'),
	 ('2024-11-17',0,9,2,'26222584584'),
	 ('2024-11-19',0,0,3,'88266193612'),
	 ('2024-11-19',0,8,3,'88266193612'),
	 ('2024-11-19',0,11,3,'88266193612'),
	 ('2024-11-20',0,0,1,'44304014611'),
	 ('2024-11-20',0,7,1,'44304014611'),
	 ('2024-11-20',0,11,1,'44304014611'),
	 ('2024-11-21',0,0,9,'32970293750'),
	 ('2024-11-21',0,5,9,'32970293750'),
	 ('2024-11-21',0,8,2,'90427886063'),
	 ('2024-11-21',0,9,8,'50728197047'),
	 ('2024-11-21',0,11,8,'50728197047'),
	 ('2024-11-21',0,12,2,'90427886063'),
	 ('2024-11-21',0,13,8,'50728197047'),
	 ('2024-11-21',0,14,2,'90427886063'),
	 ('2024-11-21',0,15,9,'32970293750'),
	 ('2024-11-22',0,3,12,'84477975256'),
	 ('2024-11-22',0,10,12,'84477975256'),
	 ('2024-11-22',0,14,12,'84477975256'),
	 ('2024-11-23',0,3,2,'12346466261'),
	 ('2024-11-23',0,7,2,'12346466261'),
	 ('2024-11-23',0,15,2,'12346466261'),
	 ('2024-11-24',0,7,6,'28960388271'),
	 ('2024-11-24',0,9,6,'28960388271'),
	 ('2024-11-24',0,10,6,'28960388271'),
	 ('2024-11-25',0,0,5,'53491779515'),
	 ('2024-11-25',0,3,5,'53491779515'),
	 ('2024-11-25',0,7,12,'04787110801'),
	 ('2024-11-25',0,8,12,'04787110801'),
	 ('2024-11-25',0,11,5,'53491779515'),
	 ('2024-11-25',0,15,12,'04787110801'),
	 ('2024-11-26',0,6,15,'54359768968'),
	 ('2024-11-26',0,7,4,'54444744881'),
	 ('2024-11-26',0,8,15,'54359768968'),
	 ('2024-11-26',0,8,4,'54444744881'),
	 ('2024-11-26',0,10,4,'54444744881'),
	 ('2024-11-26',0,14,15,'54359768968'),
	 ('2024-11-27',0,0,16,'92799638839'),
	 ('2024-11-27',0,1,16,'92799638839'),
	 ('2024-11-27',0,7,16,'92799638839'),
	 ('2024-11-28',0,1,1,'09766695951'),
	 ('2024-11-28',0,6,1,'09766695951'),
	 ('2024-11-28',0,14,1,'09766695951'),
	 ('2024-12-01',0,3,12,'03836985025'),
	 ('2024-12-01',0,14,12,'03836985025'),
	 ('2024-12-03',0,0,8,'28960388271'),
	 ('2024-12-03',0,3,8,'28960388271'),
	 ('2024-12-03',0,5,3,'05925042708'),
	 ('2024-12-03',0,5,4,'71002982790'),
	 ('2024-12-03',0,7,8,'28960388271'),
	 ('2024-12-03',0,9,15,'71002982790'),
	 ('2024-12-03',0,10,3,'05925042708'),
	 ('2024-12-03',0,10,4,'71002982790'),
	 ('2024-12-03',0,12,15,'71002982790'),
	 ('2024-12-03',0,14,4,'71002982790'),
	 ('2024-12-03',0,15,3,'05925042708'),
	 ('2024-12-03',0,15,15,'71002982790'),
	 ('2024-12-04',0,4,5,'56493082204'),
	 ('2024-12-04',0,10,5,'56493082204'),
	 ('2024-12-04',0,15,5,'56493082204'),
	 ('2024-12-05',0,0,16,'62557612265'),
	 ('2024-12-05',0,0,9,'78204265715'),
	 ('2024-12-05',0,1,6,'06962474111'),
	 ('2024-12-05',0,3,16,'62557612265'),
	 ('2024-12-05',0,4,6,'06962474111'),
	 ('2024-12-05',0,9,9,'78204265715'),
	 ('2024-12-05',0,11,6,'06962474111'),
	 ('2024-12-05',0,14,9,'78204265715'),
	 ('2024-12-06',0,1,1,'14735683652'),
	 ('2024-12-06',0,2,1,'14735683652'),
	 ('2024-12-06',0,2,5,'64694219136'),
	 ('2024-12-06',0,3,15,'45584340867'),
	 ('2024-12-06',0,4,15,'45584340867'),
	 ('2024-12-06',0,5,12,'61710413633'),
	 ('2024-12-06',0,7,5,'64694219136'),
	 ('2024-12-06',0,9,12,'61710413633'),
	 ('2024-12-06',0,11,1,'14735683652'),
	 ('2024-12-06',0,11,12,'61710413633'),
	 ('2024-12-06',0,14,15,'45584340867'),
	 ('2024-12-06',0,15,5,'64694219136'),
	 ('2024-12-07',0,6,13,'27831989869'),
	 ('2024-12-07',0,11,13,'27831989869'),
	 ('2024-12-07',0,12,13,'27831989869'),
	 ('2024-12-08',0,2,1,'69606750259'),
	 ('2024-12-08',0,10,1,'69606750259'),
	 ('2024-12-08',0,11,1,'69606750259'),
	 ('2024-12-10',0,0,1,'35992536483'),
	 ('2024-12-10',0,4,1,'35992536483'),
	 ('2024-12-10',0,6,14,'32787531790'),
	 ('2024-12-10',0,10,14,'32787531790'),
	 ('2024-12-10',0,11,1,'35992536483'),
	 ('2024-12-10',0,15,14,'32787531790'),
	 ('2024-12-13',0,5,1,'05469513410'),
	 ('2024-12-13',0,10,1,'05469513410'),
	 ('2024-12-13',0,14,1,'05469513410'),
	 ('2024-12-14',0,0,16,'64471128990'),
	 ('2024-12-14',1,0,8,'84154204515'),
	 ('2024-12-14',0,1,16,'64471128990'),
	 ('2024-12-14',0,3,5,'02881891722'),
	 ('2024-12-14',0,7,5,'02881891722'),
	 ('2024-12-14',0,12,5,'02881891722'),
	 ('2024-12-14',0,14,16,'64471128990'),
	 ('2024-12-14',1,15,8,'84154204515'),
	 ('2024-12-17',0,2,10,'60148009591'),
	 ('2024-12-17',0,6,10,'60148009591'),
	 ('2024-12-17',0,10,8,'90544543752'),
	 ('2024-12-17',0,11,8,'90544543752'),
	 ('2024-12-17',0,13,8,'90544543752'),
	 ('2024-12-18',0,1,15,'88549333356'),
	 ('2024-12-18',0,9,15,'88549333356'),
	 ('2024-12-18',0,11,13,'31532004501'),
	 ('2024-12-18',0,12,13,'31532004501'),
	 ('2024-12-18',0,13,13,'31532004501'),
	 ('2024-12-18',0,14,15,'88549333356'),
	 ('2024-12-20',0,6,7,'44304014611'),
	 ('2024-12-20',0,11,7,'44304014611'),
	 ('2024-12-21',0,8,15,'81532124605'),
	 ('2024-12-21',0,15,15,'81532124605'),
	 ('2024-12-22',0,0,2,'64471128990'),
	 ('2024-12-22',0,14,2,'64471128990'),
	 ('2024-12-23',0,2,4,'46611582644'),
	 ('2024-12-23',0,2,11,'91951557610'),
	 ('2024-12-23',0,6,11,'91951557610'),
	 ('2024-12-23',0,8,4,'46611582644'),
	 ('2024-12-23',0,9,11,'91951557610'),
	 ('2024-12-23',0,11,3,'07231828007'),
	 ('2024-12-23',0,12,3,'07231828007'),
	 ('2024-12-23',0,13,3,'07231828007'),
	 ('2024-12-23',0,13,4,'46611582644'),
	 ('2024-12-24',0,4,5,'64632759079'),
	 ('2024-12-24',0,7,5,'64632759079'),
	 ('2024-12-24',0,8,5,'64632759079'),
	 ('2024-12-24',0,8,11,'80269687161'),
	 ('2024-12-24',0,12,11,'80269687161'),
	 ('2024-12-24',0,14,11,'80269687161'),
	 ('2024-12-25',0,1,1,'60715956297'),
	 ('2024-12-25',0,3,14,'56108026118'),
	 ('2024-12-25',0,4,10,'17034986935'),
	 ('2024-12-25',0,5,1,'60715956297'),
	 ('2024-12-25',0,6,1,'60715956297'),
	 ('2024-12-25',0,7,10,'17034986935'),
	 ('2024-12-25',0,7,14,'56108026118'),
	 ('2024-12-25',0,10,14,'56108026118'),
	 ('2024-12-25',0,13,10,'17034986935'),
	 ('2024-12-26',1,1,2,'61482107951'),
	 ('2024-12-26',0,4,15,'57168870389'),
	 ('2024-12-26',1,4,2,'61482107951'),
	 ('2024-12-26',0,5,15,'57168870389'),
	 ('2024-12-26',0,9,15,'57168870389'),
	 ('2024-12-26',1,11,2,'61482107951'),
	 ('2024-12-28',0,2,4,'63996261183'),
	 ('2024-12-28',0,4,4,'63996261183');

INSERT INTO bsze3.topics (topic,subject_id) VALUES
	 ('Present simple',1),
	 ('Computing, input and output devices',1),
	 ('A munka törvénykönyve',2),
	 ('Félvezetők',3),
	 ('Alapfogalmak',3),
	 ('Neumann-elvek',4),
	 ('Cisco alapok',5),
	 ('IP címzés',5),
	 ('A számítógép szétszedése és összeszerelése',6),
	 ('HTML, CSS',7),
	 ('Python adatszerkezetek',8),
	 ('Python alapok- Űrlap',8),
	 ('Algoritmusok',9),
	 ('Bootstrap',10),
	 ('OOP',11),
	 ('Windows Forms',11),
	 ('CSS animations',12),
	 ('Accessibility',12),
	 ('Alapok',13),
	 ('DOM manipuláció',13),
	 ('Wordpress',14),
	 ('SQL alapok',15),
	 ('Összetett lekérdezések',15),
	 ('White/gray/black box testing',16),
	 ('Unit testing',16);

INSERT INTO bsze3.kahoot_tests (number_of_questions,started_at,subject_id,topic_id) VALUES
	 (5,'2024-06-27 15:45:00',3,4),
	 (49,'2024-03-07 17:00:00',2,3),
	 (47,'2024-12-10 07:30:00',12,17),
	 (61,'2024-10-10 20:45:00',1,2),
	 (32,'2024-05-25 19:30:00',7,10),
	 (34,'2024-02-13 11:30:00',7,10),
	 (39,'2024-09-24 09:45:00',16,24),
	 (61,'2024-06-19 16:15:00',10,14),
	 (8,'2024-12-12 11:00:00',1,2),
	 (58,'2024-12-26 16:00:00',14,21),
	 (55,'2024-10-27 13:30:00',15,22),
	 (41,'2024-08-08 15:15:00',8,11),
	 (35,'2024-01-11 20:45:00',8,11),
	 (64,'2024-01-19 08:00:00',11,16),
	 (39,'2024-08-23 07:45:00',4,6),
	 (45,'2024-12-14 17:30:00',15,23),
	 (53,'2024-08-17 20:30:00',11,16),
	 (28,'2024-10-04 09:30:00',9,13),
	 (24,'2024-06-03 07:30:00',11,16),
	 (11,'2024-05-08 08:15:00',11,16),
	 (57,'2024-09-25 14:15:00',9,13),
	 (52,'2024-10-08 16:30:00',10,14),
	 (90,'2024-06-04 13:00:00',8,12),
	 (12,'2024-09-11 13:15:00',6,9),
	 (39,'2024-03-04 18:15:00',12,18),
	 (33,'2024-02-24 17:45:00',2,3),
	 (59,'2024-03-04 07:00:00',13,20),
	 (34,'2024-06-11 10:30:00',16,25),
	 (42,'2024-04-15 12:30:00',2,3),
	 (94,'2024-07-08 08:00:00',3,5),
	 (11,'2024-08-28 15:30:00',15,22),
	 (17,'2024-05-25 09:30:00',11,15),
	 (31,'2024-08-11 07:00:00',4,6),
	 (17,'2024-11-23 10:00:00',6,9),
	 (5,'2024-08-13 12:45:00',13,20),
	 (63,'2024-09-28 20:00:00',14,21),
	 (16,'2024-02-09 20:45:00',7,10),
	 (236,'2024-08-25 13:15:00',3,4),
	 (44,'2024-03-20 09:15:00',16,24),
	 (18,'2024-05-01 12:30:00',14,21),
	 (23,'2024-09-17 18:00:00',1,1),
	 (56,'2024-09-09 09:15:00',11,16),
	 (36,'2024-07-11 11:00:00',9,13),
	 (110,'2024-05-15 09:30:00',6,9),
	 (32,'2024-08-27 14:30:00',12,18),
	 (11,'2024-10-22 10:00:00',13,20),
	 (19,'2024-11-07 17:45:00',2,3),
	 (50,'2024-04-10 13:45:00',13,20),
	 (51,'2024-07-06 11:45:00',5,8),
	 (36,'2024-01-09 11:45:00',1,1),
	 (27,'2024-01-14 08:45:00',14,21),
	 (53,'2024-10-15 18:00:00',10,14),
	 (51,'2024-06-20 19:00:00',11,15),
	 (80,'2024-02-11 16:15:00',14,21),
	 (54,'2024-02-18 08:00:00',7,10),
	 (34,'2024-12-14 11:00:00',4,6),
	 (45,'2024-09-12 11:00:00',3,4),
	 (58,'2024-12-09 07:30:00',7,10),
	 (41,'2024-09-12 15:15:00',4,6),
	 (34,'2024-02-15 12:30:00',16,24),
	 (45,'2024-06-13 14:00:00',3,4),
	 (215,'2024-12-19 18:30:00',12,17),
	 (52,'2024-04-21 20:30:00',3,5),
	 (54,'2024-12-06 12:00:00',15,23),
	 (21,'2024-08-14 16:45:00',12,18),
	 (74,'2024-02-02 13:15:00',5,7),
	 (41,'2024-05-10 19:45:00',8,11),
	 (21,'2024-03-26 16:15:00',6,9),
	 (54,'2024-10-05 18:30:00',2,3),
	 (51,'2024-01-19 17:30:00',12,18),
	 (27,'2024-09-16 09:30:00',1,2),
	 (9,'2024-10-13 15:15:00',8,11),
	 (15,'2024-02-20 18:15:00',16,25),
	 (44,'2024-03-04 09:00:00',2,3),
	 (44,'2024-06-21 20:15:00',2,3);

INSERT INTO bsze3.kahoot_test_results (score,number_of_failed_responses,place,student_id,kahoot_test_id) VALUES
	 (4212,0,1,'24341352367',1),
	 (35646,2,1,'20559867980',2),
	 (37783,1,1,'90427886063',3),
	 (46649,1,1,'64563729248',4),
	 (25441,0,1,'07439307150',5),
	 (26588,0,1,'14674578557',6),
	 (29557,1,1,'58730751375',7),
	 (45507,3,1,'53454289204',8),
	 (5937,0,1,'91788335614',9),
	 (46132,0,1,'92388962418',10),
	 (41843,1,1,'65045960241',11),
	 (30887,2,1,'75349419679',12),
	 (27641,0,1,'75835056316',13),
	 (49534,3,1,'21737244145',14),
	 (26469,7,1,'24728213091',15),
	 (32974,4,1,'35295677760',16),
	 (41827,1,1,'56493082204',17),
	 (21243,2,1,'44532563434',18),
	 (19079,1,1,'12678974107',19),
	 (8607,0,1,'72381371935',20),
	 (43597,1,1,'92799638839',21),
	 (38560,2,1,'46611582644',22),
	 (67400,2,1,'68855275675',23),
	 (10182,0,1,'43183270005',24),
	 (29602,0,1,'73231801482',25),
	 (25470,0,1,'58111280669',26),
	 (43064,3,1,'07231828007',27),
	 (26492,0,1,'20559867980',28),
	 (32514,0,1,'09103781439',29),
	 (71726,0,1,'21783906804',30),
	 (8806,0,1,'38740091214',31),
	 (13840,0,1,'58730751375',32),
	 (23687,1,1,'56493082204',33),
	 (13348,0,1,'08642200163',34),
	 (4210,0,1,'09659144390',35),
	 (47202,2,1,'32787531790',36),
	 (12196,1,1,'14229970948',37),
	 (173465,10,1,'89647339254',38),
	 (33827,1,1,'11962790867',39),
	 (13773,0,1,'31334658562',40),
	 (18242,0,1,'92388962418',41),
	 (41942,2,1,'34519047121',42),
	 (26933,1,1,'44304014611',43),
	 (85301,0,1,'14735683652',44),
	 (22143,3,1,'29829251519',45),
	 (8166,0,1,'74024270999',46),
	 (15073,0,1,'26222584584',47),
	 (38235,1,1,'84789812534',48),
	 (37137,5,1,'04787110801',49),
	 (28686,0,1,'95789434059',50),
	 (20534,1,1,'79424575754',51),
	 (40727,2,1,'95251865420',52),
	 (38216,2,1,'24101488897',53),
	 (61044,2,1,'32970293750',54),
	 (43321,0,1,'08408551342',55),
	 (26353,0,1,'62557612265',56),
	 (35476,0,1,'92799638839',57),
	 (44346,0,1,'46611582644',58),
	 (32247,0,1,'94391849600',59),
	 (25074,1,1,'32141498368',60),
	 (35227,1,1,'90965848321',61),
	 (158365,14,1,'65246225270',62),
	 (40725,0,1,'57168870389',63),
	 (44700,0,1,'27956586401',64),
	 (15685,1,1,'96247578890',65),
	 (56549,2,1,'06523405594',66),
	 (29099,3,1,'08546264050',67),
	 (16336,0,1,'16123837065',68),
	 (41614,0,1,'68855275675',69),
	 (37698,2,1,'52593162540',70),
	 (19190,2,1,'85103004268',71),
	 (7324,0,1,'21257928429',72),
	 (12235,0,1,'64458587025',73),
	 (35396,0,1,'50728197047',74),
	 (32298,3,1,'87587933669',75),
	 (3895,0,2,'22216779509',1),
	 (35611,2,2,'65104522615',2),
	 (35427,0,2,'87587933669',3),
	 (45469,3,2,'73595595249',4),
	 (25432,0,2,'62359984238',5),
	 (25381,2,2,'17951957771',6),
	 (27999,3,2,'45342165526',7),
	 (42763,7,2,'75349419679',8),
	 (5789,0,2,'31679759461',9),
	 (45223,0,2,'28860772200',10),
	 (41656,1,2,'09842199930',11),
	 (29341,3,2,'43950822199',12),
	 (23792,4,2,'14229970948',13),
	 (48852,1,2,'64563729248',14),
	 (26032,6,2,'01792532068',15),
	 (30264,5,2,'27831989869',16),
	 (39935,1,2,'41243450595',17),
	 (20401,1,2,'53454289204',18),
	 (18734,1,2,'47147250536',19),
	 (8276,0,2,'07231828007',20),
	 (42952,2,2,'24393969108',21),
	 (37559,5,2,'09252674431',22),
	 (62905,10,2,'71823111528',23),
	 (9500,0,2,'14674578557',24),
	 (29386,2,2,'57168870389',25),
	 (23917,2,2,'65246225270',26),
	 (41621,4,2,'16788776889',27),
	 (26005,1,2,'09067876021',28),
	 (32033,1,2,'64563729248',29),
	 (71053,2,2,'32223224403',30),
	 (8565,0,2,'91951557610',31),
	 (13535,0,2,'56493082204',32),
	 (23418,0,2,'98442863321',33),
	 (12931,0,2,'20858714062',34),
	 (4004,0,2,'45342165526',35),
	 (44487,7,2,'75835056316',36),
	 (11820,1,2,'13955119314',37),
	 (171605,15,2,'54444744881',38),
	 (31849,4,2,'73231801482',39),
	 (13637,0,2,'90544543752',40),
	 (17101,1,2,'31532004501',41),
	 (41462,2,2,'35992536483',42),
	 (25536,4,2,'25428097043',43),
	 (80842,6,2,'31532004501',44),
	 (21340,5,2,'84408911752',45),
	 (7839,1,2,'64429481554',46),
	 (13701,2,2,'45042098931',47),
	 (36810,1,2,'97766754022',48),
	 (30758,12,2,'87587933669',49),
	 (28611,0,2,'31872687857',50),
	 (20525,2,2,'52593162540',51),
	 (39640,2,2,'97766754022',52),
	 (32274,9,2,'67105094210',53),
	 (60602,2,2,'60200112736',54),
	 (43262,0,2,'14087542556',55),
	 (24501,3,2,'65045960241',56),
	 (35440,0,2,'08546264050',57),
	 (43705,2,2,'84785347969',58),
	 (30964,0,2,'40825001571',59),
	 (22034,4,2,'65726202777',60),
	 (32390,3,2,'05089891441',61),
	 (157971,11,2,'46624031437',62),
	 (37881,4,2,'12346466261',63),
	 (41259,0,2,'21737244145',64),
	 (15398,1,2,'04787110801',65),
	 (52152,9,2,'02409986414',66),
	 (27460,5,2,'40825001571',67),
	 (15041,1,2,'34954677327',68),
	 (32562,12,2,'07231828007',69),
	 (34318,6,2,'41751788791',70),
	 (17207,6,2,'64344449801',71),
	 (7048,0,2,'09659144390',72),
	 (11979,0,2,'16123837065',73),
	 (33581,0,2,'79433850706',74),
	 (31875,3,2,'01265247113',75),
	 (3850,0,3,'95754720379',1),
	 (32170,7,3,'55670083503',2),
	 (33241,5,3,'31334658562',3),
	 (44637,4,3,'36776910863',4),
	 (24870,0,3,'80269687161',5),
	 (20747,8,3,'45042098931',6),
	 (26054,7,3,'13955119314',7),
	 (38250,12,3,'44532563434',8),
	 (5306,1,3,'53454289204',9),
	 (44318,0,3,'71823111528',10),
	 (41120,2,3,'71267231159',11),
	 (28149,5,3,'08642200163',12),
	 (23135,6,3,'29829251519',13),
	 (43419,9,3,'84785347969',14),
	 (24963,7,3,'91788335614',15),
	 (29261,6,3,'57249720991',16),
	 (38746,4,3,'25428097043',17),
	 (20052,1,3,'24513514216',18),
	 (17208,2,3,'02881891722',19),
	 (8009,1,3,'64694219136',20),
	 (42524,1,3,'43742434302',21),
	 (36837,5,3,'43742434302',22),
	 (62188,10,3,'54444744881',23),
	 (9229,0,3,'24513514216',24),
	 (27965,1,3,'01265247113',25),
	 (23554,2,3,'27831989869',26),
	 (41054,5,3,'20172253094',27),
	 (20827,7,3,'24393969108',28),
	 (31888,2,3,'53491779515',29),
	 (70817,4,3,'71267231159',30),
	 (8239,0,3,'61482107951',31),
	 (12240,1,3,'98765981124',32),
	 (22742,1,3,'29829251519',33),
	 (11975,2,3,'01792532068',34),
	 (3971,0,3,'31872687857',35),
	 (43763,5,3,'06066945438',36),
	 (11614,1,3,'59885136610',37),
	 (152430,38,3,'16788776889',38),
	 (31123,4,3,'97766754022',39),
	 (13052,1,3,'62446775808',40),
	 (16596,2,3,'89821355437',41),
	 (37406,7,3,'09252674431',42),
	 (25265,4,3,'41565468954',43),
	 (79871,5,3,'05469513410',44),
	 (19001,7,3,'94180116196',45),
	 (7829,1,3,'76431120318',46),
	 (13498,2,3,'88266193612',47),
	 (33656,8,3,'24341352367',48),
	 (29977,13,3,'95251865420',49),
	 (27232,1,3,'05089891441',50),
	 (20224,1,3,'07439307150',51),
	 (39522,0,3,'47663389037',52),
	 (30955,12,3,'14735683652',53),
	 (59451,1,3,'40726092721',54),
	 (41208,0,3,'31679759461',55),
	 (23188,4,3,'97766754022',56),
	 (32887,3,3,'21737244145',57),
	 (39570,8,3,'55670083503',58),
	 (30656,1,3,'64458587025',59),
	 (19432,9,3,'30663408624',60),
	 (29573,6,3,'69606750259',61),
	 (157676,11,3,'27831989869',62),
	 (35208,7,3,'60200112736',63),
	 (39962,1,3,'64563729248',64),
	 (13294,3,3,'01265247113',65),
	 (48994,10,3,'67105094210',66),
	 (26362,8,3,'65365309683',67),
	 (14181,4,3,'76948060150',68),
	 (31887,11,3,'10720885907',69),
	 (33169,9,3,'96822550538',70),
	 (16792,6,3,'65726202777',71),
	 (6050,1,3,'19923928965',72),
	 (11534,0,3,'65104522615',73),
	 (29638,6,3,'21737244145',74),
	 (29507,7,3,'57168870389',75),
	 (3148,1,4,'32223224403',1),
	 (31814,7,4,'83227977470',2),
	 (31897,6,4,'12346466261',3),
	 (43813,4,4,'79522620556',4),
	 (24388,0,4,'41751788791',5),
	 (20418,7,4,'87061732290',6),
	 (24332,6,4,'56493082204',7),
	 (35763,14,4,'17034986935',8),
	 (5178,1,4,'38764382864',9),
	 (43158,3,4,'62656854883',10),
	 (39481,5,4,'84900355226',11),
	 (26102,9,4,'61710413633',12),
	 (22687,5,4,'64471128990',13),
	 (41728,10,4,'09252674431',14),
	 (23967,8,4,'52462956406',15),
	 (26006,11,4,'79122730934',16),
	 (38265,4,4,'57223912030',17),
	 (19972,1,4,'17034986935',18),
	 (16889,1,4,'13955119314',19),
	 (7924,0,4,'24101488897',20),
	 (40512,4,4,'96719912081',21),
	 (34996,5,4,'94022970343',22),
	 (60368,12,4,'67105094210',23),
	 (8749,0,4,'59610641761',24),
	 (27267,4,4,'31334658562',25),
	 (21460,6,4,'07439307150',26),
	 (39607,7,4,'02409986414',27),
	 (20824,9,4,'64563729248',28),
	 (31271,1,4,'34519047121',29),
	 (69803,3,4,'90544543752',30),
	 (7766,1,4,'58098773221',31),
	 (10333,4,4,'75835056316',32),
	 (16178,10,4,'25428097043',33),
	 (11699,2,4,'14087542556',34),
	 (3925,0,4,'14229970948',35),
	 (42513,9,4,'95789434059',36),
	 (11169,1,4,'69606750259',37),
	 (130943,69,4,'31532004501',38),
	 (30212,4,4,'40726092721',39),
	 (12827,2,4,'87587933669',40),
	 (16545,1,4,'89647339254',41),
	 (36480,9,4,'21737244145',42),
	 (23836,5,4,'95733152893',43),
	 (73931,16,4,'53718311094',44),
	 (17021,11,4,'75835056316',45),
	 (7821,1,4,'68096252401',46),
	 (12745,3,4,'57532815130',47),
	 (32463,8,4,'11962790867',48),
	 (29829,11,4,'40726092721',49),
	 (27150,1,4,'90965848321',50),
	 (18588,3,4,'69330123247',51),
	 (35629,6,4,'32223224403',52),
	 (29039,13,4,'02409986414',53),
	 (57888,6,4,'96247578890',54),
	 (40021,1,4,'20858714062',55),
	 (22885,4,4,'95251865420',56),
	 (32577,2,4,'34519047121',57),
	 (38339,9,4,'79433850706',58),
	 (28324,4,4,'16123837065',59),
	 (19398,10,4,'53732444593',60),
	 (28258,7,4,'31872687857',61),
	 (151923,17,4,'04973896544',62),
	 (35031,6,4,'40726092721',63),
	 (38969,5,4,'65104522615',64),
	 (12974,4,4,'22216779509',65),
	 (47709,11,4,'82896307325',66),
	 (25452,9,4,'46611582644',67),
	 (13641,3,4,'64563729248',68),
	 (31466,15,4,'72381371935',69),
	 (32049,9,4,'91951557610',70),
	 (13077,10,4,'41751788791',71),
	 (5733,1,4,'56493082204',72),
	 (10951,1,4,'64563729248',73),
	 (24732,12,4,'20559867980',74),
	 (29501,6,4,'62446775808',75),
	 (3074,1,5,'71267231159',1),
	 (30524,9,5,'27956586401',2),
	 (31460,6,5,'83921388465',3),
	 (40892,9,5,'53491779515',4),
	 (21802,4,5,'65726202777',5),
	 (19516,9,5,'54359768968',6),
	 (23710,9,5,'69606750259',7),
	 (33441,17,5,'24728213091',8),
	 (4841,2,5,'60715956297',9),
	 (40567,4,5,'20172253094',10),
	 (37567,6,5,'60200112736',11),
	 (25919,7,5,'54359768968',12),
	 (21419,8,5,'98765981124',13),
	 (39663,13,5,'08546264050',14),
	 (23862,8,5,'03836985025',15),
	 (19633,19,5,'79424575754',16),
	 (38193,4,5,'32787531790',17),
	 (19913,4,5,'08642200163',18),
	 (16805,3,5,'69606750259',19),
	 (7815,1,5,'28860772200',20),
	 (39913,6,5,'08546264050',21),
	 (31811,13,5,'24393969108',22),
	 (55111,20,5,'86180692739',23),
	 (7559,2,5,'38764382864',24),
	 (26756,4,5,'62446775808',25),
	 (20967,7,5,'84154204515',26),
	 (39075,9,5,'88644771238',27),
	 (20753,7,5,'79522620556',28),
	 (29148,5,5,'35992536483',29),
	 (67499,7,5,'24341352367',30),
	 (7457,1,5,'27831989869',31),
	 (9988,4,5,'14229970948',32),
	 (15149,11,5,'84408911752',33),
	 (10533,3,5,'17707391832',34),
	 (3852,0,5,'28792664137',35),
	 (40932,9,5,'05089891441',36),
	 (10348,3,5,'29829251519',37),
	 (128810,69,5,'86419684507',38),
	 (28625,8,5,'51900409814',39),
	 (12531,2,5,'83921388465',40),
	 (15686,4,5,'56108026118',41),
	 (36037,10,5,'96719912081',42),
	 (22607,8,5,'47147250536',43),
	 (67653,23,5,'54444744881',44),
	 (16450,11,5,'57223912030',45),
	 (7660,1,5,'54359768968',46),
	 (12426,4,5,'24513514216',47),
	 (28479,13,5,'47663389037',48),
	 (28906,14,5,'62557612265',49),
	 (26292,2,5,'28792664137',50),
	 (17755,4,5,'35295677760',51),
	 (30079,15,5,'06962474111',52),
	 (27258,16,5,'16788776889',53),
	 (52902,11,5,'90427886063',54),
	 (38333,4,5,'43183270005',55),
	 (21908,5,5,'32970293750',56),
	 (31812,4,5,'83227977470',57),
	 (38007,10,5,'09252674431',58),
	 (26167,6,5,'24393969108',59),
	 (18666,10,5,'05925042708',60),
	 (25262,13,5,'17198233056',61),
	 (148487,23,5,'58111280669',62),
	 (30415,12,5,'95754720379',63),
	 (37250,6,5,'05927029466',64),
	 (12625,5,5,'90427886063',65),
	 (47530,13,5,'10720885907',66),
	 (22224,13,5,'64563729248',67),
	 (11368,6,5,'46611582644',68),
	 (28686,17,5,'56108026118',69),
	 (31849,10,5,'69330123247',70),
	 (11815,11,5,'96822550538',71),
	 (5702,2,5,'25428097043',72),
	 (10750,1,5,'94391849600',73),
	 (24594,11,5,'27956586401',74),
	 (29232,7,5,'90427886063',75),
	 (2875,1,6,'12346466261',1),
	 (30072,11,6,'64458587025',2),
	 (30494,8,6,'09842199930',3),
	 (40494,9,6,'34954677327',4),
	 (20728,6,6,'97481127987',5),
	 (19123,9,6,'74024270999',6),
	 (23010,10,6,'32787531790',7),
	 (31138,22,6,'14674578557',8),
	 (4569,2,6,'54359768968',9),
	 (34452,14,6,'64694219136',10),
	 (37229,7,6,'32970293750',11),
	 (24961,10,6,'08408551342',12),
	 (21372,9,6,'95733152893',13),
	 (39647,13,6,'05927029466',14),
	 (23310,9,6,'68096252401',15),
	 (19476,20,6,'61482107951',16),
	 (38076,4,6,'84408911752',17),
	 (19865,2,6,'03836985025',18),
	 (16797,3,6,'41565468954',19),
	 (6410,3,6,'62656854883',20),
	 (36868,11,6,'79522620556',21),
	 (31189,13,6,'96719912081',22),
	 (46824,31,6,'28860772200',23),
	 (7482,2,6,'52330144383',24),
	 (26376,5,6,'47663389037',25),
	 (18485,9,6,'32141498368',26),
	 (35604,14,6,'31532004501',27),
	 (20058,8,6,'11795968696',28),
	 (29032,4,6,'76948060150',29),
	 (64413,12,6,'22216779509',30),
	 (6906,1,6,'62359984238',31),
	 (9128,5,6,'32787531790',32),
	 (15063,12,6,'47147250536',33),
	 (10424,3,6,'43183270005',34),
	 (3626,0,6,'75835056316',35),
	 (38504,14,6,'84408911752',36),
	 (9657,4,6,'57223912030',37),
	 (124481,75,6,'10133506019',38),
	 (26722,10,6,'60200112736',39),
	 (11512,3,6,'84789812534',40),
	 (15355,3,6,'88644771238',41),
	 (35583,10,6,'76948060150',42),
	 (21633,8,6,'06066945438',43),
	 (60991,31,6,'09766695951',44),
	 (15692,12,6,'56493082204',45),
	 (7411,2,6,'45042098931',46),
	 (12290,3,6,'75349419679',47),
	 (27112,15,6,'09842199930',48),
	 (27529,14,6,'24341352367',49),
	 (24962,4,6,'32787531790',50),
	 (16697,6,6,'91951557610',51),
	 (27705,17,6,'62557612265',52),
	 (27049,17,6,'47106973485',53),
	 (50659,13,6,'07046021785',54),
	 (35953,8,6,'17034986935',55),
	 (21257,7,6,'96247578890',56),
	 (29666,7,6,'79433850706',57),
	 (36069,10,6,'27956586401',58),
	 (24381,9,6,'27956586401',59),
	 (17651,12,6,'46262685509',60),
	 (24996,13,6,'14229970948',61),
	 (132778,46,6,'30663408624',62),
	 (29061,15,6,'53037641837',63),
	 (34433,10,6,'65365309683',64),
	 (11934,6,6,'83921388465',65),
	 (46132,15,6,'64694219136',66),
	 (22218,12,6,'36776910863',67),
	 (10083,8,6,'96719912081',68),
	 (25921,22,6,'28860772200',69),
	 (31288,12,6,'65246225270',70),
	 (11147,13,6,'53732444593',71),
	 (5442,2,6,'75835056316',72),
	 (10449,1,6,'20559867980',73),
	 (21951,15,6,'36776910863',74),
	 (28996,7,6,'81532124605',75),
	 (2850,1,7,'21783906804',1),
	 (28744,12,7,'79522620556',2),
	 (30117,9,7,'00274830455',3),
	 (38828,11,7,'08546264050',4),
	 (20153,6,7,'91951557610',5),
	 (18791,10,7,'26222584584',6),
	 (21898,11,7,'21257928429',7),
	 (30698,20,7,'54359768968',8),
	 (4525,2,7,'24728213091',9),
	 (34263,13,7,'02409986414',10),
	 (35874,9,7,'51900409814',11),
	 (24646,9,7,'60715956297',12),
	 (20957,8,7,'90965848321',13),
	 (38648,14,7,'02430851118',14),
	 (22535,9,7,'75349419679',15),
	 (13853,27,7,'85103004268',16),
	 (37598,5,7,'90965848321',17),
	 (19297,3,7,'52462956406',18),
	 (16054,5,7,'94180116196',19),
	 (5340,4,7,'58733768944',20),
	 (33655,14,7,'94022970343',21),
	 (27076,15,7,'79522620556',22),
	 (45650,31,7,'31532004501',23),
	 (7263,3,7,'24728213091',24),
	 (25568,6,7,'71267231159',25),
	 (17446,11,7,'80309999964',26),
	 (32934,16,7,'28860772200',27),
	 (19867,8,7,'65365309683',28),
	 (28567,5,7,'27956586401',29),
	 (57552,19,7,'40726092721',30),
	 (6672,2,7,'57249720991',31),
	 (8043,6,7,'02881891722',32),
	 (12964,15,7,'41243450595',33),
	 (9390,5,7,'24728213091',34),
	 (3294,1,7,'41243450595',35),
	 (36888,16,7,'12049197584',36),
	 (9631,4,7,'06066945438',37),
	 (122298,78,7,'09123941774',38),
	 (26250,11,7,'62557612265',39),
	 (11475,4,7,'60148009591',40),
	 (13613,4,7,'14735683652',41),
	 (32568,13,7,'16123837065',42),
	 (20306,10,7,'57223912030',43),
	 (58262,34,7,'62656854883',44),
	 (15502,13,7,'58730751375',45),
	 (7406,2,7,'91788335614',46),
	 (12105,4,7,'78204265715',47),
	 (27047,15,7,'00274830455',48),
	 (27518,16,7,'96247578890',49),
	 (23149,6,7,'94679922593',50),
	 (15822,6,7,'85103004268',51),
	 (27594,17,7,'71267231159',52),
	 (25013,19,7,'68855275675',53),
	 (47626,19,7,'87587933669',54),
	 (35167,9,7,'68096252401',55),
	 (20570,8,7,'60148009591',56),
	 (28862,9,7,'09252674431',57),
	 (36022,13,7,'02430851118',58),
	 (22934,12,7,'05927029466',59),
	 (16898,12,7,'35295677760',60),
	 (24624,12,7,'64471128990',61),
	 (127997,50,7,'45688062825',62),
	 (29030,14,7,'01265247113',63),
	 (30508,15,7,'09103781439',64),
	 (10089,8,7,'28960388271',65),
	 (43801,16,7,'05469513410',66),
	 (21638,12,7,'27956586401',67),
	 (9391,9,7,'92799638839',68),
	 (23473,25,7,'47106973485',69),
	 (30371,10,7,'46262685509',70),
	 (10652,14,7,'05925042708',71),
	 (4651,3,7,'12678974107',72),
	 (9306,3,7,'09103781439',73),
	 (20648,17,7,'09067876021',74),
	 (28392,7,7,'11962790867',75),
	 (2550,2,8,'84900355226',1),
	 (27366,13,8,'94391849600',2),
	 (24970,16,8,'95251865420',3),
	 (38790,11,8,'40665059662',4),
	 (19797,6,8,'45688062825',5),
	 (17122,11,8,'24728213091',6),
	 (20763,13,8,'12678974107',7),
	 (23815,31,8,'38764382864',8),
	 (4360,2,8,'45042098931',9),
	 (31415,17,8,'10133506019',10),
	 (33678,11,8,'95251865420',11),
	 (23011,11,8,'44532563434',12),
	 (20056,9,8,'84408911752',13),
	 (38248,15,8,'84477975256',14),
	 (21625,12,8,'43183270005',15),
	 (13838,27,8,'45688062825',16),
	 (34834,7,8,'59885136610',17),
	 (16885,5,8,'45042098931',18),
	 (15950,4,8,'95733152893',19),
	 (5070,4,8,'10720885907',20),
	 (31205,16,8,'35992536483',21),
	 (26874,17,8,'02430851118',22),
	 (45574,32,8,'86419684507',23),
	 (7056,3,8,'31679759461',24),
	 (22397,10,8,'65045960241',25),
	 (16669,11,8,'46262685509',26),
	 (32638,17,8,'71002982790',27),
	 (18142,11,8,'35992536483',28),
	 (27844,6,8,'64458587025',29),
	 (55750,21,8,'62446775808',30),
	 (6666,3,8,'80309999964',31),
	 (7982,7,8,'57223912030',32),
	 (12875,14,8,'12049197584',33),
	 (8578,6,8,'78204265715',34),
	 (3028,1,8,'64471128990',35),
	 (36505,16,8,'49506615143',36),
	 (9008,4,8,'28792664137',37),
	 (119703,83,8,'89821355437',38),
	 (23365,14,8,'32223224403',39),
	 (9234,6,8,'22216779509',40),
	 (13390,6,8,'10133506019',41),
	 (28776,19,8,'40665059662',42),
	 (19095,11,8,'32787531790',43),
	 (55473,37,8,'71823111528',44),
	 (14619,12,8,'02881891722',45),
	 (7053,2,8,'51008179761',46),
	 (11635,4,8,'60715956297',47),
	 (26720,16,8,'84900355226',48),
	 (27237,14,8,'22839562594',49),
	 (21577,8,8,'98442863321',50),
	 (15320,7,8,'46624031437',51),
	 (21698,25,8,'84789812534',52),
	 (21735,23,8,'64632759079',53),
	 (44168,25,8,'28960388271',54),
	 (34148,10,8,'87061732290',55),
	 (19869,8,8,'24341352367',56),
	 (26416,12,8,'11795968696',57),
	 (35662,11,8,'94022970343',58),
	 (18535,18,8,'11795968696',59),
	 (16496,13,8,'61482107951',60),
	 (23256,14,8,'28792664137',61),
	 (127252,52,8,'58507214561',62),
	 (26286,17,8,'84900355226',63),
	 (30174,15,8,'43742434302',64),
	 (10070,8,8,'21783906804',65),
	 (42688,19,8,'07231828007',66),
	 (20774,14,8,'09252674431',67),
	 (9140,9,8,'50728197047',68),
	 (23205,23,8,'31532004501',69),
	 (29984,11,8,'32141498368',70),
	 (10249,14,8,'46624031437',71),
	 (4649,3,8,'94679922593',72),
	 (9286,3,8,'09252674431',73),
	 (15150,25,8,'65365309683',74),
	 (20942,16,8,'84789812534',75),
	 (2208,2,9,'95251865420',1),
	 (25056,17,9,'21737244145',2),
	 (20297,21,9,'57168870389',3),
	 (35530,15,9,'20559867980',4),
	 (19450,7,9,'69330123247',5),
	 (15338,14,9,'08642200163',6),
	 (14750,19,9,'39912986227',7),
	 (22235,33,9,'76431120318',8),
	 (4313,2,9,'78204265715',9),
	 (31099,18,9,'58733768944',10),
	 (30668,14,9,'07046021785',11),
	 (22505,11,9,'17034986935',12),
	 (18820,11,9,'12678974107',13),
	 (36960,16,9,'36499010360',14),
	 (16559,18,9,'60715956297',15),
	 (11618,31,9,'32141498368',16),
	 (31910,11,9,'58730751375',17),
	 (16157,8,9,'87061732290',18),
	 (15698,4,9,'41243450595',19),
	 (4154,6,9,'82896307325',20),
	 (31050,16,9,'64458587025',21),
	 (25891,18,9,'84477975256',22),
	 (44678,31,9,'89821355437',23),
	 (6708,3,9,'08408551342',24),
	 (21621,11,9,'11962790867',25),
	 (15055,14,9,'58098773221',26),
	 (31815,17,9,'89647339254',27),
	 (18030,10,9,'64458587025',28),
	 (27100,7,9,'43742434302',29),
	 (55453,23,9,'12346466261',30),
	 (6230,3,9,'69330123247',31),
	 (7934,7,9,'31872687857',32),
	 (12391,15,9,'90965848321',33),
	 (7768,6,9,'53454289204',34),
	 (3028,1,9,'59885136610',35),
	 (30293,23,9,'13955119314',36),
	 (8129,6,9,'98765981124',37),
	 (119146,82,9,'07231828007',38),
	 (23237,14,9,'87587933669',39),
	 (8354,7,9,'32223224403',40),
	 (12778,7,9,'67105094210',41),
	 (19562,30,9,'36776910863',42),
	 (16172,16,9,'09659144390',43),
	 (53290,38,9,'56108026118',44),
	 (12982,16,9,'25428097043',45),
	 (7005,2,9,'14674578557',46),
	 (11085,5,9,'48755077539',47),
	 (26687,16,9,'22216779509',48),
	 (25798,18,9,'97766754022',49),
	 (21536,9,9,'84408911752',50),
	 (12828,10,9,'65726202777',51),
	 (20072,27,9,'31334658562',52),
	 (21001,23,9,'64694219136',53),
	 (43745,24,9,'84900355226',54),
	 (30539,14,9,'17951957771',55),
	 (15440,14,9,'84900355226',56),
	 (23173,14,9,'46611582644',57),
	 (33414,14,9,'76948060150',58),
	 (18198,17,9,'79522620556',59),
	 (15231,14,9,'97481127987',60),
	 (18900,21,9,'44304014611',61),
	 (125203,52,9,'84154204515',62),
	 (25580,19,9,'28960388271',63),
	 (30117,16,9,'55670083503',64),
	 (9359,9,9,'57168870389',65),
	 (37054,25,9,'56108026118',66),
	 (20396,15,9,'09067876021',67),
	 (8618,10,9,'94391849600',68),
	 (23018,24,9,'73739497423',69),
	 (28889,14,9,'62359984238',70),
	 (10103,14,9,'65246225270',71),
	 (4526,3,9,'86318981352',72),
	 (9160,3,9,'24393969108',73),
	 (14167,25,9,'53491779515',74),
	 (20834,17,9,'90544543752',75),
	 (2201,2,10,'73231801482',1),
	 (23230,19,10,'92799638839',2),
	 (20238,21,10,'07046021785',3),
	 (35503,16,10,'43742434302',4),
	 (17967,8,10,'50398894528',5),
	 (14202,15,10,'68096252401',6),
	 (13042,21,10,'57223912030',7),
	 (22040,32,10,'52330144383',8),
	 (4298,2,10,'76431120318',9),
	 (22662,29,10,'31532004501',10),
	 (28231,19,10,'73231801482',11),
	 (17320,19,10,'03836985025',12),
	 (18763,11,10,'05089891441',13),
	 (33181,20,10,'20559867980',14),
	 (15799,18,10,'17034986935',15),
	 (10096,32,10,'96822550538',16),
	 (27133,18,10,'05089891441',17),
	 (14415,9,10,'54359768968',18),
	 (15250,4,10,'84408911752',19),
	 (4075,6,10,'09766695951',20),
	 (31042,19,10,'65365309683',21),
	 (16799,31,10,'09067876021',22),
	 (43379,34,10,'62656854883',23),
	 (6468,3,10,'43950822199',24),
	 (19483,13,10,'09842199930',25),
	 (13880,15,10,'79122730934',26),
	 (28996,22,10,'47106973485',27),
	 (16708,12,10,'08546264050',28),
	 (26565,8,10,'40665059662',29),
	 (46817,35,10,'97766754022',30),
	 (5682,3,10,'96822550538',31),
	 (6727,8,10,'25428097043',32),
	 (11998,16,10,'69606750259',33),
	 (6334,9,10,'75349419679',34),
	 (2855,1,10,'86318981352',35),
	 (22284,34,10,'95733152893',36),
	 (7717,6,10,'41243450595',37),
	 (114478,89,10,'67105094210',38),
	 (20622,16,10,'31334658562',39),
	 (7734,8,10,'90427886063',40),
	 (12470,7,10,'73739497423',41),
	 (17421,33,10,'94022970343',42),
	 (13597,19,10,'02881891722',43),
	 (51096,44,10,'07231828007',44),
	 (11205,17,10,'44304014611',45),
	 (6259,3,10,'44532563434',46),
	 (9000,7,10,'10484664237',47),
	 (22269,22,10,'81532124605',48),
	 (24499,19,10,'00274830455',49),
	 (20207,10,10,'29829251519',50),
	 (10558,14,10,'53732444593',51),
	 (17420,30,10,'83921388465',52),
	 (20955,25,10,'20172253094',53),
	 (42269,24,10,'01265247113',54),
	 (27243,19,10,'01792532068',55),
	 (15357,15,10,'87587933669',56),
	 (17948,22,10,'84477975256',57),
	 (29495,19,10,'36499010360',58),
	 (15435,22,10,'08546264050',59),
	 (15006,15,10,'38740091214',60),
	 (16529,24,10,'75835056316',61),
	 (108964,75,10,'80309999964',62),
	 (25270,19,10,'60148009591',63),
	 (28394,16,10,'34954677327',64),
	 (8731,10,10,'51900409814',65),
	 (28876,38,10,'16788776889',66),
	 (14503,22,10,'02430851118',67),
	 (7777,11,10,'79522620556',68),
	 (22202,25,10,'64694219136',69),
	 (25816,17,10,'35295677760',70),
	 (9077,15,10,'80269687161',71),
	 (4130,4,10,'58730751375',72),
	 (9094,3,10,'79433850706',73),
	 (12479,28,10,'24393969108',74),
	 (17902,21,10,'06962474111',75),
	 (2036,2,11,'90544543752',1),
	 (22731,19,11,'11795968696',2),
	 (18217,23,11,'40726092721',3),
	 (30652,22,11,'09252674431',4),
	 (17857,8,11,'27831989869',5),
	 (13693,17,11,'20858714062',6),
	 (11951,24,11,'84408911752',7),
	 (18162,38,11,'31679759461',8),
	 (4047,3,11,'74024270999',9),
	 (22499,30,11,'63996261183',10),
	 (27211,20,11,'90544543752',11),
	 (17041,19,11,'17707391832',12),
	 (18638,11,11,'94180116196',13),
	 (29475,26,11,'65365309683',14),
	 (14965,21,11,'78204265715',15),
	 (9274,33,11,'53732444593',16),
	 (25845,20,11,'21257928429',17),
	 (12795,11,11,'38764382864',18),
	 (14193,6,11,'95789434059',19),
	 (3531,6,11,'47106973485',20),
	 (29289,19,11,'09103781439',21),
	 (14346,34,11,'40665059662',22),
	 (40790,36,11,'07231828007',23),
	 (5532,5,11,'60715956297',24),
	 (19316,14,11,'60200112736',25),
	 (11833,18,11,'32930751868',26),
	 (28377,23,11,'73739497423',27),
	 (15578,15,11,'36499010360',28),
	 (25844,9,11,'36499010360',29),
	 (40691,41,11,'22839562594',30),
	 (5310,4,11,'04973896544',31),
	 (5451,10,11,'13955119314',32),
	 (10944,16,11,'49506615143',33),
	 (6186,9,11,'45042098931',34),
	 (2789,1,11,'90965848321',35),
	 (22065,34,11,'31872687857',36),
	 (7521,7,11,'94180116196',37),
	 (97247,109,11,'68855275675',38),
	 (19691,19,11,'96247578890',39),
	 (6368,10,11,'96247578890',40),
	 (11011,8,11,'02409986414',41),
	 (14454,38,11,'53491779515',42),
	 (13128,19,11,'49506615143',43),
	 (49505,45,11,'71002982790',44),
	 (10458,18,11,'59885136610',45),
	 (5999,3,11,'52330144383',46),
	 (8652,7,11,'17707391832',47),
	 (20675,23,11,'06962474111',48),
	 (24455,21,11,'12346466261',49),
	 (19958,10,11,'94180116196',50),
	 (10100,14,11,'64344449801',51),
	 (14617,34,11,'32970293750',52),
	 (20073,25,11,'89821355437',53),
	 (41483,25,11,'04787110801',54),
	 (26179,20,11,'64429481554',55),
	 (13888,15,11,'95754720379',56),
	 (17073,22,11,'27956586401',57),
	 (28150,19,11,'84477975256',58),
	 (14346,22,11,'65104522615',59),
	 (10982,19,11,'58111280669',60),
	 (14818,26,11,'58730751375',61),
	 (105034,79,11,'64344449801',62),
	 (20273,27,11,'97766754022',63),
	 (26460,19,11,'20559867980',64),
	 (8679,10,11,'24341352367',65),
	 (28250,37,11,'45584340867',66),
	 (13351,23,11,'94022970343',67),
	 (7693,12,11,'24393969108',68),
	 (20346,27,11,'20172253094',69),
	 (22609,22,11,'65726202777',70),
	 (9046,15,11,'58098773221',71),
	 (3942,4,11,'06066945438',72),
	 (8292,5,11,'43742434302',73),
	 (12371,28,11,'40825001571',74),
	 (17758,21,11,'40726092721',75),
	 (1549,3,12,'57168870389',1),
	 (21540,21,12,'24393969108',2),
	 (17116,25,12,'32223224403',3),
	 (30321,23,12,'65365309683',4),
	 (17352,9,12,'53732444593',5),
	 (13371,17,12,'76431120318',6),
	 (11846,24,12,'06066945438',7),
	 (17513,40,12,'59610641761',8),
	 (3846,3,12,'10484664237',9),
	 (16957,36,12,'72381371935',10),
	 (13515,37,12,'96247578890',11),
	 (13282,25,12,'43183270005',12),
	 (18310,11,12,'28792664137',13),
	 (23245,34,12,'55670083503',14),
	 (14235,21,12,'14087542556',15),
	 (9106,33,12,'50398894528',16),
	 (23673,24,12,'06066945438',17),
	 (12352,12,12,'48755077539',18),
	 (12591,8,12,'90965848321',19),
	 (3479,6,12,'86180692739',20),
	 (26530,23,12,'55670083503',21),
	 (10952,38,12,'76948060150',22),
	 (37864,40,12,'10720885907',23),
	 (5477,5,12,'52462956406',24),
	 (16635,18,12,'97766754022',25),
	 (11801,18,12,'38740091214',26),
	 (27001,24,12,'92388962418',27),
	 (14188,16,12,'92799638839',28),
	 (23920,11,12,'08546264050',29),
	 (40408,43,12,'31334658562',30),
	 (5072,5,12,'41751788791',31),
	 (5211,10,12,'39912986227',32),
	 (10927,17,12,'64471128990',33),
	 (5815,9,12,'87061732290',34),
	 (2692,1,12,'06066945438',35),
	 (21522,36,12,'94679922593',36),
	 (7388,7,12,'45342165526',37),
	 (89503,120,12,'56108026118',38),
	 (15607,24,12,'01265247113',39),
	 (6240,10,12,'06962474111',40),
	 (9728,10,12,'62656854883',41),
	 (13549,38,12,'79433850706',42),
	 (12692,20,12,'13955119314',43),
	 (47857,48,12,'06523405594',44),
	 (10029,20,12,'95789434059',45),
	 (4964,5,12,'53454289204',46),
	 (7693,9,12,'74024270999',47),
	 (20384,24,12,'40726092721',48),
	 (22401,23,12,'31334658562',49),
	 (18724,12,12,'64471128990',50),
	 (7921,17,12,'02462202476',51),
	 (13434,36,12,'22216779509',52),
	 (17607,28,12,'10133506019',53),
	 (40596,26,12,'95251865420',54),
	 (25403,21,12,'88266193612',55),
	 (13561,17,12,'22839562594',56),
	 (16664,24,12,'16123837065',57),
	 (24484,26,12,'64458587025',58),
	 (11880,25,12,'20559867980',59),
	 (7746,24,12,'45688062825',60),
	 (13214,28,12,'25428097043',61),
	 (99934,85,12,'38740091214',62),
	 (20104,25,12,'84789812534',63),
	 (22341,25,12,'94391849600',64),
	 (8674,10,12,'07046021785',65),
	 (27733,38,12,'68855275675',66),
	 (13177,23,12,'09103781439',67),
	 (7239,12,12,'02430851118',68),
	 (14434,36,12,'09766695951',69),
	 (21341,24,12,'84154204515',70),
	 (8202,16,12,'35295677760',71),
	 (3743,4,12,'59885136610',72),
	 (8170,4,12,'83227977470',73),
	 (11689,29,12,'34519047121',74),
	 (15512,24,12,'83921388465',75),
	 (1535,3,13,'31334658562',1),
	 (16975,26,13,'02430851118',2),
	 (15350,27,13,'65045960241',3),
	 (24142,30,13,'65104522615',4),
	 (13433,14,13,'58507214561',5),
	 (13257,17,13,'78204265715',6),
	 (11521,24,13,'17198233056',7),
	 (16200,40,13,'26222584584',8),
	 (3768,3,13,'75349419679',9),
	 (16326,37,13,'89647339254',10),
	 (13412,38,13,'90427886063',11),
	 (12925,24,13,'91788335614',12),
	 (17781,13,13,'02881891722',13),
	 (18167,40,13,'64458587025',14),
	 (13207,22,13,'20858714062',15),
	 (7262,35,13,'32930751868',16),
	 (23501,23,13,'69606750259',17),
	 (11619,13,13,'74024270999',18),
	 (11398,9,13,'75835056316',19),
	 (3169,7,13,'53718311094',20),
	 (24253,27,13,'79433850706',21),
	 (10866,38,13,'64563729248',22),
	 (37570,41,13,'58733768944',23),
	 (5460,5,13,'44532563434',24),
	 (16026,18,13,'32970293750',25),
	 (11059,19,13,'35295677760',26),
	 (25935,26,13,'68855275675',27),
	 (13552,16,13,'02430851118',28),
	 (23205,11,13,'79522620556',29),
	 (37781,45,13,'00274830455',30),
	 (4802,5,13,'07439307150',31),
	 (5074,10,13,'41243450595',32),
	 (10748,17,13,'44304014611',33),
	 (5631,9,13,'17951957771',34),
	 (2490,1,13,'94180116196',35),
	 (20800,36,13,'41243450595',36),
	 (6551,7,13,'64471128990',37),
	 (84507,127,13,'64632759079',38),
	 (12970,27,13,'71267231159',39),
	 (6029,10,13,'01265247113',40),
	 (8886,12,13,'47106973485',41),
	 (13477,39,13,'84785347969',42),
	 (11497,21,13,'17198233056',43),
	 (45626,51,13,'10133506019',44),
	 (9336,20,13,'69606750259',45),
	 (4033,6,13,'43950822199',46),
	 (7074,10,13,'53454289204',47),
	 (19621,25,13,'73231801482',48),
	 (21139,24,13,'21783906804',49),
	 (17845,12,13,'69606750259',50),
	 (6846,18,13,'17956147941',51),
	 (13080,36,13,'11962790867',52),
	 (16360,29,13,'62656854883',53),
	 (36308,34,13,'11962790867',54),
	 (24756,21,13,'17707391832',55),
	 (12393,17,13,'73231801482',56),
	 (12817,28,13,'94022970343',57),
	 (19547,32,13,'65365309683',58),
	 (11587,26,13,'02430851118',59),
	 (7400,24,13,'79122730934',60),
	 (12855,29,13,'19923928965',61),
	 (88216,101,13,'61482107951',62),
	 (19416,28,13,'00274830455',63),
	 (21096,27,13,'50728197047',64),
	 (8497,11,13,'62557612265',65),
	 (27409,39,13,'47106973485',66),
	 (10166,28,13,'79433850706',67),
	 (6813,12,13,'84477975256',68),
	 (12268,38,13,'63996261183',69),
	 (20357,24,13,'85103004268',70),
	 (7696,16,13,'58111280669',71),
	 (2926,5,13,'94180116196',72),
	 (7712,5,13,'55670083503',73),
	 (11650,30,13,'64458587025',74),
	 (14658,25,13,'97766754022',75),
	 (1533,3,14,'96247578890',1),
	 (16785,27,14,'73595595249',2),
	 (14731,28,14,'95754720379',3),
	 (22483,32,14,'84477975256',4),
	 (12413,16,14,'85103004268',5),
	 (12069,19,14,'61710413633',6),
	 (11154,25,14,'29829251519',7),
	 (16178,39,14,'61710413633',8),
	 (3674,3,14,'17707391832',9),
	 (16239,36,14,'86180692739',10),
	 (12613,39,14,'04787110801',11),
	 (12125,25,14,'24513514216',12),
	 (17558,12,14,'19923928965',13),
	 (16280,43,14,'24393969108',14),
	 (12671,23,14,'76431120318',15),
	 (5985,37,14,'38740091214',16),
	 (23243,23,14,'64471128990',17),
	 (11284,13,14,'51008179761',18),
	 (10417,11,14,'56493082204',19),
	 (3021,7,14,'31532004501',20),
	 (22768,28,14,'11795968696',21),
	 (10819,38,14,'11795968696',22),
	 (32872,48,14,'82896307325',23),
	 (5179,5,14,'57532815130',24),
	 (15869,19,14,'83921388465',25),
	 (10946,19,14,'97481127987',26),
	 (24085,30,14,'89821355437',27),
	 (13222,17,14,'83227977470',28),
	 (20460,17,14,'20559867980',29),
	 (35728,49,14,'60148009591',30),
	 (4239,6,14,'53732444593',31),
	 (5038,11,14,'69606750259',32),
	 (8662,20,14,'21257928429',33),
	 (5145,10,14,'44532563434',34),
	 (2179,2,14,'17198233056',35),
	 (20477,37,14,'19923928965',36),
	 (6196,9,14,'58730751375',37),
	 (72474,143,14,'71002982790',38),
	 (12223,28,14,'57168870389',39),
	 (5915,11,14,'22839562594',40),
	 (8572,11,14,'86180692739',41),
	 (12231,40,14,'55670083503',42),
	 (9903,23,14,'59885136610',43),
	 (44009,53,14,'88644771238',44),
	 (7030,23,14,'95733152893',45),
	 (4015,6,14,'17707391832',46),
	 (5959,11,14,'87061732290',47),
	 (17448,27,14,'90544543752',48),
	 (20607,26,14,'07046021785',49),
	 (14465,18,14,'25428097043',50),
	 (6720,18,14,'50398894528',51),
	 (12183,38,14,'53037641837',52),
	 (16062,30,14,'05469513410',53),
	 (33825,36,14,'51900409814',54),
	 (24432,23,14,'03836985025',55),
	 (9166,22,14,'07046021785',56),
	 (6325,37,14,'43742434302',57),
	 (18475,35,14,'34519047121',58),
	 (11009,28,14,'83227977470',59),
	 (4997,28,14,'58098773221',60),
	 (11045,31,14,'47147250536',61),
	 (84202,107,14,'81738060810',62),
	 (18301,29,14,'83921388465',63),
	 (18926,30,14,'96719912081',64),
	 (8369,10,14,'84900355226',65),
	 (23836,43,14,'86419684507',66),
	 (9366,29,14,'83227977470',67),
	 (6566,13,14,'08546264050',68),
	 (11671,39,14,'45584340867',69),
	 (19375,27,14,'32930751868',70),
	 (7540,17,14,'07439307150',71),
	 (2334,6,14,'12049197584',72),
	 (7679,5,14,'53491779515',73),
	 (8783,33,14,'36499010360',74),
	 (10630,30,14,'84900355226',75),
	 (1507,3,15,'60200112736',1),
	 (16300,27,15,'34519047121',2),
	 (12297,31,15,'71267231159',3),
	 (21017,34,15,'55670083503',4),
	 (11441,18,15,'64344449801',5),
	 (10989,20,15,'43950822199',6),
	 (10769,25,15,'64471128990',7),
	 (11466,47,15,'01792532068',8),
	 (3317,4,15,'64429481554',9),
	 (16143,37,15,'67105094210',10),
	 (12442,39,15,'22216779509',11),
	 (11762,26,15,'48755077539',12),
	 (16915,13,15,'41565468954',13),
	 (15170,44,15,'83227977470',14),
	 (10337,26,15,'57532815130',15),
	 (4022,40,15,'05925042708',16),
	 (22624,24,15,'28792664137',17),
	 (10047,14,15,'24728213091',18),
	 (10023,11,15,'39912986227',19),
	 (2231,8,15,'77392892749',20),
	 (21137,30,15,'76948060150',21),
	 (8760,41,15,'16123837065',22),
	 (31118,52,15,'47106973485',23),
	 (5043,5,15,'08642200163',24),
	 (15276,20,15,'21783906804',25),
	 (10203,20,15,'85103004268',26),
	 (22484,30,15,'24101488897',27),
	 (11812,19,15,'79433850706',28),
	 (20361,16,15,'16123837065',29),
	 (33937,49,15,'32970293750',30),
	 (3981,6,15,'79424575754',31),
	 (4801,11,15,'41565468954',32),
	 (8277,20,15,'59885136610',33),
	 (3817,12,15,'54359768968',34),
	 (1987,2,15,'12678974107',35),
	 (19008,39,15,'98765981124',36),
	 (5943,9,15,'09659144390',37),
	 (59402,158,15,'24101488897',38),
	 (11980,28,15,'32970293750',39),
	 (5553,11,15,'95754720379',40),
	 (7733,13,15,'64694219136',41),
	 (11828,41,15,'92799638839',42),
	 (9169,24,15,'45342165526',43),
	 (37856,61,15,'20172253094',44),
	 (6833,23,15,'32787531790',45),
	 (3450,7,15,'24728213091',46),
	 (5457,12,15,'43950822199',47),
	 (15659,30,15,'90427886063',48),
	 (19797,25,15,'51900409814',49),
	 (12051,20,15,'09659144390',50),
	 (6248,19,15,'65246225270',51),
	 (11280,39,15,'90544543752',52),
	 (13588,33,15,'53718311094',53),
	 (32547,38,15,'60148009591',54),
	 (22940,25,15,'76431120318',55),
	 (8654,23,15,'47663389037',56),
	 (5475,38,15,'24393969108',57),
	 (17880,36,15,'21737244145',58),
	 (10330,28,15,'84477975256',59),
	 (4011,28,15,'07439307150',60),
	 (8637,34,15,'94679922593',61),
	 (79501,112,15,'46262685509',62),
	 (18178,29,15,'32970293750',63),
	 (18184,30,15,'84785347969',64),
	 (6357,13,15,'09842199930',65),
	 (18937,50,15,'89647339254',66),
	 (8926,29,15,'92799638839',67),
	 (6194,13,15,'05927029466',68),
	 (11566,39,15,'86180692739',69),
	 (18218,28,15,'07439307150',70),
	 (6154,19,15,'27831989869',71),
	 (2257,6,15,'41565468954',72),
	 (6839,6,15,'35992536483',73),
	 (7755,34,15,'94022970343',74),
	 (10361,31,15,'09842199930',75),
	 (1437,3,16,'32970293750',1),
	 (16265,28,16,'40665059662',2),
	 (10290,34,16,'96247578890',3),
	 (19619,35,16,'83227977470',4),
	 (11007,17,16,'80309999964',5),
	 (9951,20,16,'91788335614',6),
	 (9756,26,16,'19923928965',7),
	 (11114,46,16,'91788335614',8),
	 (3273,4,16,'20858714062',9),
	 (14570,40,16,'14735683652',10),
	 (11324,40,16,'21783906804',11),
	 (9154,29,16,'01792532068',12),
	 (15951,14,16,'94679922593',13),
	 (11193,49,16,'36776910863',14),
	 (9276,27,16,'87061732290',15),
	 (3056,41,16,'64344449801',16),
	 (22547,24,16,'98765981124',17),
	 (9987,14,16,'17707391832',18),
	 (9795,12,16,'09659144390',19),
	 (2216,8,16,'54444744881',20),
	 (20368,31,16,'20559867980',21),
	 (6781,43,16,'40825001571',22),
	 (30996,51,16,'53718311094',23),
	 (4851,6,16,'03836985025',24),
	 (11741,23,16,'32223224403',25),
	 (9466,21,16,'04973896544',26),
	 (22082,31,16,'63996261183',27),
	 (10736,19,16,'65104522615',28),
	 (19657,15,16,'84785347969',29),
	 (32925,51,16,'47663389037',30),
	 (3330,7,16,'58111280669',31),
	 (4706,11,16,'84408911752',32),
	 (6400,23,16,'57223912030',33),
	 (3089,13,16,'43950822199',34),
	 (1271,3,16,'32787531790',35),
	 (16244,41,16,'02881891722',36),
	 (4432,10,16,'94679922593',37),
	 (56204,164,16,'09766695951',38),
	 (10019,31,16,'81532124605',39),
	 (5155,12,16,'07046021785',40),
	 (7353,13,16,'45584340867',41),
	 (11399,41,16,'40825001571',42),
	 (7471,26,16,'98765981124',43),
	 (37437,61,16,'58733768944',44),
	 (6638,24,16,'13955119314',45),
	 (3362,7,16,'57532815130',46),
	 (3879,14,16,'91788335614',47),
	 (15329,30,16,'83921388465',48),
	 (13506,33,16,'73231801482',49),
	 (10312,22,16,'98765981124',50),
	 (5604,19,16,'32930751868',51),
	 (8847,42,16,'22839562594',52),
	 (7668,41,16,'09766695951',53),
	 (31506,41,16,'62557612265',54),
	 (22767,24,16,'24513514216',55),
	 (5342,27,16,'31334658562',56),
	 (5308,38,16,'64458587025',57),
	 (16930,37,16,'64563729248',58),
	 (10202,28,16,'79433850706',59),
	 (3321,30,16,'84154204515',60),
	 (6998,36,16,'86318981352',61),
	 (75709,119,16,'79122730934',62),
	 (16780,30,16,'32223224403',63),
	 (17377,31,16,'53491779515',64),
	 (5903,14,16,'95754720379',65),
	 (17994,50,16,'89821355437',66),
	 (7861,31,16,'64458587025',67),
	 (5815,14,16,'40665059662',68),
	 (11168,39,16,'92388962418',69),
	 (15053,31,16,'58098773221',70),
	 (5908,19,16,'81738060810',71),
	 (2024,6,16,'02881891722',72),
	 (4558,9,16,'08546264050',73),
	 (7272,35,16,'16123837065',74),
	 (8690,32,16,'95754720379',75),
	 (1341,3,17,'97766754022',1),
	 (14867,30,17,'84785347969',2),
	 (10262,33,17,'53037641837',3),
	 (17555,39,17,'27956586401',4),
	 (6597,23,17,'32141498368',5),
	 (9026,22,17,'59610641761',6),
	 (9067,27,17,'95733152893',7),
	 (11093,47,17,'64429481554',8),
	 (3050,4,17,'43183270005',9),
	 (12649,42,17,'71002982790',10),
	 (10672,41,17,'95754720379',11),
	 (8496,30,17,'76431120318',12),
	 (11846,19,17,'17198233056',13),
	 (10032,51,17,'65104522615',14),
	 (8678,28,17,'24513514216',15),
	 (2978,41,17,'81738060810',16),
	 (19930,28,17,'12049197584',17),
	 (9944,16,17,'76431120318',18),
	 (6945,15,17,'98765981124',19),
	 (924,10,17,'56108026118',20),
	 (20071,31,17,'02430851118',21),
	 (6486,44,17,'65365309683',22),
	 (26730,56,17,'64632759079',23),
	 (4569,6,17,'17951957771',24),
	 (9350,27,17,'84789812534',25),
	 (7960,23,17,'50398894528',26),
	 (21782,32,17,'06523405594',27),
	 (7491,25,17,'55670083503',28),
	 (19145,16,17,'65104522615',29),
	 (31053,53,17,'87587933669',30),
	 (3210,7,17,'02462202476',31),
	 (4608,11,17,'49506615143',32),
	 (6069,23,17,'14229970948',33),
	 (2147,14,17,'52330144383',34),
	 (881,4,17,'95733152893',35),
	 (14476,45,17,'41565468954',36),
	 (3081,12,17,'41565468954',37),
	 (55981,162,17,'72381371935',38),
	 (9284,32,17,'84789812534',39),
	 (4070,13,17,'71267231159',40),
	 (5240,17,17,'28860772200',41),
	 (10718,42,17,'36499010360',42),
	 (7209,26,17,'75835056316',43),
	 (37129,61,17,'16788776889',44),
	 (6600,24,17,'05089891441',45),
	 (3131,7,17,'03836985025',46),
	 (2056,16,17,'68096252401',47),
	 (14145,32,17,'53037641837',48),
	 (8942,39,17,'57168870389',49),
	 (9433,24,17,'19923928965',50),
	 (4709,21,17,'80309999964',51),
	 (8004,42,17,'04787110801',52),
	 (6986,42,17,'72381371935',53),
	 (31222,41,17,'31334658562',54),
	 (21915,26,17,'10484664237',55),
	 (5227,27,17,'60200112736',56),
	 (5260,38,17,'84785347969',57),
	 (15746,38,17,'73595595249',58),
	 (9141,29,17,'40665059662',59),
	 (3229,30,17,'41751788791',60),
	 (6290,37,17,'84408911752',61),
	 (72286,121,17,'07439307150',62),
	 (15358,32,17,'90427886063',63),
	 (16923,32,17,'40665059662',64),
	 (5518,14,17,'95251865420',65),
	 (16919,52,17,'77392892749',66),
	 (7523,32,17,'20559867980',67),
	 (5600,13,17,'64458587025',68),
	 (10627,41,17,'64632759079',69),
	 (13768,33,17,'80309999964',70),
	 (4690,21,17,'46262685509',71),
	 (1936,6,17,'49506615143',72),
	 (4484,9,17,'05927029466',73),
	 (6889,35,17,'96719912081',74),
	 (7835,34,17,'71267231159',75),
	 (934,4,18,'47663389037',1),
	 (11978,34,18,'16123837065',2),
	 (8291,36,18,'28960388271',3),
	 (13523,44,18,'35992536483',4),
	 (5980,24,18,'57249720991',5),
	 (8319,23,18,'08408551342',6),
	 (7955,29,18,'49506615143',7),
	 (8185,50,18,'08408551342',8),
	 (2444,5,18,'24513514216',9),
	 (11699,43,18,'89821355437',10),
	 (8561,44,18,'87587933669',11),
	 (7690,31,18,'17951957771',12),
	 (11756,19,18,'58730751375',13),
	 (5647,57,18,'94391849600',14),
	 (8040,29,18,'45042098931',15),
	 (2765,41,18,'52593162540',16),
	 (19318,28,18,'49506615143',17),
	 (9533,16,18,'52330144383',18),
	 (5323,17,18,'98442863321',19),
	 (894,10,18,'09123941774',20),
	 (17073,35,18,'73595595249',21),
	 (6095,44,18,'09103781439',22),
	 (25934,56,18,'02409986414',23),
	 (3763,7,18,'14087542556',24),
	 (8712,28,18,'07046021785',25),
	 (7374,24,18,'05925042708',26),
	 (20652,33,18,'09766695951',27),
	 (6880,25,18,'76948060150',28),
	 (18060,19,18,'40825001571',29),
	 (28598,57,18,'84900355226',30),
	 (3067,7,18,'65726202777',31),
	 (4564,11,18,'09659144390',32),
	 (4294,26,18,'75835056316',33),
	 (2019,14,18,'91788335614',34),
	 (859,4,18,'47147250536',35),
	 (11641,48,18,'29829251519',36),
	 (1961,13,18,'95789434059',37),
	 (55706,165,18,'10720885907',38),
	 (8296,34,18,'04787110801',39),
	 (3087,14,18,'73231801482',40),
	 (4867,16,18,'86419684507',41),
	 (9419,43,18,'46611582644',42),
	 (6872,27,18,'12678974107',43),
	 (36193,63,18,'77392892749',44),
	 (4830,26,18,'94679922593',45),
	 (3108,7,18,'10484664237',46),
	 (1750,17,18,'52462956406',47),
	 (12604,34,18,'57168870389',48),
	 (8350,40,18,'06962474111',49),
	 (7689,26,18,'06066945438',50),
	 (4661,21,18,'81738060810',51),
	 (6615,44,18,'62446775808',52),
	 (5363,44,18,'71002982790',53),
	 (29563,42,18,'57168870389',54),
	 (17985,30,18,'38764382864',55),
	 (5036,27,18,'53037641837',56),
	 (5236,38,18,'40665059662',57),
	 (13077,41,18,'43742434302',58),
	 (8716,29,18,'92799638839',59),
	 (3226,30,18,'27831989869',60),
	 (3915,40,18,'56493082204',61),
	 (70024,126,18,'79424575754',62),
	 (9752,40,18,'31334658562',63),
	 (16248,33,18,'73595595249',64),
	 (4556,15,18,'40726092721',65),
	 (12027,59,18,'88549333356',66),
	 (6770,32,18,'53491779515',67),
	 (5214,14,18,'53491779515',68),
	 (8595,43,18,'14735683652',69),
	 (13737,33,18,'79122730934',70),
	 (4155,22,18,'04973896544',71),
	 (1689,7,18,'95733152893',72),
	 (3124,11,18,'40825001571',73),
	 (6159,36,18,'83227977470',74),
	 (6965,35,18,'32223224403',75),
	 (890,4,19,'84789812534',1),
	 (11974,33,19,'05927029466',2),
	 (6304,39,19,'24341352367',3),
	 (12928,44,19,'76948060150',4),
	 (5636,25,19,'79122730934',5),
	 (7661,24,19,'17034986935',6),
	 (5852,31,19,'94679922593',7),
	 (8131,50,19,'24513514216',8),
	 (2327,5,19,'68096252401',9),
	 (11546,43,19,'64632759079',10),
	 (4494,49,19,'84789812534',11),
	 (7466,31,19,'52462956406',12),
	 (10857,21,19,'31872687857',13),
	 (5376,57,19,'40665059662',14),
	 (7264,30,19,'17707391832',15),
	 (2618,42,19,'58098773221',16),
	 (18346,29,19,'47147250536',17),
	 (9117,16,19,'91788335614',18),
	 (5152,17,19,'31872687857',19),
	 (882,10,19,'64632759079',20),
	 (14299,39,19,'21737244145',21),
	 (6067,44,19,'65104522615',22),
	 (24673,59,19,'77392892749',23),
	 (2519,9,19,'45042098931',24),
	 (6816,30,19,'90427886063',25),
	 (4616,27,19,'49594310313',26),
	 (19846,34,19,'64694219136',27),
	 (6279,26,19,'94022970343',28),
	 (17423,20,19,'09252674431',29),
	 (19723,68,19,'95754720379',30),
	 (3033,7,19,'49594310313',31),
	 (2976,13,19,'94180116196',32),
	 (3974,26,19,'86318981352',33),
	 (1719,15,19,'88266193612',34),
	 (855,4,19,'69606750259',35),
	 (11473,49,19,'57223912030',36),
	 (1424,14,19,'05089891441',37),
	 (38599,185,19,'88644771238',38),
	 (6974,35,19,'83921388465',39),
	 (2891,14,19,'51900409814',40),
	 (3574,18,19,'58733768944',41),
	 (7508,47,19,'27956586401',42),
	 (5462,29,19,'95789434059',43),
	 (28559,73,19,'89647339254',44),
	 (4780,26,19,'98442863321',45),
	 (2545,8,19,'48755077539',46),
	 (1586,17,19,'14087542556',47),
	 (12353,34,19,'95754720379',48),
	 (8275,41,19,'22216779509',49),
	 (5787,28,19,'75835056316',50),
	 (4249,22,19,'62359984238',51),
	 (6578,45,19,'09842199930',52),
	 (5265,44,19,'63996261183',53),
	 (24775,48,19,'22216779509',54),
	 (16282,33,19,'61710413633',55),
	 (4824,28,19,'90427886063',56),
	 (5020,38,19,'40825001571',57),
	 (12815,41,19,'50728197047',58),
	 (8693,30,19,'36499010360',59),
	 (2912,30,19,'58507214561',60),
	 (3739,40,19,'95789434059',61),
	 (63997,132,19,'35295677760',62),
	 (9111,41,19,'47663389037',63),
	 (11605,39,19,'34519047121',64),
	 (4529,15,19,'47663389037',65),
	 (10498,60,19,'53718311094',66),
	 (5518,34,19,'76948060150',67),
	 (4910,15,19,'94022970343',68),
	 (8338,43,19,'58733768944',69),
	 (9836,39,19,'30663408624',70),
	 (4060,22,19,'58507214561',71),
	 (1511,7,19,'39912986227',72),
	 (2971,11,19,'27956586401',73),
	 (5349,37,19,'09103781439',74),
	 (5585,37,19,'62557612265',75),
	 (856,4,20,'40726092721',1),
	 (10615,35,20,'50728197047',2),
	 (2340,44,20,'06962474111',3),
	 (9964,49,20,'92799638839',4),
	 (5427,25,20,'61482107951',5),
	 (4462,28,20,'52330144383',6),
	 (5003,33,20,'25428097043',7),
	 (7837,51,20,'14087542556',8),
	 (2045,5,20,'08642200163',9),
	 (11206,43,20,'88549333356',10),
	 (3734,50,20,'60148009591',11),
	 (7235,31,20,'38764382864',12),
	 (10587,21,20,'41243450595',13),
	 (4074,58,20,'34954677327',14),
	 (5504,32,20,'53454289204',15),
	 (2491,42,20,'04973896544',16),
	 (16958,32,20,'86318981352',17),
	 (8933,16,20,'31679759461',18),
	 (4778,18,20,'32787531790',19),
	 (859,10,20,'05469513410',20),
	 (14014,39,20,'36776910863',21),
	 (5184,45,20,'83227977470',22),
	 (24129,59,20,'72381371935',23),
	 (2394,9,20,'91788335614',24),
	 (5605,32,20,'51900409814',25),
	 (3682,28,20,'46624031437',26),
	 (19070,34,20,'72381371935',27),
	 (4623,28,20,'46611582644',28),
	 (17152,20,20,'36776910863',29),
	 (18671,69,20,'11962790867',30),
	 (2176,8,20,'81738060810',31),
	 (2874,13,20,'90965848321',32),
	 (1654,29,20,'31872687857',33),
	 (1651,15,20,'26222584584',34),
	 (643,4,20,'25428097043',35),
	 (8930,51,20,'90965848321',36),
	 (826,15,20,'49506615143',37),
	 (29809,197,20,'73739497423',38),
	 (6002,36,20,'09842199930',39),
	 (2669,15,20,'04787110801',40),
	 (1806,21,20,'72381371935',41),
	 (7312,46,20,'65365309683',42),
	 (5460,29,20,'05089891441',43),
	 (28240,73,20,'64632759079',44),
	 (2500,29,20,'86318981352',45),
	 (2453,8,20,'60715956297',46),
	 (1508,17,20,'03836985025',47),
	 (11964,35,20,'12346466261',48),
	 (5504,44,20,'71267231159',49),
	 (3904,31,20,'12049197584',50),
	 (3039,23,20,'97481127987',51),
	 (2520,50,20,'01265247113',52),
	 (5119,44,20,'56108026118',53),
	 (24056,48,20,'22839562594',54),
	 (13074,37,20,'91788335614',55),
	 (3168,30,20,'00274830455',56),
	 (4578,39,20,'79522620556',57),
	 (10396,45,20,'94391849600',58),
	 (6922,32,20,'09103781439',59),
	 (1441,32,20,'50398894528',60),
	 (2856,41,20,'49506615143',61),
	 (51184,151,20,'69330123247',62),
	 (5700,45,20,'06962474111',63),
	 (10834,40,20,'79433850706',64),
	 (3708,16,20,'87587933669',65),
	 (10076,61,20,'62656854883',66),
	 (4773,35,20,'65104522615',67),
	 (4379,16,20,'27956586401',68),
	 (7900,43,20,'88644771238',69),
	 (8589,40,20,'81738060810',70),
	 (2798,23,20,'79122730934',71),
	 (1510,7,20,'98765981124',72),
	 (2800,11,20,'65365309683',73),
	 (3995,39,20,'73595595249',74),
	 (5098,37,20,'22216779509',75),
	 (753,4,21,'62446775808',1),
	 (8411,38,21,'46611582644',2),
	 (877,46,21,'73231801482',3),
	 (5820,53,21,'09103781439',4),
	 (4979,26,21,'49594310313',5),
	 (2478,31,21,'10484664237',6),
	 (4074,33,21,'47147250536',7),
	 (3783,56,21,'57532815130',8),
	 (1364,6,21,'03836985025',9),
	 (9233,46,21,'10720885907',10),
	 (3302,51,21,'01265247113',11),
	 (5780,34,21,'20858714062',12),
	 (8948,23,21,'09659144390',13),
	 (4028,59,21,'73595595249',14),
	 (4985,32,21,'44532563434',15),
	 (2347,42,21,'97481127987',16),
	 (16887,32,21,'31872687857',17),
	 (8564,17,21,'14087542556',18),
	 (2238,21,21,'17198233056',19),
	 (718,10,21,'68855275675',20),
	 (11349,43,21,'09252674431',21),
	 (4147,46,21,'53491779515',22),
	 (23038,60,21,'16788776889',23),
	 (2275,9,21,'26222584584',24),
	 (4578,33,21,'96247578890',25),
	 (3143,29,21,'30663408624',26),
	 (15006,40,21,'09123941774',27),
	 (4595,28,21,'84477975256',28),
	 (13236,25,21,'84477975256',29),
	 (17929,71,21,'83921388465',30),
	 (2147,8,21,'64344449801',31),
	 (1653,15,21,'29829251519',32),
	 (1385,29,21,'39912986227',33),
	 (1635,15,21,'14674578557',34),
	 (0,5,21,'98442863321',35),
	 (4983,56,21,'98442863321',36),
	 (805,15,21,'56493082204',37),
	 (17693,212,21,'20172253094',38),
	 (4691,38,21,'06962474111',39),
	 (2581,15,21,'09842199930',40),
	 (1505,21,21,'05469513410',41),
	 (4823,50,21,'50728197047',42),
	 (1546,34,21,'90965848321',43),
	 (25797,76,21,'89821355437',44),
	 (2267,29,21,'31872687857',45),
	 (2289,8,21,'17034986935',46),
	 (1428,17,21,'54359768968',47),
	 (7972,40,21,'62446775808',48),
	 (4532,45,21,'84789812534',49),
	 (3338,32,21,'44304014611',50),
	 (2957,23,21,'38740091214',51),
	 (2285,50,21,'65045960241',52),
	 (3826,46,21,'10720885907',53),
	 (22902,51,21,'73231801482',54),
	 (11109,40,21,'59610641761',55),
	 (1783,32,21,'01265247113',56),
	 (3697,40,21,'55670083503',57),
	 (10354,45,21,'40665059662',58),
	 (5465,34,21,'09252674431',59),
	 (1399,32,21,'64344449801',60),
	 (2084,42,21,'02881891722',61),
	 (31118,175,21,'49594310313',62),
	 (5449,45,21,'95251865420',63),
	 (7987,44,21,'64458587025',64),
	 (1408,19,21,'71267231159',65),
	 (8249,63,21,'14735683652',66),
	 (4626,35,21,'35992536483',67),
	 (4133,16,21,'09103781439',68),
	 (6304,46,21,'86419684507',69),
	 (6984,42,21,'17956147941',70),
	 (1871,25,21,'32930751868',71),
	 (1393,7,21,'44304014611',72),
	 (1709,13,21,'84477975256',73),
	 (3319,40,21,'11795968696',74),
	 (2580,41,21,'51900409814',75),
	 (0,5,22,'01265247113',1),
	 (3223,45,22,'53491779515',2),
	 (755,46,22,'11962790867',3),
	 (5518,54,22,'09067876021',4),
	 (4354,26,22,'84154204515',5),
	 (1405,32,22,'48755077539',6),
	 (3749,34,22,'59885136610',7),
	 (1483,59,22,'08642200163',8),
	 (1359,6,22,'43950822199',9),
	 (8853,47,22,'54444744881',10),
	 (3094,51,22,'06962474111',11),
	 (3754,36,22,'59610641761',12),
	 (8261,23,22,'98442863321',13),
	 (3862,59,22,'96719912081',14),
	 (2365,36,22,'48755077539',15),
	 (2109,42,22,'46624031437',16),
	 (6289,45,22,'14229970948',17),
	 (7232,19,22,'61710413633',18),
	 (2094,21,22,'49506615143',19),
	 (616,10,22,'06523405594',20),
	 (6110,49,22,'34954677327',21),
	 (4082,47,22,'73595595249',22),
	 (19798,65,22,'09766695951',23),
	 (1552,10,22,'17707391832',24),
	 (2552,36,22,'60148009591',25),
	 (1443,31,22,'62359984238',26),
	 (12206,43,22,'88549333356',27),
	 (2661,31,22,'34519047121',28),
	 (12410,26,22,'05927029466',29),
	 (10686,80,22,'90427886063',30),
	 (2091,8,22,'84154204515',31),
	 (795,16,22,'28792664137',32),
	 (0,31,22,'41565468954',33),
	 (933,16,22,'24513514216',34),
	 (0,5,22,'95789434059',35),
	 (4821,56,22,'17198233056',36),
	 (666,15,22,'84408911752',37),
	 (10445,222,22,'63996261183',38),
	 (4249,38,22,'22839562594',39),
	 (2403,15,22,'84900355226',40),
	 (647,22,22,'53718311094',41),
	 (4368,50,22,'79522620556',42),
	 (926,35,22,'84408911752',43),
	 (13796,92,22,'28860772200',44),
	 (2035,29,22,'14229970948',45),
	 (2186,8,22,'08642200163',46),
	 (918,18,22,'24728213091',47),
	 (7828,40,22,'07046021785',48),
	 (4164,45,22,'32970293750',49),
	 (2417,33,22,'02881891722',50),
	 (2227,24,22,'58507214561',51),
	 (1785,51,22,'96247578890',52),
	 (3639,46,22,'77392892749',53),
	 (19433,55,22,'65045960241',54),
	 (9601,42,22,'24728213091',55),
	 (1629,32,22,'11962790867',56),
	 (3072,41,22,'20559867980',57),
	 (5680,50,22,'53491779515',58),
	 (3241,37,22,'94022970343',59),
	 (925,33,22,'49594310313',60),
	 (930,44,22,'98765981124',61),
	 (24539,183,22,'80269687161',62),
	 (5004,46,22,'22839562594',63),
	 (6322,46,22,'11795968696',64),
	 (752,20,22,'62446775808',65),
	 (7738,63,22,'71002982790',66),
	 (3051,37,22,'73595595249',67),
	 (4058,16,22,'73595595249',68),
	 (5783,47,22,'67105094210',69),
	 (5953,43,22,'38740091214',70),
	 (889,26,22,'97481127987',71),
	 (830,8,22,'32787531790',72),
	 (1593,13,22,'96719912081',73),
	 (2459,41,22,'02430851118',74),
	 (2153,41,22,'60148009591',75),
	 (0,5,23,'81532124605',1),
	 (1738,47,23,'64563729248',2),
	 (603,46,23,'60200112736',3),
	 (3875,56,23,'05927029466',4),
	 (3291,28,23,'58098773221',5),
	 (1266,32,23,'44532563434',6),
	 (3263,35,23,'28792664137',7),
	 (0,61,23,'60715956297',8),
	 (851,7,23,'59610641761',9),
	 (4829,52,23,'88644771238',10),
	 (1542,53,23,'57168870389',11),
	 (1509,39,23,'24728213091',12),
	 (1720,33,23,'86318981352',13),
	 (728,63,23,'50728197047',14),
	 (2162,36,23,'43950822199',15),
	 (1485,43,23,'58111280669',16),
	 (3992,48,23,'12678974107',17),
	 (869,27,23,'68096252401',18),
	 (0,24,23,'12049197584',19),
	 (0,11,23,'63996261183',20),
	 (5855,50,23,'84785347969',21),
	 (3628,47,23,'84785347969',22),
	 (3192,86,23,'20172253094',23),
	 (1448,10,23,'76431120318',24),
	 (2223,36,23,'22216779509',25),
	 (0,33,23,'81738060810',26),
	 (4752,53,23,'58733768944',27),
	 (832,33,23,'27956586401',28),
	 (11826,26,23,'24393969108',29),
	 (3758,89,23,'01265247113',30),
	 (1598,9,23,'97481127987',31),
	 (0,17,23,'21257928429',32),
	 (0,31,23,'58730751375',33),
	 (719,16,23,'51008179761',34),
	 (0,5,23,'39912986227',35),
	 (4507,57,23,'59885136610',36),
	 (651,15,23,'98442863321',37),
	 (9887,223,23,'02409986414',38),
	 (3991,39,23,'65045960241',39),
	 (0,18,23,'47663389037',40),
	 (0,23,23,'64632759079',41),
	 (1577,54,23,'65104522615',42),
	 (669,35,23,'98442863321',43),
	 (12998,93,23,'82896307325',44),
	 (1576,30,23,'45342165526',45),
	 (0,11,23,'43183270005',46),
	 (763,18,23,'43183270005',47),
	 (3270,46,23,'04787110801',48),
	 (920,50,23,'83921388465',49),
	 (2261,33,23,'86318981352',50),
	 (646,26,23,'58111280669',51),
	 (1763,51,23,'60148009591',52),
	 (2361,48,23,'58733768944',53),
	 (14040,62,23,'32223224403',54),
	 (7805,44,23,'52330144383',55),
	 (685,33,23,'51900409814',56),
	 (1778,43,23,'65365309683',57),
	 (4747,52,23,'65104522615',58),
	 (1662,39,23,'34519047121',59),
	 (0,34,23,'46624031437',60),
	 (631,44,23,'12049197584',61),
	 (23154,185,23,'65726202777',62),
	 (3630,47,23,'24341352367',63),
	 (5560,46,23,'08546264050',64),
	 (667,20,23,'81532124605',65),
	 (2273,71,23,'10133506019',66),
	 (1487,39,23,'84785347969',67),
	 (1784,19,23,'84785347969',68),
	 (634,53,23,'16788776889',69),
	 (4507,45,23,'97481127987',70),
	 (886,26,23,'45688062825',71),
	 (650,8,23,'28792664137',72),
	 (1488,13,23,'76948060150',73),
	 (1843,42,23,'46611582644',74),
	 (1372,42,23,'21783906804',75),
	 (0,5,24,'09842199930',1),
	 (1490,47,24,'35992536483',2),
	 (0,47,24,'32970293750',3),
	 (1699,59,24,'94022970343',4),
	 (1609,30,24,'02462202476',5),
	 (0,34,24,'57532815130',6),
	 (2966,35,24,'44304014611',7),
	 (0,61,24,'17707391832',8),
	 (0,8,24,'14087542556',9),
	 (878,57,24,'05469513410',10),
	 (0,55,24,'12346466261',11),
	 (799,40,24,'31679759461',12),
	 (1651,33,24,'21257928429',13),
	 (0,64,24,'46611582644',14),
	 (1389,37,24,'51008179761',15),
	 (688,44,24,'49594310313',16),
	 (0,53,24,'98442863321',17),
	 (844,27,24,'17951957771',18),
	 (0,24,24,'14229970948',19),
	 (0,11,24,'20172253094',20),
	 (2436,54,24,'84477975256',21),
	 (1810,50,24,'34519047121',22),
	 (0,90,24,'73739497423',23),
	 (930,11,24,'61710413633',24),
	 (898,38,24,'95754720379',25),
	 (0,33,24,'61482107951',26),
	 (1626,57,24,'14735683652',27),
	 (770,33,24,'50728197047',28),
	 (6086,34,24,'50728197047',29),
	 (1678,92,24,'51900409814',30),
	 (0,11,24,'35295677760',31),
	 (0,17,24,'86318981352',32),
	 (0,31,24,'95789434059',33),
	 (0,17,24,'17034986935',34),
	 (0,5,24,'12049197584',35),
	 (0,63,24,'94180116196',36),
	 (0,16,24,'90965848321',37),
	 (8983,224,24,'05469513410',38),
	 (654,43,24,'21783906804',39),
	 (0,18,24,'24341352367',40),
	 (0,23,24,'77392892749',41),
	 (747,55,24,'43742434302',42),
	 (606,35,24,'21257928429',43),
	 (1514,108,24,'10720885907',44),
	 (1353,30,24,'49506615143',45),
	 (0,11,24,'24513514216',46),
	 (0,19,24,'64429481554',47),
	 (2256,47,24,'32970293750',48),
	 (783,50,24,'90427886063',49),
	 (909,35,24,'39912986227',50),
	 (0,27,24,'57249720991',51),
	 (0,53,24,'60200112736',52),
	 (1500,49,24,'92388962418',53),
	 (0,80,24,'09842199930',54),
	 (833,53,24,'26222584584',55),
	 (0,34,24,'09842199930',56),
	 (1471,43,24,'53491779515',57),
	 (3542,53,24,'40825001571',58),
	 (0,41,24,'35992536483',59),
	 (0,34,24,'80269687161',60),
	 (0,45,24,'41565468954',61),
	 (10151,201,24,'53732444593',62),
	 (918,51,24,'22216779509',63),
	 (3887,49,24,'46611582644',64),
	 (651,20,24,'97766754022',65),
	 (1698,72,24,'09123941774',66),
	 (821,40,24,'79522620556',67),
	 (0,21,24,'36499010360',68),
	 (0,54,24,'88549333356',69),
	 (0,51,24,'45688062825',70),
	 (0,27,24,'02462202476',71),
	 (0,9,24,'17198233056',72),
	 (0,15,24,'34954677327',73),
	 (1625,42,24,'84785347969',74),
	 (0,44,24,'24341352367',75);
